Mono path[0] = 'C:/Program Files (x86)/Steam/steamapps/common/RimWorld/RimWorldWin64_Data/Managed'
Mono config path = 'C:/Program Files (x86)/Steam/steamapps/common/RimWorld/MonoBleedingEdge/etc'
[PhysX] Initialized MultithreadedTaskDispatcher with 20 workers.
Initialize engine version: 2022.3.35f1 (011206c7a712)
[Subsystems] Discovering subsystems at path C:/Program Files (x86)/Steam/steamapps/common/RimWorld/RimWorldWin64_Data/UnitySubsystems
GfxDevice: creating device client; threaded=1; jobified=0
Direct3D:
    Version:  Direct3D 11.0 [level 11.1]
    Renderer: Intel(R) Iris(R) Xe Graphics (ID=0x46a6)
    Vendor:   Intel
    VRAM:     8055 MB
    Driver:   31.0.101.3358
Begin MonoManager ReloadAssembly
- Loaded All Assemblies, in  6.648 seconds
- Finished resetting the current domain, in  0.004 seconds
<RI> Initializing input.
<RI> Input initialized.
<RI> Initialized touch support.
[PhysX] Initialized MultithreadedTaskDispatcher with 20 workers.
UnloadTime: 5.019900 ms
Command line arguments: -disable-compute-shaders
RimWorld 1.6.4871 rev591
Mod Undead Can Learn - A RimWorld of Magic Patch dependency (torann.arimworldofmagic) needs to have <downloadUrl> and/or <steamWorkshopUrl> specified.
Mod Undead Can Learn - A RimWorld of Magic Patch dependency (brrainz.harmony) needs to have <downloadUrl> and/or <steamWorkshopUrl> specified.
Exception parsing <authors>Micharduio</authors> to type System.Collections.Generic.List`1[System.String]: System.ArgumentException: Exception parsing System.Collections.Generic.List`1[System.String] from "Micharduio" ---> System.ArgumentException: Trying to parse to unknown data type List`1. Content is 'Micharduio'.
  at Verse.ParseHelper.FromString (System.String str, System.Type itemType) [0x0014c] in <61e4173561894da49d210260257b5097>:0 
   --- End of inner exception stack trace ---
  at Verse.ParseHelper.FromString (System.String str, System.Type itemType) [0x00192] in <61e4173561894da49d210260257b5097>:0 
  at Verse.ParseHelper.FromString[T] (System.String str) [0x00011] in <61e4173561894da49d210260257b5097>:0 
  at Verse.DirectXmlToObject.ObjectFromXml[T] (System.Xml.XmlNode xmlRoot, System.Boolean doPostLoad) [0x001af] in <61e4173561894da49d210260257b5097>:0 
Exception loading from System.Xml.XmlElement: System.MissingMethodException: Default constructor not found for type System.String
  at System.RuntimeType.CreateInstanceMono (System.Boolean nonPublic, System.Boolean wrapExceptions) [0x00076] in <51fded79cd284d4d911c5949aff4cb21>:0 
  at System.RuntimeType.CreateInstanceSlow (System.Boolean publicOnly, System.Boolean wrapExceptions, System.Boolean skipCheckThis, System.Boolean fillCache) [0x00009] in <51fded79cd284d4d911c5949aff4cb21>:0 
  at System.RuntimeType.CreateInstanceDefaultCtor (System.Boolean publicOnly, System.Boolean skipCheckThis, System.Boolean fillCache, System.Boolean wrapExceptions, System.Threading.StackCrawlMark& stackMark) [0x00027] in <51fded79cd284d4d911c5949aff4cb21>:0 
  at System.Activator.CreateInstance (System.Type type, System.Boolean nonPublic, System.Boolean wrapExceptions) [0x00020] in <51fded79cd284d4d911c5949aff4cb21>:0 
  at System.Activator.CreateInstance (System.Type type, System.Boolean nonPublic) [0x00000] in <51fded79cd284d4d911c5949aff4cb21>:0 
  at System.Activator.CreateInstance (System.Type type) [0x00000] in <51fded79cd284d4d911c5949aff4cb21>:0 
  at Verse.DirectXmlToObject.ObjectFromXml[T] (System.Xml.XmlNode xmlRoot, System.Boolean doPostLoad) [0x0045c] in <61e4173561894da49d210260257b5097>:0 
  at Verse.DirectXmlToObject.ObjectFromXmlReflection[T] (System.Xml.XmlNode xmlRoot, System.Boolean doPostLoad) [0x00000] in <61e4173561894da49d210260257b5097>:0 
  at Verse.DirectXmlToObject.ObjectFromXml[T] (System.Xml.XmlNode xmlRoot, System.Boolean doPostLoad) [0x0060e] in <61e4173561894da49d210260257b5097>:0 
Exception loading from System.Xml.XmlElement: System.MissingMethodException: Default constructor not found for type System.String
  at System.RuntimeType.CreateInstanceMono (System.Boolean nonPublic, System.Boolean wrapExceptions) [0x00076] in <51fded79cd284d4d911c5949aff4cb21>:0 
  at System.RuntimeType.CreateInstanceSlow (System.Boolean publicOnly, System.Boolean wrapExceptions, System.Boolean skipCheckThis, System.Boolean fillCache) [0x00009] in <51fded79cd284d4d911c5949aff4cb21>:0 
  at System.RuntimeType.CreateInstanceDefaultCtor (System.Boolean publicOnly, System.Boolean skipCheckThis, System.Boolean fillCache, System.Boolean wrapExceptions, System.Threading.StackCrawlMark& stackMark) [0x00027] in <51fded79cd284d4d911c5949aff4cb21>:0 
  at System.Activator.CreateInstance (System.Type type, System.Boolean nonPublic, System.Boolean wrapExceptions) [0x00020] in <51fded79cd284d4d911c5949aff4cb21>:0 
  at System.Activator.CreateInstance (System.Type type, System.Boolean nonPublic) [0x00000] in <51fded79cd284d4d911c5949aff4cb21>:0 
  at System.Activator.CreateInstance (System.Type type) [0x00000] in <51fded79cd284d4d911c5949aff4cb21>:0 
  at Verse.DirectXmlToObject.ObjectFromXml[T] (System.Xml.XmlNode xmlRoot, System.Boolean doPostLoad) [0x0045c] in <61e4173561894da49d210260257b5097>:0 
  at Verse.DirectXmlToObject.ObjectFromXmlReflection[T] (System.Xml.XmlNode xmlRoot, System.Boolean doPostLoad) [0x00000] in <61e4173561894da49d210260257b5097>:0 
  at Verse.DirectXmlToObject.ObjectFromXml[T] (System.Xml.XmlNode xmlRoot, System.Boolean doPostLoad) [0x0060e] in <61e4173561894da49d210260257b5097>:0 
XML Verse.ModDependency defines the same field twice: packageId.

Field contents: Sov.OrcNormal.

Whole XML:

<li><packageId>Ludeon.RimWorld.Biotech</packageId><displayName>Biotech</displayName><steamWorkshopUrl>https://store.steampowered.com/app/1826140/RimWorld__Biotech/</steamWorkshopUrl><packageId>Sov.OrcNormal</packageId><displayName>Orc Xenotype</displayName><steamWorkshopUrl>https://steamcommunity.com/sharedfiles/filedetails/?id=3007127191</steamWorkshopUrl></li>
XML Verse.ModDependency defines the same field twice: displayName.

Field contents: Orc Xenotype.

Whole XML:

<li><packageId>Ludeon.RimWorld.Biotech</packageId><displayName>Biotech</displayName><steamWorkshopUrl>https://store.steampowered.com/app/1826140/RimWorld__Biotech/</steamWorkshopUrl><packageId>Sov.OrcNormal</packageId><displayName>Orc Xenotype</displayName><steamWorkshopUrl>https://steamcommunity.com/sharedfiles/filedetails/?id=3007127191</steamWorkshopUrl></li>
XML Verse.ModDependency defines the same field twice: steamWorkshopUrl.

Field contents: https://steamcommunity.com/sharedfiles/filedetails/?id=3007127191.

Whole XML:

<li><packageId>Ludeon.RimWorld.Biotech</packageId><displayName>Biotech</displayName><steamWorkshopUrl>https://store.steampowered.com/app/1826140/RimWorld__Biotech/</steamWorkshopUrl><packageId>Sov.OrcNormal</packageId><displayName>Orc Xenotype</displayName><steamWorkshopUrl>https://steamcommunity.com/sharedfiles/filedetails/?id=3007127191</steamWorkshopUrl></li>
Tried loading mod with the same packageId multiple times: ravvy.DD.Void.Addon. Ignoring the duplicates.
C:\Program Files (x86)\Steam\steamapps\workshop\content\294100\2185295561
C:\Program Files (x86)\Steam\steamapps\workshop\content\294100\3349058179
Exception loading from System.Xml.XmlElement: System.MissingMethodException: Default constructor not found for type System.String
  at System.RuntimeType.CreateInstanceMono (System.Boolean nonPublic, System.Boolean wrapExceptions) [0x00076] in <51fded79cd284d4d911c5949aff4cb21>:0 
  at System.RuntimeType.CreateInstanceSlow (System.Boolean publicOnly, System.Boolean wrapExceptions, System.Boolean skipCheckThis, System.Boolean fillCache) [0x00009] in <51fded79cd284d4d911c5949aff4cb21>:0 
  at System.RuntimeType.CreateInstanceDefaultCtor (System.Boolean publicOnly, System.Boolean skipCheckThis, System.Boolean fillCache, System.Boolean wrapExceptions, System.Threading.StackCrawlMark& stackMark) [0x00027] in <51fded79cd284d4d911c5949aff4cb21>:0 
  at System.Activator.CreateInstance (System.Type type, System.Boolean nonPublic, System.Boolean wrapExceptions) [0x00020] in <51fded79cd284d4d911c5949aff4cb21>:0 
  at System.Activator.CreateInstance (System.Type type, System.Boolean nonPublic) [0x00000] in <51fded79cd284d4d911c5949aff4cb21>:0 
  at System.Activator.CreateInstance (System.Type type) [0x00000] in <51fded79cd284d4d911c5949aff4cb21>:0 
  at Verse.DirectXmlToObject.ObjectFromXml[T] (System.Xml.XmlNode xmlRoot, System.Boolean doPostLoad) [0x0045c] in <61e4173561894da49d210260257b5097>:0 
  at Verse.DirectXmlToObject.ObjectFromXmlReflection[T] (System.Xml.XmlNode xmlRoot, System.Boolean doPostLoad) [0x00000] in <61e4173561894da49d210260257b5097>:0 
  at Verse.DirectXmlToObject.ObjectFromXml[T] (System.Xml.XmlNode xmlRoot, System.Boolean doPostLoad) [0x0060e] in <61e4173561894da49d210260257b5097>:0 
Mod Grimworld 40,000 - Hammer of the Imperium Rus has a dependency with no <packageId> specified.
Tried loading mod with the same packageId multiple times: StatistNo1.EvolvedOrgansRedux. Ignoring the duplicates.
C:\Program Files (x86)\Steam\steamapps\workshop\content\294100\2424381146
C:\Program Files (x86)\Steam\steamapps\workshop\content\294100\3648390934
Tried loading mod with the same packageId multiple times: Owlchemist.ScatteredStones. Ignoring the duplicates.
C:\Program Files (x86)\Steam\steamapps\workshop\content\294100\2598436855
C:\Program Files (x86)\Steam\steamapps\workshop\content\294100\3528503211
Tried loading mod with the same packageId multiple times: Bonible.rimsenalfactions. Ignoring the duplicates.
C:\Program Files (x86)\Steam\steamapps\workshop\content\294100\2929828030
C:\Program Files (x86)\Steam\steamapps\workshop\content\294100\3530301107
Tried loading mod with the same packageId multiple times: vanillaexpanded.skills. Ignoring the duplicates.
C:\Program Files (x86)\Steam\steamapps\workshop\content\294100\2854967442
C:\Program Files (x86)\Steam\steamapps\workshop\content\294100\3400246558
Tried loading mod with the same packageId multiple times: syrchalis.processor.framework. Ignoring the duplicates.
C:\Program Files (x86)\Steam\steamapps\workshop\content\294100\2633514537
C:\Program Files (x86)\Steam\steamapps\workshop\content\294100\3210544395
Tried loading mod with the same packageId multiple times: kikohi.jewelry. Ignoring the duplicates.
C:\Program Files (x86)\Steam\steamapps\workshop\content\294100\2020964421
C:\Program Files (x86)\Steam\steamapps\workshop\content\294100\3203280763
Tried loading mod with the same packageId multiple times: DankPyon.Medieval.Overhaul. Ignoring the duplicates.
C:\Program Files (x86)\Steam\steamapps\workshop\content\294100\2553700067
C:\Program Files (x86)\Steam\steamapps\workshop\content\294100\3219596926
Tried loading mod with the same packageId multiple times: hatti.qualitybuilder. Ignoring the duplicates.
C:\Program Files (x86)\Steam\steamapps\workshop\content\294100\754637870
C:\Program Files (x86)\Steam\steamapps\workshop\content\294100\3512466087
ReflectionTypeLoadException getting types in assembly EnchantQualityPlus: System.Reflection.ReflectionTypeLoadException: Exception of type 'System.Reflection.ReflectionTypeLoadException' was thrown.
Could not resolve type with token 0100001a from typeref (expected class 'VFECore.Abilities.Ability' in assembly 'VFECore, Version=1.1.7.0, Culture=neutral, PublicKeyToken=null')
  at (wrapper managed-to-native) System.Reflection.Assembly.GetTypes(System.Reflection.Assembly,bool)
  at System.Reflection.Assembly.GetTypes () [0x00000] in <51fded79cd284d4d911c5949aff4cb21>:0 
  at Verse.ModAssemblyHandler.AssemblyIsUsable (System.Reflection.Assembly asm) [0x00000] in <61e4173561894da49d210260257b5097>:0 
System.TypeLoadException: Could not resolve type with token 0100001a from typeref (expected class 'VFECore.Abilities.Ability' in assembly 'VFECore, Version=1.1.7.0, Culture=neutral, PublicKeyToken=null')

Loader exceptions:
   => System.TypeLoadException: Could not resolve type with token 0100001a from typeref (expected class 'VFECore.Abilities.Ability' in assembly 'VFECore, Version=1.1.7.0, Culture=neutral, PublicKeyToken=null')
Fallback handler could not load library C:/Program Files (x86)/Steam/steamapps/common/RimWorld/RimWorldWin64_Data/MonoBleedingEdge/data-000001C134815020.dll
Fallback handler could not load library C:/Program Files (x86)/Steam/steamapps/common/RimWorld/RimWorldWin64_Data/MonoBleedingEdge/data-000001C1348EB210.dll
Prepatcher: Starting... (vanilla load took 76.10518s)
Prepatcher: Game processing took 797.2363ms
Prepatcher: Serializing patched assemblies
Prepatcher: Serializing took 1726.7356ms
Prepatcher: Setting refonly
Prepatcher: Loading patched assemblies
Fallback handler could not load library C:/Program Files (x86)/Steam/steamapps/common/RimWorld/RimWorldWin64_Data/MonoBleedingEdge/data-000001C1558E6040.dll
Fallback handler could not load library C:/Program Files (x86)/Steam/steamapps/common/RimWorld/RimWorldWin64_Data/MonoBleedingEdge/data-000001C156805040.dll
Fallback handler could not load library C:/Program Files (x86)/Steam/steamapps/common/RimWorld/RimWorldWin64_Data/MonoBleedingEdge/data-000001C1357A4EC0.dll
Fallback handler could not load library C:/Program Files (x86)/Steam/steamapps/common/RimWorld/RimWorldWin64_Data/MonoBleedingEdge/data-000001C134E12350.dll
Fallback handler could not load library C:/Program Files (x86)/Steam/steamapps/common/RimWorld/RimWorldWin64_Data/MonoBleedingEdge/data-000001C135393020.dll
Fallback handler could not load library C:/Program Files (x86)/Steam/steamapps/common/RimWorld/RimWorldWin64_Data/MonoBleedingEdge/data-000001C135B39010.dll
Fallback handler could not load library C:/Program Files (x86)/Steam/steamapps/common/RimWorld/RimWorldWin64_Data/MonoBleedingEdge/data-000001C134D1E020.dll
Fallback handler could not load library C:/Program Files (x86)/Steam/steamapps/common/RimWorld/RimWorldWin64_Data/MonoBleedingEdge/data-000001C156A60080.dll
Fallback handler could not load library C:/Program Files (x86)/Steam/steamapps/common/RimWorld/RimWorldWin64_Data/MonoBleedingEdge/data-000001C13549A020.dll
Fallback handler could not load library C:/Program Files (x86)/Steam/steamapps/common/RimWorld/RimWorldWin64_Data/MonoBleedingEdge/data-000001C0F6CC0020.dll
Fallback handler could not load library C:/Program Files (x86)/Steam/steamapps/common/RimWorld/RimWorldWin64_Data/MonoBleedingEdge/data-000001C135774750.dll
Fallback handler could not load library C:/Program Files (x86)/Steam/steamapps/common/RimWorld/RimWorldWin64_Data/MonoBleedingEdge/data-000001C121086040.dll
Fallback handler could not load library C:/Program Files (x86)/Steam/steamapps/common/RimWorld/RimWorldWin64_Data/MonoBleedingEdge/data-000001C121088650.dll
Fallback handler could not load library C:/Program Files (x86)/Steam/steamapps/common/RimWorld/RimWorldWin64_Data/MonoBleedingEdge/data-000001C0F6DBA020.dll
Fallback handler could not load library C:/Program Files (x86)/Steam/steamapps/common/RimWorld/RimWorldWin64_Data/MonoBleedingEdge/data-000001C134A08E90.dll
Fallback handler could not load library C:/Program Files (x86)/Steam/steamapps/common/RimWorld/RimWorldWin64_Data/MonoBleedingEdge/data-000001C134A0C8A0.dll
Fallback handler could not load library C:/Program Files (x86)/Steam/steamapps/common/RimWorld/RimWorldWin64_Data/MonoBleedingEdge/data-000001C156AE4690.dll
Fallback handler could not load library C:/Program Files (x86)/Steam/steamapps/common/RimWorld/RimWorldWin64_Data/MonoBleedingEdge/data-000001C156B0CCA0.dll
Fallback handler could not load library C:/Program Files (x86)/Steam/steamapps/common/RimWorld/RimWorldWin64_Data/MonoBleedingEdge/data-000001C135AB5070.dll
Fallback handler could not load library C:/Program Files (x86)/Steam/steamapps/common/RimWorld/RimWorldWin64_Data/MonoBleedingEdge/data-000001C134650380.dll
Fallback handler could not load library C:/Program Files (x86)/Steam/steamapps/common/RimWorld/RimWorldWin64_Data/MonoBleedingEdge/data-000001C156BEB4B0.dll
Fallback handler could not load library C:/Program Files (x86)/Steam/steamapps/common/RimWorld/RimWorldWin64_Data/MonoBleedingEdge/data-000001C156C71AC0.dll
Fallback handler could not load library C:/Program Files (x86)/Steam/steamapps/common/RimWorld/RimWorldWin64_Data/MonoBleedingEdge/data-000001C157A30040.dll
Fallback handler could not load library C:/Program Files (x86)/Steam/steamapps/common/RimWorld/RimWorldWin64_Data/MonoBleedingEdge/data-000001C156CE25C0.dll
Fallback handler could not load library C:/Program Files (x86)/Steam/steamapps/common/RimWorld/RimWorldWin64_Data/MonoBleedingEdge/data-000001C156C872D0.dll
Fallback handler could not load library C:/Program Files (x86)/Steam/steamapps/common/RimWorld/RimWorldWin64_Data/MonoBleedingEdge/data-000001C156D14BD0.dll
Fallback handler could not load library C:/Program Files (x86)/Steam/steamapps/common/RimWorld/RimWorldWin64_Data/MonoBleedingEdge/data-000001C156DFC970.dll
Fallback handler could not load library C:/Program Files (x86)/Steam/steamapps/common/RimWorld/RimWorldWin64_Data/MonoBleedingEdge/data-000001C156D3D1E0.dll
Fallback handler could not load library C:/Program Files (x86)/Steam/steamapps/common/RimWorld/RimWorldWin64_Data/MonoBleedingEdge/data-000001C156E31B80.dll
Fallback handler could not load library C:/Program Files (x86)/Steam/steamapps/common/RimWorld/RimWorldWin64_Data/MonoBleedingEdge/data-000001C157C0B040.dll
Fallback handler could not load library C:/Program Files (x86)/Steam/steamapps/common/RimWorld/RimWorldWin64_Data/MonoBleedingEdge/data-000001C156E60790.dll
Fallback handler could not load library C:/Program Files (x86)/Steam/steamapps/common/RimWorld/RimWorldWin64_Data/MonoBleedingEdge/data-000001C156F15BA0.dll
Fallback handler could not load library C:/Program Files (x86)/Steam/steamapps/common/RimWorld/RimWorldWin64_Data/MonoBleedingEdge/data-000001C156F547B0.dll
Fallback handler could not load library C:/Program Files (x86)/Steam/steamapps/common/RimWorld/RimWorldWin64_Data/MonoBleedingEdge/data-000001C135770030.dll
Fallback handler could not load library C:/Program Files (x86)/Steam/steamapps/common/RimWorld/RimWorldWin64_Data/MonoBleedingEdge/data-000001C156D59400.dll
Fallback handler could not load library C:/Program Files (x86)/Steam/steamapps/common/RimWorld/RimWorldWin64_Data/MonoBleedingEdge/data-000001C135ABB890.dll
Fallback handler could not load library C:/Program Files (x86)/Steam/steamapps/common/RimWorld/RimWorldWin64_Data/MonoBleedingEdge/data-000001C156CA2310.dll
Fallback handler could not load library C:/Program Files (x86)/Steam/steamapps/common/RimWorld/RimWorldWin64_Data/MonoBleedingEdge/data-000001C156F58DC0.dll
Fallback handler could not load library C:/Program Files (x86)/Steam/steamapps/common/RimWorld/RimWorldWin64_Data/MonoBleedingEdge/data-000001C156F735D0.dll
Fallback handler could not load library C:/Program Files (x86)/Steam/steamapps/common/RimWorld/RimWorldWin64_Data/MonoBleedingEdge/data-000001C135AA2030.dll
Fallback handler could not load library C:/Program Files (x86)/Steam/steamapps/common/RimWorld/RimWorldWin64_Data/MonoBleedingEdge/data-000001C156C8EEE0.dll
Fallback handler could not load library C:/Program Files (x86)/Steam/steamapps/common/RimWorld/RimWorldWin64_Data/MonoBleedingEdge/data-000001C135776960.dll
Fallback handler could not load library C:/Program Files (x86)/Steam/steamapps/common/RimWorld/RimWorldWin64_Data/MonoBleedingEdge/data-000001C134659F90.dll
Fallback handler could not load library C:/Program Files (x86)/Steam/steamapps/common/RimWorld/RimWorldWin64_Data/MonoBleedingEdge/data-000001C12807C140.dll
Fallback handler could not load library C:/Program Files (x86)/Steam/steamapps/common/RimWorld/RimWorldWin64_Data/MonoBleedingEdge/data-000001C0D28253F0.dll
Fallback handler could not load library C:/Program Files (x86)/Steam/steamapps/common/RimWorld/RimWorldWin64_Data/MonoBleedingEdge/data-000001C156D64220.dll
Fallback handler could not load library C:/Program Files (x86)/Steam/steamapps/common/RimWorld/RimWorldWin64_Data/MonoBleedingEdge/data-000001C156F895E0.dll
Fallback handler could not load library C:/Program Files (x86)/Steam/steamapps/common/RimWorld/RimWorldWin64_Data/MonoBleedingEdge/data-000001C1357B4EE0.dll
Fallback handler could not load library C:/Program Files (x86)/Steam/steamapps/common/RimWorld/RimWorldWin64_Data/MonoBleedingEdge/data-000001C156FAA7F0.dll
Fallback handler could not load library C:/Program Files (x86)/Steam/steamapps/common/RimWorld/RimWorldWin64_Data/MonoBleedingEdge/data-000001C156FBDE00.dll
Fallback handler could not load library C:/Program Files (x86)/Steam/steamapps/common/RimWorld/RimWorldWin64_Data/MonoBleedingEdge/data-000001C156FC2610.dll
Fallback handler could not load library C:/Program Files (x86)/Steam/steamapps/common/RimWorld/RimWorldWin64_Data/MonoBleedingEdge/data-000001C156FE2E20.dll
Fallback handler could not load library C:/Program Files (x86)/Steam/steamapps/common/RimWorld/RimWorldWin64_Data/MonoBleedingEdge/data-000001C156FE5C30.dll
Fallback handler could not load library C:/Program Files (x86)/Steam/steamapps/common/RimWorld/RimWorldWin64_Data/MonoBleedingEdge/data-000001C156FF8240.dll
Fallback handler could not load library C:/Program Files (x86)/Steam/steamapps/common/RimWorld/RimWorldWin64_Data/MonoBleedingEdge/data-000001C156FFDC50.dll
Fallback handler could not load library C:/Program Files (x86)/Steam/steamapps/common/RimWorld/RimWorldWin64_Data/MonoBleedingEdge/data-000001C157049E60.dll
Fallback handler could not load library C:/Program Files (x86)/Steam/steamapps/common/RimWorld/RimWorldWin64_Data/MonoBleedingEdge/data-000001C15704FE70.dll
Fallback handler could not load library C:/Program Files (x86)/Steam/steamapps/common/RimWorld/RimWorldWin64_Data/MonoBleedingEdge/data-000001C1357BD0F0.dll
Fallback handler could not load library C:/Program Files (x86)/Steam/steamapps/common/RimWorld/RimWorldWin64_Data/MonoBleedingEdge/data-000001C157066690.dll
Fallback handler could not load library C:/Program Files (x86)/Steam/steamapps/common/RimWorld/RimWorldWin64_Data/MonoBleedingEdge/data-000001C15706A0A0.dll
Fallback handler could not load library C:/Program Files (x86)/Steam/steamapps/common/RimWorld/RimWorldWin64_Data/MonoBleedingEdge/data-000001C157072AB0.dll
Fallback handler could not load library C:/Program Files (x86)/Steam/steamapps/common/RimWorld/RimWorldWin64_Data/MonoBleedingEdge/data-000001C157079AC0.dll
Fallback handler could not load library C:/Program Files (x86)/Steam/steamapps/common/RimWorld/RimWorldWin64_Data/MonoBleedingEdge/data-000001C0D2822BD0.dll
Fallback handler could not load library C:/Program Files (x86)/Steam/steamapps/common/RimWorld/RimWorldWin64_Data/MonoBleedingEdge/data-000001C1570854D0.dll
Fallback handler could not load library C:/Program Files (x86)/Steam/steamapps/common/RimWorld/RimWorldWin64_Data/MonoBleedingEdge/data-000001C1570884E0.dll
Fallback handler could not load library C:/Program Files (x86)/Steam/steamapps/common/RimWorld/RimWorldWin64_Data/MonoBleedingEdge/data-000001C157099AF0.dll
Fallback handler could not load library C:/Program Files (x86)/Steam/steamapps/common/RimWorld/RimWorldWin64_Data/MonoBleedingEdge/data-000001C15709F700.dll
Fallback handler could not load library C:/Program Files (x86)/Steam/steamapps/common/RimWorld/RimWorldWin64_Data/MonoBleedingEdge/data-000001C1570C7510.dll
Fallback handler could not load library C:/Program Files (x86)/Steam/steamapps/common/RimWorld/RimWorldWin64_Data/MonoBleedingEdge/data-000001C1570D3B30.dll
Fallback handler could not load library C:/Program Files (x86)/Steam/steamapps/common/RimWorld/RimWorldWin64_Data/MonoBleedingEdge/data-000001C1570DD540.dll
Fallback handler could not load library C:/Program Files (x86)/Steam/steamapps/common/RimWorld/RimWorldWin64_Data/MonoBleedingEdge/data-000001C1570FB750.dll
Fallback handler could not load library C:/Program Files (x86)/Steam/steamapps/common/RimWorld/RimWorldWin64_Data/MonoBleedingEdge/data-000001C157100160.dll
Fallback handler could not load library C:/Program Files (x86)/Steam/steamapps/common/RimWorld/RimWorldWin64_Data/MonoBleedingEdge/data-000001C15713A170.dll
Fallback handler could not load library C:/Program Files (x86)/Steam/steamapps/common/RimWorld/RimWorldWin64_Data/MonoBleedingEdge/data-000001C15713DB80.dll
Fallback handler could not load library C:/Program Files (x86)/Steam/steamapps/common/RimWorld/RimWorldWin64_Data/MonoBleedingEdge/data-000001C15714AD90.dll
Fallback handler could not load library C:/Program Files (x86)/Steam/steamapps/common/RimWorld/RimWorldWin64_Data/MonoBleedingEdge/data-000001C15714F9A0.dll
Fallback handler could not load library C:/Program Files (x86)/Steam/steamapps/common/RimWorld/RimWorldWin64_Data/MonoBleedingEdge/data-000001C15715BBB0.dll
Fallback handler could not load library C:/Program Files (x86)/Steam/steamapps/common/RimWorld/RimWorldWin64_Data/MonoBleedingEdge/data-000001C157163BC0.dll
Fallback handler could not load library C:/Program Files (x86)/Steam/steamapps/common/RimWorld/RimWorldWin64_Data/MonoBleedingEdge/data-000001C1571745E0.dll
Fallback handler could not load library C:/Program Files (x86)/Steam/steamapps/common/RimWorld/RimWorldWin64_Data/MonoBleedingEdge/data-000001C1571873F0.dll
Fallback handler could not load library C:/Program Files (x86)/Steam/steamapps/common/RimWorld/RimWorldWin64_Data/MonoBleedingEdge/data-000001C135778B70.dll
Fallback handler could not load library C:/Program Files (x86)/Steam/steamapps/common/RimWorld/RimWorldWin64_Data/MonoBleedingEdge/data-000001C0F6DBCE30.dll
Fallback handler could not load library C:/Program Files (x86)/Steam/steamapps/common/RimWorld/RimWorldWin64_Data/MonoBleedingEdge/data-000001C15718CE00.dll
Fallback handler could not load library C:/Program Files (x86)/Steam/steamapps/common/RimWorld/RimWorldWin64_Data/MonoBleedingEdge/data-000001C1571A3010.dll
Fallback handler could not load library C:/Program Files (x86)/Steam/steamapps/common/RimWorld/RimWorldWin64_Data/MonoBleedingEdge/data-000001C1571CA020.dll
Fallback handler could not load library C:/Program Files (x86)/Steam/steamapps/common/RimWorld/RimWorldWin64_Data/MonoBleedingEdge/data-000001C157D79040.dll
Fallback handler could not load library C:/Program Files (x86)/Steam/steamapps/common/RimWorld/RimWorldWin64_Data/MonoBleedingEdge/data-000001C157249A40.dll
Fallback handler could not load library C:/Program Files (x86)/Steam/steamapps/common/RimWorld/RimWorldWin64_Data/MonoBleedingEdge/data-000001C157267E50.dll
Fallback handler could not load library C:/Program Files (x86)/Steam/steamapps/common/RimWorld/RimWorldWin64_Data/MonoBleedingEdge/data-000001C15727E670.dll
Fallback handler could not load library C:/Program Files (x86)/Steam/steamapps/common/RimWorld/RimWorldWin64_Data/MonoBleedingEdge/data-000001C135772540.dll
Fallback handler could not load library C:/Program Files (x86)/Steam/steamapps/common/RimWorld/RimWorldWin64_Data/MonoBleedingEdge/data-000001C15728AE80.dll
Fallback handler could not load library C:/Program Files (x86)/Steam/steamapps/common/RimWorld/RimWorldWin64_Data/MonoBleedingEdge/data-000001C1353C6880.dll
Fallback handler could not load library C:/Program Files (x86)/Steam/steamapps/common/RimWorld/RimWorldWin64_Data/MonoBleedingEdge/data-000001C15728CA90.dll
Fallback handler could not load library C:/Program Files (x86)/Steam/steamapps/common/RimWorld/RimWorldWin64_Data/MonoBleedingEdge/data-000001C135ABECA0.dll
Fallback handler could not load library C:/Program Files (x86)/Steam/steamapps/common/RimWorld/RimWorldWin64_Data/MonoBleedingEdge/data-000001C1572914A0.dll
Fallback handler could not load library C:/Program Files (x86)/Steam/steamapps/common/RimWorld/RimWorldWin64_Data/MonoBleedingEdge/data-000001C15729B6C0.dll
Fallback handler could not load library C:/Program Files (x86)/Steam/steamapps/common/RimWorld/RimWorldWin64_Data/MonoBleedingEdge/data-000001C1353C9090.dll
Fallback handler could not load library C:/Program Files (x86)/Steam/steamapps/common/RimWorld/RimWorldWin64_Data/MonoBleedingEdge/data-000001C15729DCD0.dll
Fallback handler could not load library C:/Program Files (x86)/Steam/steamapps/common/RimWorld/RimWorldWin64_Data/MonoBleedingEdge/data-000001C1572A5CF0.dll
Fallback handler could not load library C:/Program Files (x86)/Steam/steamapps/common/RimWorld/RimWorldWin64_Data/MonoBleedingEdge/data-000001C1572B3700.dll
Fallback handler could not load library C:/Program Files (x86)/Steam/steamapps/common/RimWorld/RimWorldWin64_Data/MonoBleedingEdge/data-000001C1572B5D10.dll
Fallback handler could not load library C:/Program Files (x86)/Steam/steamapps/common/RimWorld/RimWorldWin64_Data/MonoBleedingEdge/data-000001C1572B8120.dll
Fallback handler could not load library C:/Program Files (x86)/Steam/steamapps/common/RimWorld/RimWorldWin64_Data/MonoBleedingEdge/data-000001C135AB8480.dll
Fallback handler could not load library C:/Program Files (x86)/Steam/steamapps/common/RimWorld/RimWorldWin64_Data/MonoBleedingEdge/data-000001C1572BB930.dll
Fallback handler could not load library C:/Program Files (x86)/Steam/steamapps/common/RimWorld/RimWorldWin64_Data/MonoBleedingEdge/data-000001C1572BEB40.dll
Fallback handler could not load library C:/Program Files (x86)/Steam/steamapps/common/RimWorld/RimWorldWin64_Data/MonoBleedingEdge/data-000001C1572C0F50.dll
Fallback handler could not load library C:/Program Files (x86)/Steam/steamapps/common/RimWorld/RimWorldWin64_Data/MonoBleedingEdge/data-000001C0D289F9E0.dll
Fallback handler could not load library C:/Program Files (x86)/Steam/steamapps/common/RimWorld/RimWorldWin64_Data/MonoBleedingEdge/data-000001C157306010.dll
Fallback handler could not load library C:/Program Files (x86)/Steam/steamapps/common/RimWorld/RimWorldWin64_Data/MonoBleedingEdge/data-000001C15732A030.dll
Fallback handler could not load library C:/Program Files (x86)/Steam/steamapps/common/RimWorld/RimWorldWin64_Data/MonoBleedingEdge/data-000001C157338240.dll
Fallback handler could not load library C:/Program Files (x86)/Steam/steamapps/common/RimWorld/RimWorldWin64_Data/MonoBleedingEdge/data-000001C157339C50.dll
Fallback handler could not load library C:/Program Files (x86)/Steam/steamapps/common/RimWorld/RimWorldWin64_Data/MonoBleedingEdge/data-000001C15733C260.dll
Fallback handler could not load library C:/Program Files (x86)/Steam/steamapps/common/RimWorld/RimWorldWin64_Data/MonoBleedingEdge/data-000001C157340670.dll
Fallback handler could not load library C:/Program Files (x86)/Steam/steamapps/common/RimWorld/RimWorldWin64_Data/MonoBleedingEdge/data-000001C157346480.dll
Fallback handler could not load library C:/Program Files (x86)/Steam/steamapps/common/RimWorld/RimWorldWin64_Data/MonoBleedingEdge/data-000001C157349C90.dll
Fallback handler could not load library C:/Program Files (x86)/Steam/steamapps/common/RimWorld/RimWorldWin64_Data/MonoBleedingEdge/data-000001C15734C8A0.dll
Fallback handler could not load library C:/Program Files (x86)/Steam/steamapps/common/RimWorld/RimWorldWin64_Data/MonoBleedingEdge/data-000001C15734E0B0.dll
Fallback handler could not load library C:/Program Files (x86)/Steam/steamapps/common/RimWorld/RimWorldWin64_Data/MonoBleedingEdge/data-000001C1573530C0.dll
Fallback handler could not load library C:/Program Files (x86)/Steam/steamapps/common/RimWorld/RimWorldWin64_Data/MonoBleedingEdge/data-000001C15735C6E0.dll
Fallback handler could not load library C:/Program Files (x86)/Steam/steamapps/common/RimWorld/RimWorldWin64_Data/MonoBleedingEdge/data-000001C15735FCF0.dll
Fallback handler could not load library C:/Program Files (x86)/Steam/steamapps/common/RimWorld/RimWorldWin64_Data/MonoBleedingEdge/data-000001C157386300.dll
Fallback handler could not load library C:/Program Files (x86)/Steam/steamapps/common/RimWorld/RimWorldWin64_Data/MonoBleedingEdge/data-000001C15738B110.dll
Fallback handler could not load library C:/Program Files (x86)/Steam/steamapps/common/RimWorld/RimWorldWin64_Data/MonoBleedingEdge/data-000001C157392120.dll
Fallback handler could not load library C:/Program Files (x86)/Steam/steamapps/common/RimWorld/RimWorldWin64_Data/MonoBleedingEdge/data-000001C1351C6100.dll
Fallback handler could not load library C:/Program Files (x86)/Steam/steamapps/common/RimWorld/RimWorldWin64_Data/MonoBleedingEdge/data-000001C0D28217C0.dll
Fallback handler could not load library C:/Program Files (x86)/Steam/steamapps/common/RimWorld/RimWorldWin64_Data/MonoBleedingEdge/data-000001C157398330.dll
Fallback handler could not load library C:/Program Files (x86)/Steam/steamapps/common/RimWorld/RimWorldWin64_Data/MonoBleedingEdge/data-000001C15739C940.dll
Fallback handler could not load library C:/Program Files (x86)/Steam/steamapps/common/RimWorld/RimWorldWin64_Data/MonoBleedingEdge/data-000001C0D28A5220.dll
Fallback handler could not load library C:/Program Files (x86)/Steam/steamapps/common/RimWorld/RimWorldWin64_Data/MonoBleedingEdge/data-000001C1573AE160.dll
Fallback handler could not load library C:/Program Files (x86)/Steam/steamapps/common/RimWorld/RimWorldWin64_Data/MonoBleedingEdge/data-000001C1573AFB70.dll
Fallback handler could not load library C:/Program Files (x86)/Steam/steamapps/common/RimWorld/RimWorldWin64_Data/MonoBleedingEdge/data-000001C1573B2980.dll
Fallback handler could not load library C:/Program Files (x86)/Steam/steamapps/common/RimWorld/RimWorldWin64_Data/MonoBleedingEdge/data-000001C1573B95A0.dll
Fallback handler could not load library C:/Program Files (x86)/Steam/steamapps/common/RimWorld/RimWorldWin64_Data/MonoBleedingEdge/data-000001C1351CE140.dll
Fallback handler could not load library C:/Program Files (x86)/Steam/steamapps/common/RimWorld/RimWorldWin64_Data/MonoBleedingEdge/data-000001C1351C8110.dll
Fallback handler could not load library C:/Program Files (x86)/Steam/steamapps/common/RimWorld/RimWorldWin64_Data/MonoBleedingEdge/data-000001C15740BDB0.dll
Fallback handler could not load library C:/Program Files (x86)/Steam/steamapps/common/RimWorld/RimWorldWin64_Data/MonoBleedingEdge/data-000001C0D28A0FF0.dll
Fallback handler could not load library C:/Program Files (x86)/Steam/steamapps/common/RimWorld/RimWorldWin64_Data/MonoBleedingEdge/data-000001C157411FC0.dll
Fallback handler could not load library C:/Program Files (x86)/Steam/steamapps/common/RimWorld/RimWorldWin64_Data/MonoBleedingEdge/data-000001C1574189D0.dll
Fallback handler could not load library C:/Program Files (x86)/Steam/steamapps/common/RimWorld/RimWorldWin64_Data/MonoBleedingEdge/data-000001C15741A7E0.dll
Fallback handler could not load library C:/Program Files (x86)/Steam/steamapps/common/RimWorld/RimWorldWin64_Data/MonoBleedingEdge/data-000001C1351D2160.dll
Fallback handler could not load library C:/Program Files (x86)/Steam/steamapps/common/RimWorld/RimWorldWin64_Data/MonoBleedingEdge/data-000001C15741CBF0.dll
Fallback handler could not load library C:/Program Files (x86)/Steam/steamapps/common/RimWorld/RimWorldWin64_Data/MonoBleedingEdge/data-000001C157426210.dll
Fallback handler could not load library C:/Program Files (x86)/Steam/steamapps/common/RimWorld/RimWorldWin64_Data/MonoBleedingEdge/data-000001C0D2829020.dll
Fallback handler could not load library C:/Program Files (x86)/Steam/steamapps/common/RimWorld/RimWorldWin64_Data/MonoBleedingEdge/data-000001C157429220.dll
Fallback handler could not load library C:/Program Files (x86)/Steam/steamapps/common/RimWorld/RimWorldWin64_Data/MonoBleedingEdge/data-000001C15742BC30.dll
Fallback handler could not load library C:/Program Files (x86)/Steam/steamapps/common/RimWorld/RimWorldWin64_Data/MonoBleedingEdge/data-000001C15742EA40.dll
Fallback handler could not load library C:/Program Files (x86)/Steam/steamapps/common/RimWorld/RimWorldWin64_Data/MonoBleedingEdge/data-000001C157436050.dll
Fallback handler could not load library C:/Program Files (x86)/Steam/steamapps/common/RimWorld/RimWorldWin64_Data/MonoBleedingEdge/data-000001C15744D660.dll
Fallback handler could not load library C:/Program Files (x86)/Steam/steamapps/common/RimWorld/RimWorldWin64_Data/MonoBleedingEdge/data-000001C157457470.dll
Fallback handler could not load library C:/Program Files (x86)/Steam/steamapps/common/RimWorld/RimWorldWin64_Data/MonoBleedingEdge/data-000001C157458C80.dll
Fallback handler could not load library C:/Program Files (x86)/Steam/steamapps/common/RimWorld/RimWorldWin64_Data/MonoBleedingEdge/data-000001C135AC20B0.dll
Fallback handler could not load library C:/Program Files (x86)/Steam/steamapps/common/RimWorld/RimWorldWin64_Data/MonoBleedingEdge/data-000001C15745AA90.dll
Fallback handler could not load library C:/Program Files (x86)/Steam/steamapps/common/RimWorld/RimWorldWin64_Data/MonoBleedingEdge/data-000001C0F6AC0CD0.dll
Fallback handler could not load library C:/Program Files (x86)/Steam/steamapps/common/RimWorld/RimWorldWin64_Data/MonoBleedingEdge/data-000001C15746C2B0.dll
Fallback handler could not load library C:/Program Files (x86)/Steam/steamapps/common/RimWorld/RimWorldWin64_Data/MonoBleedingEdge/data-000001C1357813B0.dll
Fallback handler could not load library C:/Program Files (x86)/Steam/steamapps/common/RimWorld/RimWorldWin64_Data/MonoBleedingEdge/data-000001C1574708C0.dll
Fallback handler could not load library C:/Program Files (x86)/Steam/steamapps/common/RimWorld/RimWorldWin64_Data/MonoBleedingEdge/data-000001C1574736D0.dll
Fallback handler could not load library C:/Program Files (x86)/Steam/steamapps/common/RimWorld/RimWorldWin64_Data/MonoBleedingEdge/data-000001C1574754E0.dll
Fallback handler could not load library C:/Program Files (x86)/Steam/steamapps/common/RimWorld/RimWorldWin64_Data/MonoBleedingEdge/data-000001C15747ACF0.dll
Fallback handler could not load library C:/Program Files (x86)/Steam/steamapps/common/RimWorld/RimWorldWin64_Data/MonoBleedingEdge/data-000001C15747E500.dll
Fallback handler could not load library C:/Program Files (x86)/Steam/steamapps/common/RimWorld/RimWorldWin64_Data/MonoBleedingEdge/data-000001C0F6ABE8B0.dll
Fallback handler could not load library C:/Program Files (x86)/Steam/steamapps/common/RimWorld/RimWorldWin64_Data/MonoBleedingEdge/data-000001C15747FD10.dll
Fallback handler could not load library C:/Program Files (x86)/Steam/steamapps/common/RimWorld/RimWorldWin64_Data/MonoBleedingEdge/data-000001C157484D20.dll
Fallback handler could not load library C:/Program Files (x86)/Steam/steamapps/common/RimWorld/RimWorldWin64_Data/MonoBleedingEdge/data-000001C13577F1A0.dll
Fallback handler could not load library C:/Program Files (x86)/Steam/steamapps/common/RimWorld/RimWorldWin64_Data/MonoBleedingEdge/data-000001C157488F30.dll
Fallback handler could not load library C:/Program Files (x86)/Steam/steamapps/common/RimWorld/RimWorldWin64_Data/MonoBleedingEdge/data-000001C15748D940.dll
Fallback handler could not load library C:/Program Files (x86)/Steam/steamapps/common/RimWorld/RimWorldWin64_Data/MonoBleedingEdge/data-000001C0D28A2600.dll
Fallback handler could not load library C:/Program Files (x86)/Steam/steamapps/common/RimWorld/RimWorldWin64_Data/MonoBleedingEdge/data-000001C157493560.dll
Fallback handler could not load library C:/Program Files (x86)/Steam/steamapps/common/RimWorld/RimWorldWin64_Data/MonoBleedingEdge/data-000001C157497B70.dll
Fallback handler could not load library C:/Program Files (x86)/Steam/steamapps/common/RimWorld/RimWorldWin64_Data/MonoBleedingEdge/data-000001C1574AD190.dll
Fallback handler could not load library C:/Program Files (x86)/Steam/steamapps/common/RimWorld/RimWorldWin64_Data/MonoBleedingEdge/data-000001C1574B21A0.dll
Fallback handler could not load library C:/Program Files (x86)/Steam/steamapps/common/RimWorld/RimWorldWin64_Data/MonoBleedingEdge/data-000001C1351D0150.dll
Fallback handler could not load library C:/Program Files (x86)/Steam/steamapps/common/RimWorld/RimWorldWin64_Data/MonoBleedingEdge/data-000001C128080180.dll
Fallback handler could not load library C:/Program Files (x86)/Steam/steamapps/common/RimWorld/RimWorldWin64_Data/MonoBleedingEdge/data-000001C13573B170.dll
Fallback handler could not load library C:/Program Files (x86)/Steam/steamapps/common/RimWorld/RimWorldWin64_Data/MonoBleedingEdge/data-000001C1574B8BB0.dll
Fallback handler could not load library C:/Program Files (x86)/Steam/steamapps/common/RimWorld/RimWorldWin64_Data/MonoBleedingEdge/data-000001C1574BC1C0.dll
Fallback handler could not load library C:/Program Files (x86)/Steam/steamapps/common/RimWorld/RimWorldWin64_Data/MonoBleedingEdge/data-000001C1574D4010.dll
Fallback handler could not load library C:/Program Files (x86)/Steam/steamapps/common/RimWorld/RimWorldWin64_Data/MonoBleedingEdge/data-000001C1574DEA20.dll
Fallback handler could not load library C:/Program Files (x86)/Steam/steamapps/common/RimWorld/RimWorldWin64_Data/MonoBleedingEdge/data-000001C1574FE630.dll
Fallback handler could not load library C:/Program Files (x86)/Steam/steamapps/common/RimWorld/RimWorldWin64_Data/MonoBleedingEdge/data-000001C135ACF0F0.dll
Fallback handler could not load library C:/Program Files (x86)/Steam/steamapps/common/RimWorld/RimWorldWin64_Data/MonoBleedingEdge/data-000001C135735140.dll
Fallback handler could not load library C:/Program Files (x86)/Steam/steamapps/common/RimWorld/RimWorldWin64_Data/MonoBleedingEdge/data-000001C157505A40.dll
Fallback handler could not load library C:/Program Files (x86)/Steam/steamapps/common/RimWorld/RimWorldWin64_Data/MonoBleedingEdge/data-000001C15750CE50.dll
Fallback handler could not load library C:/Program Files (x86)/Steam/steamapps/common/RimWorld/RimWorldWin64_Data/MonoBleedingEdge/data-000001C15750E660.dll
Fallback handler could not load library C:/Program Files (x86)/Steam/steamapps/common/RimWorld/RimWorldWin64_Data/MonoBleedingEdge/data-000001C157510070.dll
Fallback handler could not load library C:/Program Files (x86)/Steam/steamapps/common/RimWorld/RimWorldWin64_Data/MonoBleedingEdge/data-000001C157EA3040.dll
Fallback handler could not load library C:/Program Files (x86)/Steam/steamapps/common/RimWorld/RimWorldWin64_Data/MonoBleedingEdge/data-000001C157512EE0.dll
Fallback handler could not load library C:/Program Files (x86)/Steam/steamapps/common/RimWorld/RimWorldWin64_Data/MonoBleedingEdge/data-000001C157531C90.dll
Fallback handler could not load library C:/Program Files (x86)/Steam/steamapps/common/RimWorld/RimWorldWin64_Data/MonoBleedingEdge/data-000001C1575562A0.dll
Fallback handler could not load library C:/Program Files (x86)/Steam/steamapps/common/RimWorld/RimWorldWin64_Data/MonoBleedingEdge/data-000001C15755D4B0.dll
Fallback handler could not load library C:/Program Files (x86)/Steam/steamapps/common/RimWorld/RimWorldWin64_Data/MonoBleedingEdge/data-000001C157561CC0.dll
Fallback handler could not load library C:/Program Files (x86)/Steam/steamapps/common/RimWorld/RimWorldWin64_Data/MonoBleedingEdge/data-000001C157571CD0.dll
Fallback handler could not load library C:/Program Files (x86)/Steam/steamapps/common/RimWorld/RimWorldWin64_Data/MonoBleedingEdge/data-000001C1575878F0.dll
Fallback handler could not load library C:/Program Files (x86)/Steam/steamapps/common/RimWorld/RimWorldWin64_Data/MonoBleedingEdge/data-000001C157589D00.dll
Fallback handler could not load library C:/Program Files (x86)/Steam/steamapps/common/RimWorld/RimWorldWin64_Data/MonoBleedingEdge/data-000001C157592910.dll
Fallback handler could not load library C:/Program Files (x86)/Steam/steamapps/common/RimWorld/RimWorldWin64_Data/MonoBleedingEdge/data-000001C1575A8D20.dll
Fallback handler could not load library C:/Program Files (x86)/Steam/steamapps/common/RimWorld/RimWorldWin64_Data/MonoBleedingEdge/data-000001C13573F190.dll
Fallback handler could not load library C:/Program Files (x86)/Steam/steamapps/common/RimWorld/RimWorldWin64_Data/MonoBleedingEdge/data-000001C0D2826800.dll
Fallback handler could not load library C:/Program Files (x86)/Steam/steamapps/common/RimWorld/RimWorldWin64_Data/MonoBleedingEdge/data-000001C1575CE020.dll
Fallback handler could not load library C:/Program Files (x86)/Steam/steamapps/common/RimWorld/RimWorldWin64_Data/MonoBleedingEdge/data-000001C1575D0E30.dll
Fallback handler could not load library C:/Program Files (x86)/Steam/steamapps/common/RimWorld/RimWorldWin64_Data/MonoBleedingEdge/data-000001C1575D7840.dll
Fallback handler could not load library C:/Program Files (x86)/Steam/steamapps/common/RimWorld/RimWorldWin64_Data/MonoBleedingEdge/data-000001C135739160.dll
Fallback handler could not load library C:/Program Files (x86)/Steam/steamapps/common/RimWorld/RimWorldWin64_Data/MonoBleedingEdge/data-000001C1575FD850.dll
Fallback handler could not load library C:/Program Files (x86)/Steam/steamapps/common/RimWorld/RimWorldWin64_Data/MonoBleedingEdge/data-000001C15763BA60.dll
Fallback handler could not load library C:/Program Files (x86)/Steam/steamapps/common/RimWorld/RimWorldWin64_Data/MonoBleedingEdge/data-000001C157511CD0.dll
Fallback handler could not load library C:/Program Files (x86)/Steam/steamapps/common/RimWorld/RimWorldWin64_Data/MonoBleedingEdge/data-000001C157641280.dll
Fallback handler could not load library C:/Program Files (x86)/Steam/steamapps/common/RimWorld/RimWorldWin64_Data/MonoBleedingEdge/data-000001C13577AD80.dll
Fallback handler could not load library C:/Program Files (x86)/Steam/steamapps/common/RimWorld/RimWorldWin64_Data/MonoBleedingEdge/data-000001C1576A2E90.dll
Fallback handler could not load library C:/Program Files (x86)/Steam/steamapps/common/RimWorld/RimWorldWin64_Data/MonoBleedingEdge/data-000001C1576CB6A0.dll
Fallback handler could not load library C:/Program Files (x86)/Steam/steamapps/common/RimWorld/RimWorldWin64_Data/MonoBleedingEdge/data-000001C15772C0B0.dll
Fallback handler could not load library C:/Program Files (x86)/Steam/steamapps/common/RimWorld/RimWorldWin64_Data/MonoBleedingEdge/data-000001C1577480D0.dll
Fallback handler could not load library C:/Program Files (x86)/Steam/steamapps/common/RimWorld/RimWorldWin64_Data/MonoBleedingEdge/data-000001C1577500E0.dll
Fallback handler could not load library C:/Program Files (x86)/Steam/steamapps/common/RimWorld/RimWorldWin64_Data/MonoBleedingEdge/data-000001C157751EF0.dll
Fallback handler could not load library C:/Program Files (x86)/Steam/steamapps/common/RimWorld/RimWorldWin64_Data/MonoBleedingEdge/data-000001C157754D00.dll
Fallback handler could not load library C:/Program Files (x86)/Steam/steamapps/common/RimWorld/RimWorldWin64_Data/MonoBleedingEdge/data-000001C157758F10.dll
Fallback handler could not load library C:/Program Files (x86)/Steam/steamapps/common/RimWorld/RimWorldWin64_Data/MonoBleedingEdge/data-000001C15775BB20.dll
Fallback handler could not load library C:/Program Files (x86)/Steam/steamapps/common/RimWorld/RimWorldWin64_Data/MonoBleedingEdge/data-000001C157764130.dll
Fallback handler could not load library C:/Program Files (x86)/Steam/steamapps/common/RimWorld/RimWorldWin64_Data/MonoBleedingEdge/data-000001C15776D540.dll
Fallback handler could not load library C:/Program Files (x86)/Steam/steamapps/common/RimWorld/RimWorldWin64_Data/MonoBleedingEdge/data-000001C15776FB50.dll
Fallback handler could not load library C:/Program Files (x86)/Steam/steamapps/common/RimWorld/RimWorldWin64_Data/MonoBleedingEdge/data-000001C157774B60.dll
Fallback handler could not load library C:/Program Files (x86)/Steam/steamapps/common/RimWorld/RimWorldWin64_Data/MonoBleedingEdge/data-000001C157780D70.dll
Fallback handler could not load library C:/Program Files (x86)/Steam/steamapps/common/RimWorld/RimWorldWin64_Data/MonoBleedingEdge/data-000001C15778AB80.dll
Fallback handler could not load library C:/Program Files (x86)/Steam/steamapps/common/RimWorld/RimWorldWin64_Data/MonoBleedingEdge/data-000001C15778E990.dll
Fallback handler could not load library C:/Program Files (x86)/Steam/steamapps/common/RimWorld/RimWorldWin64_Data/MonoBleedingEdge/data-000001C1577901A0.dll
Fallback handler could not load library C:/Program Files (x86)/Steam/steamapps/common/RimWorld/RimWorldWin64_Data/MonoBleedingEdge/data-000001C1577A9BB0.dll
Fallback handler could not load library C:/Program Files (x86)/Steam/steamapps/common/RimWorld/RimWorldWin64_Data/MonoBleedingEdge/data-000001C1577B7DC0.dll
Fallback handler could not load library C:/Program Files (x86)/Steam/steamapps/common/RimWorld/RimWorldWin64_Data/MonoBleedingEdge/data-000001C1577BA1D0.dll
Fallback handler could not load library C:/Program Files (x86)/Steam/steamapps/common/RimWorld/RimWorldWin64_Data/MonoBleedingEdge/data-000001C1577D77E0.dll
Fallback handler could not load library C:/Program Files (x86)/Steam/steamapps/common/RimWorld/RimWorldWin64_Data/MonoBleedingEdge/data-000001C1577DDDF0.dll
Fallback handler could not load library C:/Program Files (x86)/Steam/steamapps/common/RimWorld/RimWorldWin64_Data/MonoBleedingEdge/data-000001C1577DF600.dll
Fallback handler could not load library C:/Program Files (x86)/Steam/steamapps/common/RimWorld/RimWorldWin64_Data/MonoBleedingEdge/data-000001C1577EB010.dll
Fallback handler could not load library C:/Program Files (x86)/Steam/steamapps/common/RimWorld/RimWorldWin64_Data/MonoBleedingEdge/data-000001C157806070.dll
Fallback handler could not load library C:/Program Files (x86)/Steam/steamapps/common/RimWorld/RimWorldWin64_Data/MonoBleedingEdge/data-000001C15780E480.dll
Fallback handler could not load library C:/Program Files (x86)/Steam/steamapps/common/RimWorld/RimWorldWin64_Data/MonoBleedingEdge/data-000001C1577F4820.dll
Fallback handler could not load library C:/Program Files (x86)/Steam/steamapps/common/RimWorld/RimWorldWin64_Data/MonoBleedingEdge/data-000001C157816890.dll
Fallback handler could not load library C:/Program Files (x86)/Steam/steamapps/common/RimWorld/RimWorldWin64_Data/MonoBleedingEdge/data-000001C15781A4A0.dll
Fallback handler could not load library C:/Program Files (x86)/Steam/steamapps/common/RimWorld/RimWorldWin64_Data/MonoBleedingEdge/data-000001C157851CB0.dll
Fallback handler could not load library C:/Program Files (x86)/Steam/steamapps/common/RimWorld/RimWorldWin64_Data/MonoBleedingEdge/data-000001C15787E470.dll
Fallback handler could not load library C:/Program Files (x86)/Steam/steamapps/common/RimWorld/RimWorldWin64_Data/MonoBleedingEdge/data-000001C15785A8C0.dll
Fallback handler could not load library C:/Program Files (x86)/Steam/steamapps/common/RimWorld/RimWorldWin64_Data/MonoBleedingEdge/data-000001C157887880.dll
Fallback handler could not load library C:/Program Files (x86)/Steam/steamapps/common/RimWorld/RimWorldWin64_Data/MonoBleedingEdge/data-000001C15788C290.dll
Fallback handler could not load library C:/Program Files (x86)/Steam/steamapps/common/RimWorld/RimWorldWin64_Data/MonoBleedingEdge/data-000001C15789E6A0.dll
Fallback handler could not load library C:/Program Files (x86)/Steam/steamapps/common/RimWorld/RimWorldWin64_Data/MonoBleedingEdge/data-000001C1578AB2B0.dll
Fallback handler could not load library C:/Program Files (x86)/Steam/steamapps/common/RimWorld/RimWorldWin64_Data/MonoBleedingEdge/data-000001C1577F6630.dll
Fallback handler could not load library C:/Program Files (x86)/Steam/steamapps/common/RimWorld/RimWorldWin64_Data/MonoBleedingEdge/data-000001C15785E2D0.dll
Fallback handler could not load library C:/Program Files (x86)/Steam/steamapps/common/RimWorld/RimWorldWin64_Data/MonoBleedingEdge/data-000001C1578AEEC0.dll
Fallback handler could not load library C:/Program Files (x86)/Steam/steamapps/common/RimWorld/RimWorldWin64_Data/MonoBleedingEdge/data-000001C157904010.dll
Fallback handler could not load library C:/Program Files (x86)/Steam/steamapps/common/RimWorld/RimWorldWin64_Data/MonoBleedingEdge/data-000001C1579BF5C0.dll
Fallback handler could not load library C:/Program Files (x86)/Steam/steamapps/common/RimWorld/RimWorldWin64_Data/MonoBleedingEdge/data-000001C1579DF1D0.dll
Fallback handler could not load library C:/Program Files (x86)/Steam/steamapps/common/RimWorld/RimWorldWin64_Data/MonoBleedingEdge/data-000001C135AC88D0.dll
Fallback handler could not load library C:/Program Files (x86)/Steam/steamapps/common/RimWorld/RimWorldWin64_Data/MonoBleedingEdge/data-000001C1579E67E0.dll
Fallback handler could not load library C:/Program Files (x86)/Steam/steamapps/common/RimWorld/RimWorldWin64_Data/MonoBleedingEdge/data-000001C15797A030.dll
Fallback handler could not load library C:/Program Files (x86)/Steam/steamapps/common/RimWorld/RimWorldWin64_Data/MonoBleedingEdge/data-000001C1579F6BF0.dll
Fallback handler could not load library C:/Program Files (x86)/Steam/steamapps/common/RimWorld/RimWorldWin64_Data/MonoBleedingEdge/data-000001C15797C640.dll
Fallback handler could not load library C:/Program Files (x86)/Steam/steamapps/common/RimWorld/RimWorldWin64_Data/MonoBleedingEdge/data-000001C157A02000.dll
Fallback handler could not load library C:/Program Files (x86)/Steam/steamapps/common/RimWorld/RimWorldWin64_Data/MonoBleedingEdge/data-000001C15797E050.dll
Fallback handler could not load library C:/Program Files (x86)/Steam/steamapps/common/RimWorld/RimWorldWin64_Data/MonoBleedingEdge/data-000001C157A1C410.dll
Fallback handler could not load library C:/Program Files (x86)/Steam/steamapps/common/RimWorld/RimWorldWin64_Data/MonoBleedingEdge/data-000001C1280841C0.dll
Fallback handler could not load library C:/Program Files (x86)/Steam/steamapps/common/RimWorld/RimWorldWin64_Data/MonoBleedingEdge/data-000001C157A1F020.dll
Fallback handler could not load library C:/Program Files (x86)/Steam/steamapps/common/RimWorld/RimWorldWin64_Data/MonoBleedingEdge/data-000001C157A25E30.dll
Fallback handler could not load library C:/Program Files (x86)/Steam/steamapps/common/RimWorld/RimWorldWin64_Data/MonoBleedingEdge/data-000001C157FC0080.dll
Fallback handler could not load library C:/Program Files (x86)/Steam/steamapps/common/RimWorld/RimWorldWin64_Data/MonoBleedingEdge/data-000001C157FC7090.dll
Fallback handler could not load library C:/Program Files (x86)/Steam/steamapps/common/RimWorld/RimWorldWin64_Data/MonoBleedingEdge/data-000001C157A29840.dll
Fallback handler could not load library C:/Program Files (x86)/Steam/steamapps/common/RimWorld/RimWorldWin64_Data/MonoBleedingEdge/data-000001C157A2BC50.dll
Fallback handler could not load library C:/Program Files (x86)/Steam/steamapps/common/RimWorld/RimWorldWin64_Data/MonoBleedingEdge/data-000001C157FD0AB0.dll
Fallback handler could not load library C:/Program Files (x86)/Steam/steamapps/common/RimWorld/RimWorldWin64_Data/MonoBleedingEdge/data-000001C157FD56C0.dll
Fallback handler could not load library C:/Program Files (x86)/Steam/steamapps/common/RimWorld/RimWorldWin64_Data/MonoBleedingEdge/data-000001C157FF58D0.dll
Fallback handler could not load library C:/Program Files (x86)/Steam/steamapps/common/RimWorld/RimWorldWin64_Data/MonoBleedingEdge/data-000001C0D2827C10.dll
Fallback handler could not load library C:/Program Files (x86)/Steam/steamapps/common/RimWorld/RimWorldWin64_Data/MonoBleedingEdge/data-000001C1580138F0.dll
Fallback handler could not load library C:/Program Files (x86)/Steam/steamapps/common/RimWorld/RimWorldWin64_Data/MonoBleedingEdge/data-000001C158034700.dll
Fallback handler could not load library C:/Program Files (x86)/Steam/steamapps/common/RimWorld/RimWorldWin64_Data/MonoBleedingEdge/data-000001C15803B910.dll
Fallback handler could not load library C:/Program Files (x86)/Steam/steamapps/common/RimWorld/RimWorldWin64_Data/MonoBleedingEdge/data-000001C15804D120.dll
Fallback handler could not load library C:/Program Files (x86)/Steam/steamapps/common/RimWorld/RimWorldWin64_Data/MonoBleedingEdge/data-000001C15805B130.dll
Fallback handler could not load library C:/Program Files (x86)/Steam/steamapps/common/RimWorld/RimWorldWin64_Data/MonoBleedingEdge/data-000001C158069D50.dll
Fallback handler could not load library C:/Program Files (x86)/Steam/steamapps/common/RimWorld/RimWorldWin64_Data/MonoBleedingEdge/data-000001C15806B760.dll
Fallback handler could not load library C:/Program Files (x86)/Steam/steamapps/common/RimWorld/RimWorldWin64_Data/MonoBleedingEdge/data-000001C15806ED70.dll
Fallback handler could not load library C:/Program Files (x86)/Steam/steamapps/common/RimWorld/RimWorldWin64_Data/MonoBleedingEdge/data-000001C1580BC180.dll
Fallback handler could not load library C:/Program Files (x86)/Steam/steamapps/common/RimWorld/RimWorldWin64_Data/MonoBleedingEdge/data-000001C1580D7F90.dll
Fallback handler could not load library C:/Program Files (x86)/Steam/steamapps/common/RimWorld/RimWorldWin64_Data/MonoBleedingEdge/data-000001C15810A7A0.dll
Fallback handler could not load library C:/Program Files (x86)/Steam/steamapps/common/RimWorld/RimWorldWin64_Data/MonoBleedingEdge/data-000001C15810D3B0.dll
Fallback handler could not load library C:/Program Files (x86)/Steam/steamapps/common/RimWorld/RimWorldWin64_Data/MonoBleedingEdge/data-000001C1581113C0.dll
Fallback handler could not load library C:/Program Files (x86)/Steam/steamapps/common/RimWorld/RimWorldWin64_Data/MonoBleedingEdge/data-000001C1581195D0.dll
Fallback handler could not load library C:/Program Files (x86)/Steam/steamapps/common/RimWorld/RimWorldWin64_Data/MonoBleedingEdge/data-000001C15811D7E0.dll
Fallback handler could not load library C:/Program Files (x86)/Steam/steamapps/common/RimWorld/RimWorldWin64_Data/MonoBleedingEdge/data-000001C15813ABF0.dll
Fallback handler could not load library C:/Program Files (x86)/Steam/steamapps/common/RimWorld/RimWorldWin64_Data/MonoBleedingEdge/data-000001C15813CA00.dll
Fallback handler could not load library C:/Program Files (x86)/Steam/steamapps/common/RimWorld/RimWorldWin64_Data/MonoBleedingEdge/data-000001C158175C10.dll
Fallback handler could not load library C:/Program Files (x86)/Steam/steamapps/common/RimWorld/RimWorldWin64_Data/MonoBleedingEdge/data-000001C15818A620.dll
Fallback handler could not load library C:/Program Files (x86)/Steam/steamapps/common/RimWorld/RimWorldWin64_Data/MonoBleedingEdge/data-000001C1357835C0.dll
Fallback handler could not load library C:/Program Files (x86)/Steam/steamapps/common/RimWorld/RimWorldWin64_Data/MonoBleedingEdge/data-000001C15818D230.dll
Fallback handler could not load library C:/Program Files (x86)/Steam/steamapps/common/RimWorld/RimWorldWin64_Data/MonoBleedingEdge/data-000001C135ACBCE0.dll
Fallback handler could not load library C:/Program Files (x86)/Steam/steamapps/common/RimWorld/RimWorldWin64_Data/MonoBleedingEdge/data-000001C1581AFC50.dll
Fallback handler could not load library C:/Program Files (x86)/Steam/steamapps/common/RimWorld/RimWorldWin64_Data/MonoBleedingEdge/data-000001C1581DE660.dll
Fallback handler could not load library C:/Program Files (x86)/Steam/steamapps/common/RimWorld/RimWorldWin64_Data/MonoBleedingEdge/data-000001C1581E7670.dll
Fallback handler could not load library C:/Program Files (x86)/Steam/steamapps/common/RimWorld/RimWorldWin64_Data/MonoBleedingEdge/data-000001C135AC54C0.dll
Fallback handler could not load library C:/Program Files (x86)/Steam/steamapps/common/RimWorld/RimWorldWin64_Data/MonoBleedingEdge/data-000001C158201280.dll
Fallback handler could not load library C:/Program Files (x86)/Steam/steamapps/common/RimWorld/RimWorldWin64_Data/MonoBleedingEdge/data-000001C158202C90.dll
Fallback handler could not load library C:/Program Files (x86)/Steam/steamapps/common/RimWorld/RimWorldWin64_Data/MonoBleedingEdge/data-000001C157515300.dll
Fallback handler could not load library C:/Program Files (x86)/Steam/steamapps/common/RimWorld/RimWorldWin64_Data/MonoBleedingEdge/data-000001C15820CCA0.dll
Fallback handler could not load library C:/Program Files (x86)/Steam/steamapps/common/RimWorld/RimWorldWin64_Data/MonoBleedingEdge/data-000001C1575140F0.dll
Fallback handler could not load library C:/Program Files (x86)/Steam/steamapps/common/RimWorld/RimWorldWin64_Data/MonoBleedingEdge/data-000001C1582370B0.dll
Fallback handler could not load library C:/Program Files (x86)/Steam/steamapps/common/RimWorld/RimWorldWin64_Data/MonoBleedingEdge/data-000001C1582418C0.dll
Fallback handler could not load library C:/Program Files (x86)/Steam/steamapps/common/RimWorld/RimWorldWin64_Data/MonoBleedingEdge/data-000001C15824BAD0.dll
Fallback handler could not load library C:/Program Files (x86)/Steam/steamapps/common/RimWorld/RimWorldWin64_Data/MonoBleedingEdge/data-000001C158251EE0.dll
Fallback handler could not load library C:/Program Files (x86)/Steam/steamapps/common/RimWorld/RimWorldWin64_Data/MonoBleedingEdge/data-000001C1582588F0.dll
Fallback handler could not load library C:/Program Files (x86)/Steam/steamapps/common/RimWorld/RimWorldWin64_Data/MonoBleedingEdge/data-000001C15829E010.dll
Fallback handler could not load library C:/Program Files (x86)/Steam/steamapps/common/RimWorld/RimWorldWin64_Data/MonoBleedingEdge/data-000001C1582AE020.dll
Fallback handler could not load library C:/Program Files (x86)/Steam/steamapps/common/RimWorld/RimWorldWin64_Data/MonoBleedingEdge/data-000001C15830A440.dll
Fallback handler could not load library C:/Program Files (x86)/Steam/steamapps/common/RimWorld/RimWorldWin64_Data/MonoBleedingEdge/data-000001C15831BE50.dll
Fallback handler could not load library C:/Program Files (x86)/Steam/steamapps/common/RimWorld/RimWorldWin64_Data/MonoBleedingEdge/data-000001C15831F060.dll
Fallback handler could not load library C:/Program Files (x86)/Steam/steamapps/common/RimWorld/RimWorldWin64_Data/MonoBleedingEdge/data-000001C15832C680.dll
Fallback handler could not load library C:/Program Files (x86)/Steam/steamapps/common/RimWorld/RimWorldWin64_Data/MonoBleedingEdge/data-000001C158354290.dll
Fallback handler could not load library C:/Program Files (x86)/Steam/steamapps/common/RimWorld/RimWorldWin64_Data/MonoBleedingEdge/data-000001C158367AA0.dll
Fallback handler could not load library C:/Program Files (x86)/Steam/steamapps/common/RimWorld/RimWorldWin64_Data/MonoBleedingEdge/data-000001C1583966B0.dll
Fallback handler could not load library C:/Program Files (x86)/Steam/steamapps/common/RimWorld/RimWorldWin64_Data/MonoBleedingEdge/data-000001C1583A76C0.dll
Fallback handler could not load library C:/Program Files (x86)/Steam/steamapps/common/RimWorld/RimWorldWin64_Data/MonoBleedingEdge/data-000001C1583AA2D0.dll
Fallback handler could not load library C:/Program Files (x86)/Steam/steamapps/common/RimWorld/RimWorldWin64_Data/MonoBleedingEdge/data-000001C1583B5CE0.dll
Fallback handler could not load library C:/Program Files (x86)/Steam/steamapps/common/RimWorld/RimWorldWin64_Data/MonoBleedingEdge/data-000001C1584500F0.dll
Fallback handler could not load library C:/Program Files (x86)/Steam/steamapps/common/RimWorld/RimWorldWin64_Data/MonoBleedingEdge/data-000001C158453100.dll
Fallback handler could not load library C:/Program Files (x86)/Steam/steamapps/common/RimWorld/RimWorldWin64_Data/MonoBleedingEdge/data-000001C158454B10.dll
Fallback handler could not load library C:/Program Files (x86)/Steam/steamapps/common/RimWorld/RimWorldWin64_Data/MonoBleedingEdge/data-000001C158456720.dll
Fallback handler could not load library C:/Program Files (x86)/Steam/steamapps/common/RimWorld/RimWorldWin64_Data/MonoBleedingEdge/data-000001C13577CF90.dll
Fallback handler could not load library C:/Program Files (x86)/Steam/steamapps/common/RimWorld/RimWorldWin64_Data/MonoBleedingEdge/data-000001C158458130.dll
Fallback handler could not load library C:/Program Files (x86)/Steam/steamapps/common/RimWorld/RimWorldWin64_Data/MonoBleedingEdge/data-000001C1357431B0.dll
Fallback handler could not load library C:/Program Files (x86)/Steam/steamapps/common/RimWorld/RimWorldWin64_Data/MonoBleedingEdge/data-000001C15845C140.dll
Fallback handler could not load library C:/Program Files (x86)/Steam/steamapps/common/RimWorld/RimWorldWin64_Data/MonoBleedingEdge/data-000001C15845DF50.dll
Fallback handler could not load library C:/Program Files (x86)/Steam/steamapps/common/RimWorld/RimWorldWin64_Data/MonoBleedingEdge/data-000001C0D28A7E40.dll
Fallback handler could not load library C:/Program Files (x86)/Steam/steamapps/common/RimWorld/RimWorldWin64_Data/MonoBleedingEdge/data-000001C0D282E060.dll
Fallback handler could not load library C:/Program Files (x86)/Steam/steamapps/common/RimWorld/RimWorldWin64_Data/MonoBleedingEdge/data-000001C15845F7B0.dll
Fallback handler could not load library C:/Program Files (x86)/Steam/steamapps/common/RimWorld/RimWorldWin64_Data/MonoBleedingEdge/data-000001C15846F770.dll
Fallback handler could not load library C:/Program Files (x86)/Steam/steamapps/common/RimWorld/RimWorldWin64_Data/MonoBleedingEdge/data-000001C158482E50.dll
Fallback handler could not load library C:/Program Files (x86)/Steam/steamapps/common/RimWorld/RimWorldWin64_Data/MonoBleedingEdge/data-000001C158473D80.dll
Fallback handler could not load library C:/Program Files (x86)/Steam/steamapps/common/RimWorld/RimWorldWin64_Data/MonoBleedingEdge/data-000001C158499750.dll
Fallback handler could not load library C:/Program Files (x86)/Steam/steamapps/common/RimWorld/RimWorldWin64_Data/MonoBleedingEdge/data-000001C1584A1B60.dll
Fallback handler could not load library C:/Program Files (x86)/Steam/steamapps/common/RimWorld/RimWorldWin64_Data/MonoBleedingEdge/data-000001C1584B7570.dll
Fallback handler could not load library C:/Program Files (x86)/Steam/steamapps/common/RimWorld/RimWorldWin64_Data/MonoBleedingEdge/data-000001C1584F0010.dll
Fallback handler could not load library C:/Program Files (x86)/Steam/steamapps/common/RimWorld/RimWorldWin64_Data/MonoBleedingEdge/data-000001C158460FC0.dll
Fallback handler could not load library C:/Program Files (x86)/Steam/steamapps/common/RimWorld/RimWorldWin64_Data/MonoBleedingEdge/data-000001C158489660.dll
Fallback handler could not load library C:/Program Files (x86)/Steam/steamapps/common/RimWorld/RimWorldWin64_Data/MonoBleedingEdge/data-000001C1584FFE20.dll
Fallback handler could not load library C:/Program Files (x86)/Steam/steamapps/common/RimWorld/RimWorldWin64_Data/MonoBleedingEdge/data-000001C158507230.dll
Fallback handler could not load library C:/Program Files (x86)/Steam/steamapps/common/RimWorld/RimWorldWin64_Data/MonoBleedingEdge/data-000001C15850A240.dll
Fallback handler could not load library C:/Program Files (x86)/Steam/steamapps/common/RimWorld/RimWorldWin64_Data/MonoBleedingEdge/data-000001C15825FD60.dll
Fallback handler could not load library C:/Program Files (x86)/Steam/steamapps/common/RimWorld/RimWorldWin64_Data/MonoBleedingEdge/data-000001C158514850.dll
Fallback handler could not load library C:/Program Files (x86)/Steam/steamapps/common/RimWorld/RimWorldWin64_Data/MonoBleedingEdge/data-000001C158522660.dll
Fallback handler could not load library C:/Program Files (x86)/Steam/steamapps/common/RimWorld/RimWorldWin64_Data/MonoBleedingEdge/data-000001C158467000.dll
Fallback handler could not load library C:/Program Files (x86)/Steam/steamapps/common/RimWorld/RimWorldWin64_Data/MonoBleedingEdge/data-000001C158589480.dll
Fallback handler could not load library C:/Program Files (x86)/Steam/steamapps/common/RimWorld/RimWorldWin64_Data/MonoBleedingEdge/data-000001C1585CBB50.dll
Fallback handler could not load library C:/Program Files (x86)/Steam/steamapps/common/RimWorld/RimWorldWin64_Data/MonoBleedingEdge/data-000001C15848B470.dll
Fallback handler could not load library C:/Program Files (x86)/Steam/steamapps/common/RimWorld/RimWorldWin64_Data/MonoBleedingEdge/data-000001C15859A490.dll
Fallback handler could not load library C:/Program Files (x86)/Steam/steamapps/common/RimWorld/RimWorldWin64_Data/MonoBleedingEdge/data-000001C1585CF960.dll
Fallback handler could not load library C:/Program Files (x86)/Steam/steamapps/common/RimWorld/RimWorldWin64_Data/MonoBleedingEdge/data-000001C1585A16A0.dll
Fallback handler could not load library C:/Program Files (x86)/Steam/steamapps/common/RimWorld/RimWorldWin64_Data/MonoBleedingEdge/data-000001C158605B70.dll
Fallback handler could not load library C:/Program Files (x86)/Steam/steamapps/common/RimWorld/RimWorldWin64_Data/MonoBleedingEdge/data-000001C15862C380.dll
Fallback handler could not load library C:/Program Files (x86)/Steam/steamapps/common/RimWorld/RimWorldWin64_Data/MonoBleedingEdge/data-000001C1353CB8A0.dll
Fallback handler could not load library C:/Program Files (x86)/Steam/steamapps/common/RimWorld/RimWorldWin64_Data/MonoBleedingEdge/data-000001C157519B40.dll
Fallback handler could not load library C:/Program Files (x86)/Steam/steamapps/common/RimWorld/RimWorldWin64_Data/MonoBleedingEdge/data-000001C158F91040.dll
Fallback handler could not load library C:/Program Files (x86)/Steam/steamapps/common/RimWorld/RimWorldWin64_Data/MonoBleedingEdge/data-000001C15863DD90.dll
Fallback handler could not load library C:/Program Files (x86)/Steam/steamapps/common/RimWorld/RimWorldWin64_Data/MonoBleedingEdge/data-000001C1585A40B0.dll
Fallback handler could not load library C:/Program Files (x86)/Steam/steamapps/common/RimWorld/RimWorldWin64_Data/MonoBleedingEdge/data-000001C1586407A0.dll
Fallback handler could not load library C:/Program Files (x86)/Steam/steamapps/common/RimWorld/RimWorldWin64_Data/MonoBleedingEdge/data-000001C158648DB0.dll
Fallback handler could not load library C:/Program Files (x86)/Steam/steamapps/common/RimWorld/RimWorldWin64_Data/MonoBleedingEdge/data-000001C159288040.dll
Fallback handler could not load library C:/Program Files (x86)/Steam/steamapps/common/RimWorld/RimWorldWin64_Data/MonoBleedingEdge/data-000001C15865E3C0.dll
Fallback handler could not load library C:/Program Files (x86)/Steam/steamapps/common/RimWorld/RimWorldWin64_Data/MonoBleedingEdge/data-000001C1586633D0.dll
Fallback handler could not load library C:/Program Files (x86)/Steam/steamapps/common/RimWorld/RimWorldWin64_Data/MonoBleedingEdge/data-000001C15866D7E0.dll
Fallback handler could not load library C:/Program Files (x86)/Steam/steamapps/common/RimWorld/RimWorldWin64_Data/MonoBleedingEdge/data-000001C1586709F0.dll
Fallback handler could not load library C:/Program Files (x86)/Steam/steamapps/common/RimWorld/RimWorldWin64_Data/MonoBleedingEdge/data-000001C15867B610.dll
Fallback handler could not load library C:/Program Files (x86)/Steam/steamapps/common/RimWorld/RimWorldWin64_Data/MonoBleedingEdge/data-000001C15867DA20.dll
Fallback handler could not load library C:/Program Files (x86)/Steam/steamapps/common/RimWorld/RimWorldWin64_Data/MonoBleedingEdge/data-000001C158681430.dll
Fallback handler could not load library C:/Program Files (x86)/Steam/steamapps/common/RimWorld/RimWorldWin64_Data/MonoBleedingEdge/data-000001C1586C37D0.dll
Fallback handler could not load library C:/Program Files (x86)/Steam/steamapps/common/RimWorld/RimWorldWin64_Data/MonoBleedingEdge/data-000001C1586A6440.dll
Fallback handler could not load library C:/Program Files (x86)/Steam/steamapps/common/RimWorld/RimWorldWin64_Data/MonoBleedingEdge/data-000001C1586E75F0.dll
Fallback handler could not load library C:/Program Files (x86)/Steam/steamapps/common/RimWorld/RimWorldWin64_Data/MonoBleedingEdge/data-000001C157517720.dll
Fallback handler could not load library C:/Program Files (x86)/Steam/steamapps/common/RimWorld/RimWorldWin64_Data/MonoBleedingEdge/data-000001C1586EC600.dll
Fallback handler could not load library C:/Program Files (x86)/Steam/steamapps/common/RimWorld/RimWorldWin64_Data/MonoBleedingEdge/data-000001C15876A610.dll
Fallback handler could not load library C:/Program Files (x86)/Steam/steamapps/common/RimWorld/RimWorldWin64_Data/MonoBleedingEdge/data-000001C15876DC20.dll
Fallback handler could not load library C:/Program Files (x86)/Steam/steamapps/common/RimWorld/RimWorldWin64_Data/MonoBleedingEdge/data-000001C158771E30.dll
Fallback handler could not load library C:/Program Files (x86)/Steam/steamapps/common/RimWorld/RimWorldWin64_Data/MonoBleedingEdge/data-000001C15879F040.dll
Fallback handler could not load library C:/Program Files (x86)/Steam/steamapps/common/RimWorld/RimWorldWin64_Data/MonoBleedingEdge/data-000001C1584627D0.dll
Fallback handler could not load library C:/Program Files (x86)/Steam/steamapps/common/RimWorld/RimWorldWin64_Data/MonoBleedingEdge/data-000001C1587A5A50.dll
Fallback handler could not load library C:/Program Files (x86)/Steam/steamapps/common/RimWorld/RimWorldWin64_Data/MonoBleedingEdge/data-000001C1587A9460.dll
Fallback handler could not load library C:/Program Files (x86)/Steam/steamapps/common/RimWorld/RimWorldWin64_Data/MonoBleedingEdge/data-000001C1587AEE70.dll
Fallback handler could not load library C:/Program Files (x86)/Steam/steamapps/common/RimWorld/RimWorldWin64_Data/MonoBleedingEdge/data-000001C1587CB680.dll
Fallback handler could not load library C:/Program Files (x86)/Steam/steamapps/common/RimWorld/RimWorldWin64_Data/MonoBleedingEdge/data-000001C1587D3A90.dll
Fallback handler could not load library C:/Program Files (x86)/Steam/steamapps/common/RimWorld/RimWorldWin64_Data/MonoBleedingEdge/data-000001C158819010.dll
Fallback handler could not load library C:/Program Files (x86)/Steam/steamapps/common/RimWorld/RimWorldWin64_Data/MonoBleedingEdge/data-000001C15881D220.dll
Fallback handler could not load library C:/Program Files (x86)/Steam/steamapps/common/RimWorld/RimWorldWin64_Data/MonoBleedingEdge/data-000001C158820030.dll
Fallback handler could not load library C:/Program Files (x86)/Steam/steamapps/common/RimWorld/RimWorldWin64_Data/MonoBleedingEdge/data-000001C158823640.dll
Fallback handler could not load library C:/Program Files (x86)/Steam/steamapps/common/RimWorld/RimWorldWin64_Data/MonoBleedingEdge/data-000001C0D282A430.dll
Fallback handler could not load library C:/Program Files (x86)/Steam/steamapps/common/RimWorld/RimWorldWin64_Data/MonoBleedingEdge/data-000001C158851050.dll
Fallback handler could not load library C:/Program Files (x86)/Steam/steamapps/common/RimWorld/RimWorldWin64_Data/MonoBleedingEdge/data-000001C158859A60.dll
Fallback handler could not load library C:/Program Files (x86)/Steam/steamapps/common/RimWorld/RimWorldWin64_Data/MonoBleedingEdge/data-000001C158887C70.dll
Fallback handler could not load library C:/Program Files (x86)/Steam/steamapps/common/RimWorld/RimWorldWin64_Data/MonoBleedingEdge/data-000001C1588A3880.dll
Fallback handler could not load library C:/Program Files (x86)/Steam/steamapps/common/RimWorld/RimWorldWin64_Data/MonoBleedingEdge/data-000001C15825C950.dll
Fallback handler could not load library C:/Program Files (x86)/Steam/steamapps/common/RimWorld/RimWorldWin64_Data/MonoBleedingEdge/data-000001C1588AA290.dll
Fallback handler could not load library C:/Program Files (x86)/Steam/steamapps/common/RimWorld/RimWorldWin64_Data/MonoBleedingEdge/data-000001C1588B94A0.dll
Fallback handler could not load library C:/Program Files (x86)/Steam/steamapps/common/RimWorld/RimWorldWin64_Data/MonoBleedingEdge/data-000001C1588DD2B0.dll
Fallback handler could not load library C:/Program Files (x86)/Steam/steamapps/common/RimWorld/RimWorldWin64_Data/MonoBleedingEdge/data-000001C1586AE450.dll
Fallback handler could not load library C:/Program Files (x86)/Steam/steamapps/common/RimWorld/RimWorldWin64_Data/MonoBleedingEdge/data-000001C1588F16C0.dll
Fallback handler could not load library C:/Program Files (x86)/Steam/steamapps/common/RimWorld/RimWorldWin64_Data/MonoBleedingEdge/data-000001C158900AD0.dll
Fallback handler could not load library C:/Program Files (x86)/Steam/steamapps/common/RimWorld/RimWorldWin64_Data/MonoBleedingEdge/data-000001C1589040E0.dll
Fallback handler could not load library C:/Program Files (x86)/Steam/steamapps/common/RimWorld/RimWorldWin64_Data/MonoBleedingEdge/data-000001C158907EF0.dll
Fallback handler could not load library C:/Program Files (x86)/Steam/steamapps/common/RimWorld/RimWorldWin64_Data/MonoBleedingEdge/data-000001C158919700.dll
Fallback handler could not load library C:/Program Files (x86)/Steam/steamapps/common/RimWorld/RimWorldWin64_Data/MonoBleedingEdge/data-000001C158929510.dll
Fallback handler could not load library C:/Program Files (x86)/Steam/steamapps/common/RimWorld/RimWorldWin64_Data/MonoBleedingEdge/data-000001C158948520.dll
Fallback handler could not load library C:/Program Files (x86)/Steam/steamapps/common/RimWorld/RimWorldWin64_Data/MonoBleedingEdge/data-000001C158968130.dll
Fallback handler could not load library C:/Program Files (x86)/Steam/steamapps/common/RimWorld/RimWorldWin64_Data/MonoBleedingEdge/data-000001C1589C1340.dll
Fallback handler could not load library C:/Program Files (x86)/Steam/steamapps/common/RimWorld/RimWorldWin64_Data/MonoBleedingEdge/data-000001C1589F5B50.dll
Fallback handler could not load library C:/Program Files (x86)/Steam/steamapps/common/RimWorld/RimWorldWin64_Data/MonoBleedingEdge/data-000001C158A21B60.dll
Fallback handler could not load library C:/Program Files (x86)/Steam/steamapps/common/RimWorld/RimWorldWin64_Data/MonoBleedingEdge/data-000001C158A2CD70.dll
Fallback handler could not load library C:/Program Files (x86)/Steam/steamapps/common/RimWorld/RimWorldWin64_Data/MonoBleedingEdge/data-000001C158A46180.dll
Fallback handler could not load library C:/Program Files (x86)/Steam/steamapps/common/RimWorld/RimWorldWin64_Data/MonoBleedingEdge/data-000001C158A4EB90.dll
Fallback handler could not load library C:/Program Files (x86)/Steam/steamapps/common/RimWorld/RimWorldWin64_Data/MonoBleedingEdge/data-000001C158A58BA0.dll
Fallback handler could not load library C:/Program Files (x86)/Steam/steamapps/common/RimWorld/RimWorldWin64_Data/MonoBleedingEdge/data-000001C0D282F470.dll
Fallback handler could not load library C:/Program Files (x86)/Steam/steamapps/common/RimWorld/RimWorldWin64_Data/MonoBleedingEdge/data-000001C158A5C3B0.dll
Fallback handler could not load library C:/Program Files (x86)/Steam/steamapps/common/RimWorld/RimWorldWin64_Data/MonoBleedingEdge/data-000001C158A67DC0.dll
Fallback handler could not load library C:/Program Files (x86)/Steam/steamapps/common/RimWorld/RimWorldWin64_Data/MonoBleedingEdge/data-000001C158A7B5D0.dll
Fallback handler could not load library C:/Program Files (x86)/Steam/steamapps/common/RimWorld/RimWorldWin64_Data/MonoBleedingEdge/data-000001C158A85BE0.dll
Fallback handler could not load library C:/Program Files (x86)/Steam/steamapps/common/RimWorld/RimWorldWin64_Data/MonoBleedingEdge/data-000001C158B0DFF0.dll
Fallback handler could not load library C:/Program Files (x86)/Steam/steamapps/common/RimWorld/RimWorldWin64_Data/MonoBleedingEdge/data-000001C158B14C00.dll
Fallback handler could not load library C:/Program Files (x86)/Steam/steamapps/common/RimWorld/RimWorldWin64_Data/MonoBleedingEdge/data-000001C158B19810.dll
Fallback handler could not load library C:/Program Files (x86)/Steam/steamapps/common/RimWorld/RimWorldWin64_Data/MonoBleedingEdge/data-000001C158B31620.dll
Fallback handler could not load library C:/Program Files (x86)/Steam/steamapps/common/RimWorld/RimWorldWin64_Data/MonoBleedingEdge/data-000001C158B39030.dll
Fallback handler could not load library C:/Program Files (x86)/Steam/steamapps/common/RimWorld/RimWorldWin64_Data/MonoBleedingEdge/data-000001C158B51640.dll
Fallback handler could not load library C:/Program Files (x86)/Steam/steamapps/common/RimWorld/RimWorldWin64_Data/MonoBleedingEdge/data-000001C158B64A50.dll
Fallback handler could not load library C:/Program Files (x86)/Steam/steamapps/common/RimWorld/RimWorldWin64_Data/MonoBleedingEdge/data-000001C158BB4060.dll
Fallback handler could not load library C:/Program Files (x86)/Steam/steamapps/common/RimWorld/RimWorldWin64_Data/MonoBleedingEdge/data-000001C158BBC670.dll
Fallback handler could not load library C:/Program Files (x86)/Steam/steamapps/common/RimWorld/RimWorldWin64_Data/MonoBleedingEdge/data-000001C158BBEC80.dll
Fallback handler could not load library C:/Program Files (x86)/Steam/steamapps/common/RimWorld/RimWorldWin64_Data/MonoBleedingEdge/data-000001C158BCC890.dll
Fallback handler could not load library C:/Program Files (x86)/Steam/steamapps/common/RimWorld/RimWorldWin64_Data/MonoBleedingEdge/data-000001C158BD24A0.dll
Fallback handler could not load library C:/Program Files (x86)/Steam/steamapps/common/RimWorld/RimWorldWin64_Data/MonoBleedingEdge/data-000001C158BDE6B0.dll
Fallback handler could not load library C:/Program Files (x86)/Steam/steamapps/common/RimWorld/RimWorldWin64_Data/MonoBleedingEdge/data-000001C13578BE00.dll
Fallback handler could not load library C:/Program Files (x86)/Steam/steamapps/common/RimWorld/RimWorldWin64_Data/MonoBleedingEdge/data-000001C158BEE4C0.dll
Fallback handler could not load library C:/Program Files (x86)/Steam/steamapps/common/RimWorld/RimWorldWin64_Data/MonoBleedingEdge/data-000001C158C024D0.dll
Fallback handler could not load library C:/Program Files (x86)/Steam/steamapps/common/RimWorld/RimWorldWin64_Data/MonoBleedingEdge/data-000001C158C090E0.dll
Fallback handler could not load library C:/Program Files (x86)/Steam/steamapps/common/RimWorld/RimWorldWin64_Data/MonoBleedingEdge/data-000001C158C0D0F0.dll
Fallback handler could not load library C:/Program Files (x86)/Steam/steamapps/common/RimWorld/RimWorldWin64_Data/MonoBleedingEdge/data-000001C158C10900.dll
Fallback handler could not load library C:/Program Files (x86)/Steam/steamapps/common/RimWorld/RimWorldWin64_Data/MonoBleedingEdge/data-000001C158C19F10.dll
Fallback handler could not load library C:/Program Files (x86)/Steam/steamapps/common/RimWorld/RimWorldWin64_Data/MonoBleedingEdge/data-000001C158C49920.dll
Fallback handler could not load library C:/Program Files (x86)/Steam/steamapps/common/RimWorld/RimWorldWin64_Data/MonoBleedingEdge/data-000001C158C55530.dll
Fallback handler could not load library C:/Program Files (x86)/Steam/steamapps/common/RimWorld/RimWorldWin64_Data/MonoBleedingEdge/data-000001C158C5E140.dll
Fallback handler could not load library C:/Program Files (x86)/Steam/steamapps/common/RimWorld/RimWorldWin64_Data/MonoBleedingEdge/data-000001C158C83750.dll
Fallback handler could not load library C:/Program Files (x86)/Steam/steamapps/common/RimWorld/RimWorldWin64_Data/MonoBleedingEdge/data-000001C158C93B60.dll
Fallback handler could not load library C:/Program Files (x86)/Steam/steamapps/common/RimWorld/RimWorldWin64_Data/MonoBleedingEdge/data-000001C158CAA770.dll
Fallback handler could not load library C:/Program Files (x86)/Steam/steamapps/common/RimWorld/RimWorldWin64_Data/MonoBleedingEdge/data-000001C158CB1F80.dll
Fallback handler could not load library C:/Program Files (x86)/Steam/steamapps/common/RimWorld/RimWorldWin64_Data/MonoBleedingEdge/data-000001C1353C4070.dll
Fallback handler could not load library C:/Program Files (x86)/Steam/steamapps/common/RimWorld/RimWorldWin64_Data/MonoBleedingEdge/data-000001C158468810.dll
Fallback handler could not load library C:/Program Files (x86)/Steam/steamapps/common/RimWorld/RimWorldWin64_Data/MonoBleedingEdge/data-000001C158CB4F90.dll
Fallback handler could not load library C:/Program Files (x86)/Steam/steamapps/common/RimWorld/RimWorldWin64_Data/MonoBleedingEdge/data-000001C158CB69A0.dll
Fallback handler could not load library C:/Program Files (x86)/Steam/steamapps/common/RimWorld/RimWorldWin64_Data/MonoBleedingEdge/data-000001C158CBE9B0.dll
Fallback handler could not load library C:/Program Files (x86)/Steam/steamapps/common/RimWorld/RimWorldWin64_Data/MonoBleedingEdge/data-000001C158CD05C0.dll
Fallback handler could not load library C:/Program Files (x86)/Steam/steamapps/common/RimWorld/RimWorldWin64_Data/MonoBleedingEdge/data-000001C158CDFBD0.dll
Fallback handler could not load library C:/Program Files (x86)/Steam/steamapps/common/RimWorld/RimWorldWin64_Data/MonoBleedingEdge/data-000001C158D071F0.dll
Fallback handler could not load library C:/Program Files (x86)/Steam/steamapps/common/RimWorld/RimWorldWin64_Data/MonoBleedingEdge/data-000001C0D28A9450.dll
Fallback handler could not load library C:/Program Files (x86)/Steam/steamapps/common/RimWorld/RimWorldWin64_Data/MonoBleedingEdge/data-000001C158D0F400.dll
Fallback handler could not load library C:/Program Files (x86)/Steam/steamapps/common/RimWorld/RimWorldWin64_Data/MonoBleedingEdge/data-000001C159398040.dll
Fallback handler could not load library C:/Program Files (x86)/Steam/steamapps/common/RimWorld/RimWorldWin64_Data/MonoBleedingEdge/data-000001C158D6C410.dll
Fallback handler could not load library C:/Program Files (x86)/Steam/steamapps/common/RimWorld/RimWorldWin64_Data/MonoBleedingEdge/data-000001C158D72420.dll
Fallback handler could not load library C:/Program Files (x86)/Steam/steamapps/common/RimWorld/RimWorldWin64_Data/MonoBleedingEdge/data-000001C158D7D430.dll
Fallback handler could not load library C:/Program Files (x86)/Steam/steamapps/common/RimWorld/RimWorldWin64_Data/MonoBleedingEdge/data-000001C158D82840.dll
Fallback handler could not load library C:/Program Files (x86)/Steam/steamapps/common/RimWorld/RimWorldWin64_Data/MonoBleedingEdge/data-000001C158DA5850.dll
Fallback handler could not load library C:/Program Files (x86)/Steam/steamapps/common/RimWorld/RimWorldWin64_Data/MonoBleedingEdge/data-000001C1594B0040.dll
Fallback handler could not load library C:/Program Files (x86)/Steam/steamapps/common/RimWorld/RimWorldWin64_Data/MonoBleedingEdge/data-000001C158DFD470.dll
Fallback handler could not load library C:/Program Files (x86)/Steam/steamapps/common/RimWorld/RimWorldWin64_Data/MonoBleedingEdge/data-000001C158E04480.dll
Fallback handler could not load library C:/Program Files (x86)/Steam/steamapps/common/RimWorld/RimWorldWin64_Data/MonoBleedingEdge/data-000001C158E08090.dll
Fallback handler could not load library C:/Program Files (x86)/Steam/steamapps/common/RimWorld/RimWorldWin64_Data/MonoBleedingEdge/data-000001C158E174A0.dll
Fallback handler could not load library C:/Program Files (x86)/Steam/steamapps/common/RimWorld/RimWorldWin64_Data/MonoBleedingEdge/data-000001C158463FE0.dll
Fallback handler could not load library C:/Program Files (x86)/Steam/steamapps/common/RimWorld/RimWorldWin64_Data/MonoBleedingEdge/data-000001C158E224B0.dll
Fallback handler could not load library C:/Program Files (x86)/Steam/steamapps/common/RimWorld/RimWorldWin64_Data/MonoBleedingEdge/data-000001C158E252C0.dll
Fallback handler could not load library C:/Program Files (x86)/Steam/steamapps/common/RimWorld/RimWorldWin64_Data/MonoBleedingEdge/data-000001C158E280D0.dll
Fallback handler could not load library C:/Program Files (x86)/Steam/steamapps/common/RimWorld/RimWorldWin64_Data/MonoBleedingEdge/data-000001C158E3E0E0.dll
Fallback handler could not load library C:/Program Files (x86)/Steam/steamapps/common/RimWorld/RimWorldWin64_Data/MonoBleedingEdge/data-000001C0D28A6830.dll
Fallback handler could not load library C:/Program Files (x86)/Steam/steamapps/common/RimWorld/RimWorldWin64_Data/MonoBleedingEdge/data-000001C158E412F0.dll
Fallback handler could not load library C:/Program Files (x86)/Steam/steamapps/common/RimWorld/RimWorldWin64_Data/MonoBleedingEdge/data-000001C158E43100.dll
Fallback handler could not load library C:/Program Files (x86)/Steam/steamapps/common/RimWorld/RimWorldWin64_Data/MonoBleedingEdge/data-000001C158E89510.dll
Fallback handler could not load library C:/Program Files (x86)/Steam/steamapps/common/RimWorld/RimWorldWin64_Data/MonoBleedingEdge/data-000001C158F02F20.dll
Fallback handler could not load library C:/Program Files (x86)/Steam/steamapps/common/RimWorld/RimWorldWin64_Data/MonoBleedingEdge/data-000001C158F1F330.dll
Fallback handler could not load library C:/Program Files (x86)/Steam/steamapps/common/RimWorld/RimWorldWin64_Data/MonoBleedingEdge/data-000001C158F22940.dll
Fallback handler could not load library C:/Program Files (x86)/Steam/steamapps/common/RimWorld/RimWorldWin64_Data/MonoBleedingEdge/data-000001C158F25F50.dll
Fallback handler could not load library C:/Program Files (x86)/Steam/steamapps/common/RimWorld/RimWorldWin64_Data/MonoBleedingEdge/data-000001C158F2C570.dll
Fallback handler could not load library C:/Program Files (x86)/Steam/steamapps/common/RimWorld/RimWorldWin64_Data/MonoBleedingEdge/data-000001C158F48170.dll
Fallback handler could not load library C:/Program Files (x86)/Steam/steamapps/common/RimWorld/RimWorldWin64_Data/MonoBleedingEdge/data-000001C158F35B80.dll
Fallback handler could not load library C:/Program Files (x86)/Steam/steamapps/common/RimWorld/RimWorldWin64_Data/MonoBleedingEdge/data-000001C159720080.dll
Fallback handler could not load library C:/Program Files (x86)/Steam/steamapps/common/RimWorld/RimWorldWin64_Data/MonoBleedingEdge/data-000001C158F5C780.dll
Fallback handler could not load library C:/Program Files (x86)/Steam/steamapps/common/RimWorld/RimWorldWin64_Data/MonoBleedingEdge/data-000001C158F707B0.dll
Fallback handler could not load library C:/Program Files (x86)/Steam/steamapps/common/RimWorld/RimWorldWin64_Data/MonoBleedingEdge/data-000001C1597D0E90.dll
Fallback handler could not load library C:/Program Files (x86)/Steam/steamapps/common/RimWorld/RimWorldWin64_Data/MonoBleedingEdge/data-000001C0D28AD680.dll
Fallback handler could not load library C:/Program Files (x86)/Steam/steamapps/common/RimWorld/RimWorldWin64_Data/MonoBleedingEdge/data-000001C158F37F90.dll
Fallback handler could not load library C:/Program Files (x86)/Steam/steamapps/common/RimWorld/RimWorldWin64_Data/MonoBleedingEdge/data-000001C1597F2EA0.dll
Fallback handler could not load library C:/Program Files (x86)/Steam/steamapps/common/RimWorld/RimWorldWin64_Data/MonoBleedingEdge/data-000001C0D28AC070.dll
Fallback handler could not load library C:/Program Files (x86)/Steam/steamapps/common/RimWorld/RimWorldWin64_Data/MonoBleedingEdge/data-000001C158F881D0.dll
Fallback handler could not load library C:/Program Files (x86)/Steam/steamapps/common/RimWorld/RimWorldWin64_Data/MonoBleedingEdge/data-000001C158F8C7E0.dll
Fallback handler could not load library C:/Program Files (x86)/Steam/steamapps/common/RimWorld/RimWorldWin64_Data/MonoBleedingEdge/data-000001C15987A010.dll
Fallback handler could not load library C:/Program Files (x86)/Steam/steamapps/common/RimWorld/RimWorldWin64_Data/MonoBleedingEdge/data-000001C15987CA20.dll
Fallback handler could not load library C:/Program Files (x86)/Steam/steamapps/common/RimWorld/RimWorldWin64_Data/MonoBleedingEdge/data-000001C1598D3830.dll
Fallback handler could not load library C:/Program Files (x86)/Steam/steamapps/common/RimWorld/RimWorldWin64_Data/MonoBleedingEdge/data-000001C1598E8A40.dll
Fallback handler could not load library C:/Program Files (x86)/Steam/steamapps/common/RimWorld/RimWorldWin64_Data/MonoBleedingEdge/data-000001C1598EC650.dll
Fallback handler could not load library C:/Program Files (x86)/Steam/steamapps/common/RimWorld/RimWorldWin64_Data/MonoBleedingEdge/data-000001C128081190.dll
Fallback handler could not load library C:/Program Files (x86)/Steam/steamapps/common/RimWorld/RimWorldWin64_Data/MonoBleedingEdge/data-000001C159925670.dll
Fallback handler could not load library C:/Program Files (x86)/Steam/steamapps/common/RimWorld/RimWorldWin64_Data/MonoBleedingEdge/data-000001C159934080.dll
Fallback handler could not load library C:/Program Files (x86)/Steam/steamapps/common/RimWorld/RimWorldWin64_Data/MonoBleedingEdge/data-000001C15994EA90.dll
Fallback handler could not load library C:/Program Files (x86)/Steam/steamapps/common/RimWorld/RimWorldWin64_Data/MonoBleedingEdge/data-000001C15995FEA0.dll
Fallback handler could not load library C:/Program Files (x86)/Steam/steamapps/common/RimWorld/RimWorldWin64_Data/MonoBleedingEdge/data-000001C158269990.dll
Fallback handler could not load library C:/Program Files (x86)/Steam/steamapps/common/RimWorld/RimWorldWin64_Data/MonoBleedingEdge/data-000001C1599668B0.dll
Fallback handler could not load library C:/Program Files (x86)/Steam/steamapps/common/RimWorld/RimWorldWin64_Data/MonoBleedingEdge/data-000001C1599AB6C0.dll
Fallback handler could not load library C:/Program Files (x86)/Steam/steamapps/common/RimWorld/RimWorldWin64_Data/MonoBleedingEdge/data-000001C1599D06D0.dll
Fallback handler could not load library C:/Program Files (x86)/Steam/steamapps/common/RimWorld/RimWorldWin64_Data/MonoBleedingEdge/data-000001C1599E12E0.dll
Fallback handler could not load library C:/Program Files (x86)/Steam/steamapps/common/RimWorld/RimWorldWin64_Data/MonoBleedingEdge/data-000001C1599E2CF0.dll
Fallback handler could not load library C:/Program Files (x86)/Steam/steamapps/common/RimWorld/RimWorldWin64_Data/MonoBleedingEdge/data-000001C1599E6500.dll
Fallback handler could not load library C:/Program Files (x86)/Steam/steamapps/common/RimWorld/RimWorldWin64_Data/MonoBleedingEdge/data-000001C159A1EB10.dll
Fallback handler could not load library C:/Program Files (x86)/Steam/steamapps/common/RimWorld/RimWorldWin64_Data/MonoBleedingEdge/data-000001C159A40720.dll
Fallback handler could not load library C:/Program Files (x86)/Steam/steamapps/common/RimWorld/RimWorldWin64_Data/MonoBleedingEdge/data-000001C159A46330.dll
Fallback handler could not load library C:/Program Files (x86)/Steam/steamapps/common/RimWorld/RimWorldWin64_Data/MonoBleedingEdge/data-000001C159A4E340.dll
Fallback handler could not load library C:/Program Files (x86)/Steam/steamapps/common/RimWorld/RimWorldWin64_Data/MonoBleedingEdge/data-000001C159A9BB50.dll
Fallback handler could not load library C:/Program Files (x86)/Steam/steamapps/common/RimWorld/RimWorldWin64_Data/MonoBleedingEdge/data-000001C159AB6360.dll
Fallback handler could not load library C:/Program Files (x86)/Steam/steamapps/common/RimWorld/RimWorldWin64_Data/MonoBleedingEdge/data-000001C159AC7F70.dll
Fallback handler could not load library C:/Program Files (x86)/Steam/steamapps/common/RimWorld/RimWorldWin64_Data/MonoBleedingEdge/data-000001C159ACDB80.dll
Fallback handler could not load library C:/Program Files (x86)/Steam/steamapps/common/RimWorld/RimWorldWin64_Data/MonoBleedingEdge/data-000001C159AD9D90.dll
Fallback handler could not load library C:/Program Files (x86)/Steam/steamapps/common/RimWorld/RimWorldWin64_Data/MonoBleedingEdge/data-000001C159AE1BA0.dll
Fallback handler could not load library C:/Program Files (x86)/Steam/steamapps/common/RimWorld/RimWorldWin64_Data/MonoBleedingEdge/data-000001C159AE51B0.dll
Fallback handler could not load library C:/Program Files (x86)/Steam/steamapps/common/RimWorld/RimWorldWin64_Data/MonoBleedingEdge/data-000001C159AEE7C0.dll
Fallback handler could not load library C:/Program Files (x86)/Steam/steamapps/common/RimWorld/RimWorldWin64_Data/MonoBleedingEdge/data-000001C159B013D0.dll
Fallback handler could not load library C:/Program Files (x86)/Steam/steamapps/common/RimWorld/RimWorldWin64_Data/MonoBleedingEdge/data-000001C159B07BE0.dll
Fallback handler could not load library C:/Program Files (x86)/Steam/steamapps/common/RimWorld/RimWorldWin64_Data/MonoBleedingEdge/data-000001C15A6F7040.dll
Fallback handler could not load library C:/Program Files (x86)/Steam/steamapps/common/RimWorld/RimWorldWin64_Data/MonoBleedingEdge/data-000001C159B4EC80.dll
Fallback handler could not load library C:/Program Files (x86)/Steam/steamapps/common/RimWorld/RimWorldWin64_Data/MonoBleedingEdge/data-000001C157518930.dll
Fallback handler could not load library C:/Program Files (x86)/Steam/steamapps/common/RimWorld/RimWorldWin64_Data/MonoBleedingEdge/data-000001C0D28AAA60.dll
Fallback handler could not load library C:/Program Files (x86)/Steam/steamapps/common/RimWorld/RimWorldWin64_Data/MonoBleedingEdge/data-000001C159B77010.dll
Fallback handler could not load library C:/Program Files (x86)/Steam/steamapps/common/RimWorld/RimWorldWin64_Data/MonoBleedingEdge/data-000001C0D282B840.dll
Fallback handler could not load library C:/Program Files (x86)/Steam/steamapps/common/RimWorld/RimWorldWin64_Data/MonoBleedingEdge/data-000001C159B7CA20.dll
Fallback handler could not load library C:/Program Files (x86)/Steam/steamapps/common/RimWorld/RimWorldWin64_Data/MonoBleedingEdge/data-000001C159BCCC30.dll
Fallback handler could not load library C:/Program Files (x86)/Steam/steamapps/common/RimWorld/RimWorldWin64_Data/MonoBleedingEdge/data-000001C1353CE0B0.dll
Fallback handler could not load library C:/Program Files (x86)/Steam/steamapps/common/RimWorld/RimWorldWin64_Data/MonoBleedingEdge/data-000001C1357471D0.dll
Fallback handler could not load library C:/Program Files (x86)/Steam/steamapps/common/RimWorld/RimWorldWin64_Data/MonoBleedingEdge/data-000001C159C29850.dll
Fallback handler could not load library C:/Program Files (x86)/Steam/steamapps/common/RimWorld/RimWorldWin64_Data/MonoBleedingEdge/data-000001C159C30660.dll
Fallback handler could not load library C:/Program Files (x86)/Steam/steamapps/common/RimWorld/RimWorldWin64_Data/MonoBleedingEdge/data-000001C159C45270.dll
Fallback handler could not load library C:/Program Files (x86)/Steam/steamapps/common/RimWorld/RimWorldWin64_Data/MonoBleedingEdge/data-000001C15A8F4040.dll
Fallback handler could not load library C:/Program Files (x86)/Steam/steamapps/common/RimWorld/RimWorldWin64_Data/MonoBleedingEdge/data-000001C159C48080.dll
Fallback handler could not load library C:/Program Files (x86)/Steam/steamapps/common/RimWorld/RimWorldWin64_Data/MonoBleedingEdge/data-000001C159C4D090.dll
Fallback handler could not load library C:/Program Files (x86)/Steam/steamapps/common/RimWorld/RimWorldWin64_Data/MonoBleedingEdge/data-000001C159C7E2A0.dll
Fallback handler could not load library C:/Program Files (x86)/Steam/steamapps/common/RimWorld/RimWorldWin64_Data/MonoBleedingEdge/data-000001C159C85EB0.dll
Fallback handler could not load library C:/Program Files (x86)/Steam/steamapps/common/RimWorld/RimWorldWin64_Data/MonoBleedingEdge/data-000001C159CAECC0.dll
Fallback handler could not load library C:/Program Files (x86)/Steam/steamapps/common/RimWorld/RimWorldWin64_Data/MonoBleedingEdge/data-000001C159CB76D0.dll
Fallback handler could not load library C:/Program Files (x86)/Steam/steamapps/common/RimWorld/RimWorldWin64_Data/MonoBleedingEdge/data-000001C159CBF740.dll
Fallback handler could not load library C:/Program Files (x86)/Steam/steamapps/common/RimWorld/RimWorldWin64_Data/MonoBleedingEdge/data-000001C159CDE0F0.dll
Fallback handler could not load library C:/Program Files (x86)/Steam/steamapps/common/RimWorld/RimWorldWin64_Data/MonoBleedingEdge/data-000001C159CE0500.dll
Fallback handler could not load library C:/Program Files (x86)/Steam/steamapps/common/RimWorld/RimWorldWin64_Data/MonoBleedingEdge/data-000001C135789BF0.dll
Fallback handler could not load library C:/Program Files (x86)/Steam/steamapps/common/RimWorld/RimWorldWin64_Data/MonoBleedingEdge/data-000001C159CE2310.dll
Fallback handler could not load library C:/Program Files (x86)/Steam/steamapps/common/RimWorld/RimWorldWin64_Data/MonoBleedingEdge/data-000001C159CE4120.dll
Fallback handler could not load library C:/Program Files (x86)/Steam/steamapps/common/RimWorld/RimWorldWin64_Data/MonoBleedingEdge/data-000001C159D09F30.dll
Fallback handler could not load library C:/Program Files (x86)/Steam/steamapps/common/RimWorld/RimWorldWin64_Data/MonoBleedingEdge/data-000001C159D11140.dll
Fallback handler could not load library C:/Program Files (x86)/Steam/steamapps/common/RimWorld/RimWorldWin64_Data/MonoBleedingEdge/data-000001C159D1B750.dll
Fallback handler could not load library C:/Program Files (x86)/Steam/steamapps/common/RimWorld/RimWorldWin64_Data/MonoBleedingEdge/data-000001C159D1FF60.dll
Fallback handler could not load library C:/Program Files (x86)/Steam/steamapps/common/RimWorld/RimWorldWin64_Data/MonoBleedingEdge/data-000001C159D27770.dll
Fallback handler could not load library C:/Program Files (x86)/Steam/steamapps/common/RimWorld/RimWorldWin64_Data/MonoBleedingEdge/data-000001C159D2E380.dll
Fallback handler could not load library C:/Program Files (x86)/Steam/steamapps/common/RimWorld/RimWorldWin64_Data/MonoBleedingEdge/data-000001C159D30990.dll
Fallback handler could not load library C:/Program Files (x86)/Steam/steamapps/common/RimWorld/RimWorldWin64_Data/MonoBleedingEdge/data-000001C159D33BA0.dll
Fallback handler could not load library C:/Program Files (x86)/Steam/steamapps/common/RimWorld/RimWorldWin64_Data/MonoBleedingEdge/data-000001C159D493C0.dll
Fallback handler could not load library C:/Program Files (x86)/Steam/steamapps/common/RimWorld/RimWorldWin64_Data/MonoBleedingEdge/data-000001C159D4BDD0.dll
Fallback handler could not load library C:/Program Files (x86)/Steam/steamapps/common/RimWorld/RimWorldWin64_Data/MonoBleedingEdge/data-000001C159D4FDE0.dll
Fallback handler could not load library C:/Program Files (x86)/Steam/steamapps/common/RimWorld/RimWorldWin64_Data/MonoBleedingEdge/data-000001C159D561F0.dll
Fallback handler could not load library C:/Program Files (x86)/Steam/steamapps/common/RimWorld/RimWorldWin64_Data/MonoBleedingEdge/data-000001C12FB5DB30.dll
Fallback handler could not load library C:/Program Files (x86)/Steam/steamapps/common/RimWorld/RimWorldWin64_Data/MonoBleedingEdge/data-000001C159D5B000.dll
Fallback handler could not load library C:/Program Files (x86)/Steam/steamapps/common/RimWorld/RimWorldWin64_Data/MonoBleedingEdge/data-000001C12FB63740.dll
Fallback handler could not load library C:/Program Files (x86)/Steam/steamapps/common/RimWorld/RimWorldWin64_Data/MonoBleedingEdge/data-000001C1584657F0.dll
Fallback handler could not load library C:/Program Files (x86)/Steam/steamapps/common/RimWorld/RimWorldWin64_Data/MonoBleedingEdge/data-000001C159D6DC10.dll
Fallback handler could not load library C:/Program Files (x86)/Steam/steamapps/common/RimWorld/RimWorldWin64_Data/MonoBleedingEdge/data-000001C159D79A20.dll
Fallback handler could not load library C:/Program Files (x86)/Steam/steamapps/common/RimWorld/RimWorldWin64_Data/MonoBleedingEdge/data-000001C159D8A630.dll
Fallback handler could not load library C:/Program Files (x86)/Steam/steamapps/common/RimWorld/RimWorldWin64_Data/MonoBleedingEdge/data-000001C15826CDA0.dll
Fallback handler could not load library C:/Program Files (x86)/Steam/steamapps/common/RimWorld/RimWorldWin64_Data/MonoBleedingEdge/data-000001C159D90840.dll
Fallback handler could not load library C:/Program Files (x86)/Steam/steamapps/common/RimWorld/RimWorldWin64_Data/MonoBleedingEdge/data-000001C159D98850.dll
Fallback handler could not load library C:/Program Files (x86)/Steam/steamapps/common/RimWorld/RimWorldWin64_Data/MonoBleedingEdge/data-000001C159D9CE60.dll
Fallback handler could not load library C:/Program Files (x86)/Steam/steamapps/common/RimWorld/RimWorldWin64_Data/MonoBleedingEdge/data-000001C159DA2A70.dll
Fallback handler could not load library C:/Program Files (x86)/Steam/steamapps/common/RimWorld/RimWorldWin64_Data/MonoBleedingEdge/data-000001C159DBEA80.dll
Fallback handler could not load library C:/Program Files (x86)/Steam/steamapps/common/RimWorld/RimWorldWin64_Data/MonoBleedingEdge/data-000001C159E3CC90.dll
Fallback handler could not load library C:/Program Files (x86)/Steam/steamapps/common/RimWorld/RimWorldWin64_Data/MonoBleedingEdge/data-000001C12FB7B180.dll
Fallback handler could not load library C:/Program Files (x86)/Steam/steamapps/common/RimWorld/RimWorldWin64_Data/MonoBleedingEdge/data-000001C159E4D2A0.dll
Fallback handler could not load library C:/Program Files (x86)/Steam/steamapps/common/RimWorld/RimWorldWin64_Data/MonoBleedingEdge/data-000001C159E4F8B0.dll
Fallback handler could not load library C:/Program Files (x86)/Steam/steamapps/common/RimWorld/RimWorldWin64_Data/MonoBleedingEdge/data-000001C158263170.dll
Fallback handler could not load library C:/Program Files (x86)/Steam/steamapps/common/RimWorld/RimWorldWin64_Data/MonoBleedingEdge/data-000001C159E582C0.dll
Fallback handler could not load library C:/Program Files (x86)/Steam/steamapps/common/RimWorld/RimWorldWin64_Data/MonoBleedingEdge/data-000001C159E5F6D0.dll
Fallback handler could not load library C:/Program Files (x86)/Steam/steamapps/common/RimWorld/RimWorldWin64_Data/MonoBleedingEdge/data-000001C159E634E0.dll
Fallback handler could not load library C:/Program Files (x86)/Steam/steamapps/common/RimWorld/RimWorldWin64_Data/MonoBleedingEdge/data-000001C159E67AF0.dll
Fallback handler could not load library C:/Program Files (x86)/Steam/steamapps/common/RimWorld/RimWorldWin64_Data/MonoBleedingEdge/data-000001C159E69500.dll
Fallback handler could not load library C:/Program Files (x86)/Steam/steamapps/common/RimWorld/RimWorldWin64_Data/MonoBleedingEdge/data-000001C159E6BB10.dll
Fallback handler could not load library C:/Program Files (x86)/Steam/steamapps/common/RimWorld/RimWorldWin64_Data/MonoBleedingEdge/data-000001C159E8E920.dll
Fallback handler could not load library C:/Program Files (x86)/Steam/steamapps/common/RimWorld/RimWorldWin64_Data/MonoBleedingEdge/data-000001C159EF1730.dll
Fallback handler could not load library C:/Program Files (x86)/Steam/steamapps/common/RimWorld/RimWorldWin64_Data/MonoBleedingEdge/data-000001C159F03140.dll
Fallback handler could not load library C:/Program Files (x86)/Steam/steamapps/common/RimWorld/RimWorldWin64_Data/MonoBleedingEdge/data-000001C159F05B50.dll
Fallback handler could not load library C:/Program Files (x86)/Steam/steamapps/common/RimWorld/RimWorldWin64_Data/MonoBleedingEdge/data-000001C1582701B0.dll
Fallback handler could not load library C:/Program Files (x86)/Steam/steamapps/common/RimWorld/RimWorldWin64_Data/MonoBleedingEdge/data-000001C159F1C370.dll
Fallback handler could not load library C:/Program Files (x86)/Steam/steamapps/common/RimWorld/RimWorldWin64_Data/MonoBleedingEdge/data-000001C159F31D80.dll
Fallback handler could not load library C:/Program Files (x86)/Steam/steamapps/common/RimWorld/RimWorldWin64_Data/MonoBleedingEdge/data-000001C159F38B90.dll
Fallback handler could not load library C:/Program Files (x86)/Steam/steamapps/common/RimWorld/RimWorldWin64_Data/MonoBleedingEdge/data-000001C159F0DB60.dll
Fallback handler could not load library C:/Program Files (x86)/Steam/steamapps/common/RimWorld/RimWorldWin64_Data/MonoBleedingEdge/data-000001C159F419B0.dll
Fallback handler could not load library C:/Program Files (x86)/Steam/steamapps/common/RimWorld/RimWorldWin64_Data/MonoBleedingEdge/data-000001C158266580.dll
Fallback handler could not load library C:/Program Files (x86)/Steam/steamapps/common/RimWorld/RimWorldWin64_Data/MonoBleedingEdge/data-000001C159F443C0.dll
Fallback handler could not load library C:/Program Files (x86)/Steam/steamapps/common/RimWorld/RimWorldWin64_Data/MonoBleedingEdge/data-000001C159FC1180.dll
Fallback handler could not load library C:/Program Files (x86)/Steam/steamapps/common/RimWorld/RimWorldWin64_Data/MonoBleedingEdge/data-000001C159F887D0.dll
Fallback handler could not load library C:/Program Files (x86)/Steam/steamapps/common/RimWorld/RimWorldWin64_Data/MonoBleedingEdge/data-000001C159F8CFE0.dll
Fallback handler could not load library C:/Program Files (x86)/Steam/steamapps/common/RimWorld/RimWorldWin64_Data/MonoBleedingEdge/data-000001C159F905F0.dll
Fallback handler could not load library C:/Program Files (x86)/Steam/steamapps/common/RimWorld/RimWorldWin64_Data/MonoBleedingEdge/data-000001C159F92000.dll
Fallback handler could not load library C:/Program Files (x86)/Steam/steamapps/common/RimWorld/RimWorldWin64_Data/MonoBleedingEdge/data-000001C159F96E10.dll
Fallback handler could not load library C:/Program Files (x86)/Steam/steamapps/common/RimWorld/RimWorldWin64_Data/MonoBleedingEdge/data-000001C159FC3B90.dll
Fallback handler could not load library C:/Program Files (x86)/Steam/steamapps/common/RimWorld/RimWorldWin64_Data/MonoBleedingEdge/data-000001C159FD57A0.dll
Fallback handler could not load library C:/Program Files (x86)/Steam/steamapps/common/RimWorld/RimWorldWin64_Data/MonoBleedingEdge/data-000001C1355E6490.dll
Fallback handler could not load library C:/Program Files (x86)/Steam/steamapps/common/RimWorld/RimWorldWin64_Data/MonoBleedingEdge/data-000001C159FE35B0.dll
Fallback handler could not load library C:/Program Files (x86)/Steam/steamapps/common/RimWorld/RimWorldWin64_Data/MonoBleedingEdge/data-000001C15A034FC0.dll
Fallback handler could not load library C:/Program Files (x86)/Steam/steamapps/common/RimWorld/RimWorldWin64_Data/MonoBleedingEdge/data-000001C15A03A1D0.dll
Fallback handler could not load library C:/Program Files (x86)/Steam/steamapps/common/RimWorld/RimWorldWin64_Data/MonoBleedingEdge/data-000001C1357857D0.dll
Fallback handler could not load library C:/Program Files (x86)/Steam/steamapps/common/RimWorld/RimWorldWin64_Data/MonoBleedingEdge/data-000001C15A03D7E0.dll
Fallback handler could not load library C:/Program Files (x86)/Steam/steamapps/common/RimWorld/RimWorldWin64_Data/MonoBleedingEdge/data-000001C15A042BF0.dll
Fallback handler could not load library C:/Program Files (x86)/Steam/steamapps/common/RimWorld/RimWorldWin64_Data/MonoBleedingEdge/data-000001C15846A020.dll
Fallback handler could not load library C:/Program Files (x86)/Steam/steamapps/common/RimWorld/RimWorldWin64_Data/MonoBleedingEdge/data-000001C1357879E0.dll
Fallback handler could not load library C:/Program Files (x86)/Steam/steamapps/common/RimWorld/RimWorldWin64_Data/MonoBleedingEdge/data-000001C15A086010.dll
Fallback handler could not load library C:/Program Files (x86)/Steam/steamapps/common/RimWorld/RimWorldWin64_Data/MonoBleedingEdge/data-000001C15A087C20.dll
Fallback handler could not load library C:/Program Files (x86)/Steam/steamapps/common/RimWorld/RimWorldWin64_Data/MonoBleedingEdge/data-000001C15A08BA30.dll
Fallback handler could not load library C:/Program Files (x86)/Steam/steamapps/common/RimWorld/RimWorldWin64_Data/MonoBleedingEdge/data-000001C15846D040.dll
Fallback handler could not load library C:/Program Files (x86)/Steam/steamapps/common/RimWorld/RimWorldWin64_Data/MonoBleedingEdge/data-000001C13578E010.dll
Fallback handler could not load library C:/Program Files (x86)/Steam/steamapps/common/RimWorld/RimWorldWin64_Data/MonoBleedingEdge/data-000001C15A08E040.dll
Fallback handler could not load library C:/Program Files (x86)/Steam/steamapps/common/RimWorld/RimWorldWin64_Data/MonoBleedingEdge/data-000001C15A08FE50.dll
Fallback handler could not load library C:/Program Files (x86)/Steam/steamapps/common/RimWorld/RimWorldWin64_Data/MonoBleedingEdge/data-000001C15A092E60.dll
Fallback handler could not load library C:/Program Files (x86)/Steam/steamapps/common/RimWorld/RimWorldWin64_Data/MonoBleedingEdge/data-000001C15846B830.dll
Fallback handler could not load library C:/Program Files (x86)/Steam/steamapps/common/RimWorld/RimWorldWin64_Data/MonoBleedingEdge/data-000001C15A09A470.dll
Fallback handler could not load library C:/Program Files (x86)/Steam/steamapps/common/RimWorld/RimWorldWin64_Data/MonoBleedingEdge/data-000001C157516510.dll
Fallback handler could not load library C:/Program Files (x86)/Steam/steamapps/common/RimWorld/RimWorldWin64_Data/MonoBleedingEdge/data-000001C13574B1F0.dll
Fallback handler could not load library C:/Program Files (x86)/Steam/steamapps/common/RimWorld/RimWorldWin64_Data/MonoBleedingEdge/data-000001C15A09D280.dll
Fallback handler could not load library C:/Program Files (x86)/Steam/steamapps/common/RimWorld/RimWorldWin64_Data/MonoBleedingEdge/data-000001C135790220.dll
Fallback handler could not load library C:/Program Files (x86)/Steam/steamapps/common/RimWorld/RimWorldWin64_Data/MonoBleedingEdge/data-000001C15A0A0890.dll
Fallback handler could not load library C:/Program Files (x86)/Steam/steamapps/common/RimWorld/RimWorldWin64_Data/MonoBleedingEdge/data-000001C15A0FDC60.dll
Fallback handler could not load library C:/Program Files (x86)/Steam/steamapps/common/RimWorld/RimWorldWin64_Data/MonoBleedingEdge/data-000001C15A102CD0.dll
Fallback handler could not load library C:/Program Files (x86)/Steam/steamapps/common/RimWorld/RimWorldWin64_Data/MonoBleedingEdge/data-000001C15A142010.dll
Fallback handler could not load library C:/Program Files (x86)/Steam/steamapps/common/RimWorld/RimWorldWin64_Data/MonoBleedingEdge/data-000001C15A144E20.dll
Fallback handler could not load library C:/Program Files (x86)/Steam/steamapps/common/RimWorld/RimWorldWin64_Data/MonoBleedingEdge/data-000001C159CBE130.dll
Fallback handler could not load library C:/Program Files (x86)/Steam/steamapps/common/RimWorld/RimWorldWin64_Data/MonoBleedingEdge/data-000001C1355E3070.dll
Fallback handler could not load library C:/Program Files (x86)/Steam/steamapps/common/RimWorld/RimWorldWin64_Data/MonoBleedingEdge/data-000001C1355E98B0.dll
Fallback handler could not load library C:/Program Files (x86)/Steam/steamapps/common/RimWorld/RimWorldWin64_Data/MonoBleedingEdge/data-000001C15A0C90A0.dll
Fallback handler could not load library C:/Program Files (x86)/Steam/steamapps/common/RimWorld/RimWorldWin64_Data/MonoBleedingEdge/data-000001C15A15AE30.dll
Fallback handler could not load library C:/Program Files (x86)/Steam/steamapps/common/RimWorld/RimWorldWin64_Data/MonoBleedingEdge/data-000001C15AA2D040.dll
Fallback handler could not load library C:/Program Files (x86)/Steam/steamapps/common/RimWorld/RimWorldWin64_Data/MonoBleedingEdge/data-000001C15A177C40.dll
Fallback handler could not load library C:/Program Files (x86)/Steam/steamapps/common/RimWorld/RimWorldWin64_Data/MonoBleedingEdge/data-000001C159CC0D50.dll
Fallback handler could not load library C:/Program Files (x86)/Steam/steamapps/common/RimWorld/RimWorldWin64_Data/MonoBleedingEdge/data-000001C15A199050.dll
Fallback handler could not load library C:/Program Files (x86)/Steam/steamapps/common/RimWorld/RimWorldWin64_Data/MonoBleedingEdge/data-000001C15A1A9260.dll
Fallback handler could not load library C:/Program Files (x86)/Steam/steamapps/common/RimWorld/RimWorldWin64_Data/MonoBleedingEdge/data-000001C15A1B2270.dll
Fallback handler could not load library C:/Program Files (x86)/Steam/steamapps/common/RimWorld/RimWorldWin64_Data/MonoBleedingEdge/data-000001C15A0D22B0.dll
Fallback handler could not load library C:/Program Files (x86)/Steam/steamapps/common/RimWorld/RimWorldWin64_Data/MonoBleedingEdge/data-000001C15A1E3680.dll
Fallback handler could not load library C:/Program Files (x86)/Steam/steamapps/common/RimWorld/RimWorldWin64_Data/MonoBleedingEdge/data-000001C15A1E8690.dll
Fallback handler could not load library C:/Program Files (x86)/Steam/steamapps/common/RimWorld/RimWorldWin64_Data/MonoBleedingEdge/data-000001C15A218CA0.dll
Fallback handler could not load library C:/Program Files (x86)/Steam/steamapps/common/RimWorld/RimWorldWin64_Data/MonoBleedingEdge/data-000001C15A2270B0.dll
Fallback handler could not load library C:/Program Files (x86)/Steam/steamapps/common/RimWorld/RimWorldWin64_Data/MonoBleedingEdge/data-000001C15A2526C0.dll
Fallback handler could not load library C:/Program Files (x86)/Steam/steamapps/common/RimWorld/RimWorldWin64_Data/MonoBleedingEdge/data-000001C15A291890.dll
Fallback handler could not load library C:/Program Files (x86)/Steam/steamapps/common/RimWorld/RimWorldWin64_Data/MonoBleedingEdge/data-000001C15A2AD020.dll
Fallback handler could not load library C:/Program Files (x86)/Steam/steamapps/common/RimWorld/RimWorldWin64_Data/MonoBleedingEdge/data-000001C1582735C0.dll
Fallback handler could not load library C:/Program Files (x86)/Steam/steamapps/common/RimWorld/RimWorldWin64_Data/MonoBleedingEdge/data-000001C15A2C4A30.dll
Fallback handler could not load library C:/Program Files (x86)/Steam/steamapps/common/RimWorld/RimWorldWin64_Data/MonoBleedingEdge/data-000001C15A2D7840.dll
Fallback handler could not load library C:/Program Files (x86)/Steam/steamapps/common/RimWorld/RimWorldWin64_Data/MonoBleedingEdge/data-000001C15A2DD250.dll
Fallback handler could not load library C:/Program Files (x86)/Steam/steamapps/common/RimWorld/RimWorldWin64_Data/MonoBleedingEdge/data-000001C159CC6590.dll
Fallback handler could not load library C:/Program Files (x86)/Steam/steamapps/common/RimWorld/RimWorldWin64_Data/MonoBleedingEdge/data-000001C15A2F5860.dll
Fallback handler could not load library C:/Program Files (x86)/Steam/steamapps/common/RimWorld/RimWorldWin64_Data/MonoBleedingEdge/data-000001C15A325A70.dll
Prepatcher: Done loading
Command line arguments: -disable-compute-shaders
RimWorld 1.6.4871 rev591
Mod Undead Can Learn - A RimWorld of Magic Patch dependency (torann.arimworldofmagic) needs to have <downloadUrl> and/or <steamWorkshopUrl> specified.
Mod Undead Can Learn - A RimWorld of Magic Patch dependency (brrainz.harmony) needs to have <downloadUrl> and/or <steamWorkshopUrl> specified.
Exception parsing <authors>Micharduio</authors> to type System.Collections.Generic.List`1[System.String]: System.ArgumentException: Exception parsing System.Collections.Generic.List`1[System.String] from "Micharduio" ---> System.ArgumentException: Trying to parse to unknown data type List`1. Content is 'Micharduio'.
  at Verse.ParseHelper.FromString (System.String str, System.Type itemType) [0x0014c] in <61e4173561894da49d210260257b5097>:0 
   --- End of inner exception stack trace ---
  at Verse.ParseHelper.FromString (System.String str, System.Type itemType) [0x00192] in <61e4173561894da49d210260257b5097>:0 
  at Verse.ParseHelper.FromString[T] (System.String str) [0x00011] in <61e4173561894da49d210260257b5097>:0 
  at Verse.DirectXmlToObject.ObjectFromXml[T] (System.Xml.XmlNode xmlRoot, System.Boolean doPostLoad) [0x001af] in <61e4173561894da49d210260257b5097>:0 
Exception loading from System.Xml.XmlElement: System.MissingMethodException: Default constructor not found for type System.String
  at System.RuntimeType.CreateInstanceMono (System.Boolean nonPublic, System.Boolean wrapExceptions) [0x00076] in <51fded79cd284d4d911c5949aff4cb21>:0 
  at System.RuntimeType.CreateInstanceSlow (System.Boolean publicOnly, System.Boolean wrapExceptions, System.Boolean skipCheckThis, System.Boolean fillCache) [0x00009] in <51fded79cd284d4d911c5949aff4cb21>:0 
  at System.RuntimeType.CreateInstanceDefaultCtor (System.Boolean publicOnly, System.Boolean skipCheckThis, System.Boolean fillCache, System.Boolean wrapExceptions, System.Threading.StackCrawlMark& stackMark) [0x00027] in <51fded79cd284d4d911c5949aff4cb21>:0 
  at System.Activator.CreateInstance (System.Type type, System.Boolean nonPublic, System.Boolean wrapExceptions) [0x00020] in <51fded79cd284d4d911c5949aff4cb21>:0 
  at System.Activator.CreateInstance (System.Type type, System.Boolean nonPublic) [0x00000] in <51fded79cd284d4d911c5949aff4cb21>:0 
  at System.Activator.CreateInstance (System.Type type) [0x00000] in <51fded79cd284d4d911c5949aff4cb21>:0 
  at Verse.DirectXmlToObject.ObjectFromXml[T] (System.Xml.XmlNode xmlRoot, System.Boolean doPostLoad) [0x0045c] in <61e4173561894da49d210260257b5097>:0 
  at Verse.DirectXmlToObject.ObjectFromXmlReflection[T] (System.Xml.XmlNode xmlRoot, System.Boolean doPostLoad) [0x00000] in <61e4173561894da49d210260257b5097>:0 
  at Verse.DirectXmlToObject.ObjectFromXml[T] (System.Xml.XmlNode xmlRoot, System.Boolean doPostLoad) [0x0060e] in <61e4173561894da49d210260257b5097>:0 
Exception loading from System.Xml.XmlElement: System.MissingMethodException: Default constructor not found for type System.String
  at System.RuntimeType.CreateInstanceMono (System.Boolean nonPublic, System.Boolean wrapExceptions) [0x00076] in <51fded79cd284d4d911c5949aff4cb21>:0 
  at System.RuntimeType.CreateInstanceSlow (System.Boolean publicOnly, System.Boolean wrapExceptions, System.Boolean skipCheckThis, System.Boolean fillCache) [0x00009] in <51fded79cd284d4d911c5949aff4cb21>:0 
  at System.RuntimeType.CreateInstanceDefaultCtor (System.Boolean publicOnly, System.Boolean skipCheckThis, System.Boolean fillCache, System.Boolean wrapExceptions, System.Threading.StackCrawlMark& stackMark) [0x00027] in <51fded79cd284d4d911c5949aff4cb21>:0 
  at System.Activator.CreateInstance (System.Type type, System.Boolean nonPublic, System.Boolean wrapExceptions) [0x00020] in <51fded79cd284d4d911c5949aff4cb21>:0 
  at System.Activator.CreateInstance (System.Type type, System.Boolean nonPublic) [0x00000] in <51fded79cd284d4d911c5949aff4cb21>:0 
  at System.Activator.CreateInstance (System.Type type) [0x00000] in <51fded79cd284d4d911c5949aff4cb21>:0 
  at Verse.DirectXmlToObject.ObjectFromXml[T] (System.Xml.XmlNode xmlRoot, System.Boolean doPostLoad) [0x0045c] in <61e4173561894da49d210260257b5097>:0 
  at Verse.DirectXmlToObject.ObjectFromXmlReflection[T] (System.Xml.XmlNode xmlRoot, System.Boolean doPostLoad) [0x00000] in <61e4173561894da49d210260257b5097>:0 
  at Verse.DirectXmlToObject.ObjectFromXml[T] (System.Xml.XmlNode xmlRoot, System.Boolean doPostLoad) [0x0060e] in <61e4173561894da49d210260257b5097>:0 
XML Verse.ModDependency defines the same field twice: packageId.

Field contents: Sov.OrcNormal.

Whole XML:

<li><packageId>Ludeon.RimWorld.Biotech</packageId><displayName>Biotech</displayName><steamWorkshopUrl>https://store.steampowered.com/app/1826140/RimWorld__Biotech/</steamWorkshopUrl><packageId>Sov.OrcNormal</packageId><displayName>Orc Xenotype</displayName><steamWorkshopUrl>https://steamcommunity.com/sharedfiles/filedetails/?id=3007127191</steamWorkshopUrl></li>
XML Verse.ModDependency defines the same field twice: displayName.

Field contents: Orc Xenotype.

Whole XML:

<li><packageId>Ludeon.RimWorld.Biotech</packageId><displayName>Biotech</displayName><steamWorkshopUrl>https://store.steampowered.com/app/1826140/RimWorld__Biotech/</steamWorkshopUrl><packageId>Sov.OrcNormal</packageId><displayName>Orc Xenotype</displayName><steamWorkshopUrl>https://steamcommunity.com/sharedfiles/filedetails/?id=3007127191</steamWorkshopUrl></li>
XML Verse.ModDependency defines the same field twice: steamWorkshopUrl.

Field contents: https://steamcommunity.com/sharedfiles/filedetails/?id=3007127191.

Whole XML:

<li><packageId>Ludeon.RimWorld.Biotech</packageId><displayName>Biotech</displayName><steamWorkshopUrl>https://store.steampowered.com/app/1826140/RimWorld__Biotech/</steamWorkshopUrl><packageId>Sov.OrcNormal</packageId><displayName>Orc Xenotype</displayName><steamWorkshopUrl>https://steamcommunity.com/sharedfiles/filedetails/?id=3007127191</steamWorkshopUrl></li>
Tried loading mod with the same packageId multiple times: ravvy.DD.Void.Addon. Ignoring the duplicates.
C:\Program Files (x86)\Steam\steamapps\workshop\content\294100\2185295561
C:\Program Files (x86)\Steam\steamapps\workshop\content\294100\3349058179
Exception loading from System.Xml.XmlElement: System.MissingMethodException: Default constructor not found for type System.String
  at System.RuntimeType.CreateInstanceMono (System.Boolean nonPublic, System.Boolean wrapExceptions) [0x00076] in <51fded79cd284d4d911c5949aff4cb21>:0 
  at System.RuntimeType.CreateInstanceSlow (System.Boolean publicOnly, System.Boolean wrapExceptions, System.Boolean skipCheckThis, System.Boolean fillCache) [0x00009] in <51fded79cd284d4d911c5949aff4cb21>:0 
  at System.RuntimeType.CreateInstanceDefaultCtor (System.Boolean publicOnly, System.Boolean skipCheckThis, System.Boolean fillCache, System.Boolean wrapExceptions, System.Threading.StackCrawlMark& stackMark) [0x00027] in <51fded79cd284d4d911c5949aff4cb21>:0 
  at System.Activator.CreateInstance (System.Type type, System.Boolean nonPublic, System.Boolean wrapExceptions) [0x00020] in <51fded79cd284d4d911c5949aff4cb21>:0 
  at System.Activator.CreateInstance (System.Type type, System.Boolean nonPublic) [0x00000] in <51fded79cd284d4d911c5949aff4cb21>:0 
  at System.Activator.CreateInstance (System.Type type) [0x00000] in <51fded79cd284d4d911c5949aff4cb21>:0 
  at Verse.DirectXmlToObject.ObjectFromXml[T] (System.Xml.XmlNode xmlRoot, System.Boolean doPostLoad) [0x0045c] in <61e4173561894da49d210260257b5097>:0 
  at Verse.DirectXmlToObject.ObjectFromXmlReflection[T] (System.Xml.XmlNode xmlRoot, System.Boolean doPostLoad) [0x00000] in <61e4173561894da49d210260257b5097>:0 
  at Verse.DirectXmlToObject.ObjectFromXml[T] (System.Xml.XmlNode xmlRoot, System.Boolean doPostLoad) [0x0060e] in <61e4173561894da49d210260257b5097>:0 
Mod Grimworld 40,000 - Hammer of the Imperium Rus has a dependency with no <packageId> specified.
Tried loading mod with the same packageId multiple times: StatistNo1.EvolvedOrgansRedux. Ignoring the duplicates.
C:\Program Files (x86)\Steam\steamapps\workshop\content\294100\2424381146
C:\Program Files (x86)\Steam\steamapps\workshop\content\294100\3648390934
Tried loading mod with the same packageId multiple times: Owlchemist.ScatteredStones. Ignoring the duplicates.
C:\Program Files (x86)\Steam\steamapps\workshop\content\294100\2598436855
C:\Program Files (x86)\Steam\steamapps\workshop\content\294100\3528503211
Tried loading mod with the same packageId multiple times: Bonible.rimsenalfactions. Ignoring the duplicates.
C:\Program Files (x86)\Steam\steamapps\workshop\content\294100\2929828030
C:\Program Files (x86)\Steam\steamapps\workshop\content\294100\3530301107
Tried loading mod with the same packageId multiple times: vanillaexpanded.skills. Ignoring the duplicates.
C:\Program Files (x86)\Steam\steamapps\workshop\content\294100\2854967442
C:\Program Files (x86)\Steam\steamapps\workshop\content\294100\3400246558
Tried loading mod with the same packageId multiple times: syrchalis.processor.framework. Ignoring the duplicates.
C:\Program Files (x86)\Steam\steamapps\workshop\content\294100\2633514537
C:\Program Files (x86)\Steam\steamapps\workshop\content\294100\3210544395
Tried loading mod with the same packageId multiple times: kikohi.jewelry. Ignoring the duplicates.
C:\Program Files (x86)\Steam\steamapps\workshop\content\294100\2020964421
C:\Program Files (x86)\Steam\steamapps\workshop\content\294100\3203280763
Tried loading mod with the same packageId multiple times: DankPyon.Medieval.Overhaul. Ignoring the duplicates.
C:\Program Files (x86)\Steam\steamapps\workshop\content\294100\2553700067
C:\Program Files (x86)\Steam\steamapps\workshop\content\294100\3219596926
Tried loading mod with the same packageId multiple times: hatti.qualitybuilder. Ignoring the duplicates.
C:\Program Files (x86)\Steam\steamapps\workshop\content\294100\754637870
C:\Program Files (x86)\Steam\steamapps\workshop\content\294100\3512466087
ReflectionTypeLoadException getting types in assembly EnchantQualityPlus: System.Reflection.ReflectionTypeLoadException: Exception of type 'System.Reflection.ReflectionTypeLoadException' was thrown.
Could not resolve type with token 0100001a from typeref (expected class 'VFECore.Abilities.Ability' in assembly 'VFECore, Version=1.1.7.0, Culture=neutral, PublicKeyToken=null') assembly:VFECore, Version=1.1.7.0, Culture=neutral, PublicKeyToken=null type:VFECore.Abilities.Ability member:(null)
  at (wrapper managed-to-native) System.Reflection.Assembly.GetTypes(System.Reflection.Assembly,bool)
  at System.Reflection.Assembly.GetTypes () [0x00000] in <51fded79cd284d4d911c5949aff4cb21>:0 
  at Verse.ModAssemblyHandler.AssemblyIsUsable (System.Reflection.Assembly asm) [0x00000] in <61e4173561894da49d210260257b5097>:0 
System.TypeLoadException: Could not resolve type with token 0100001a from typeref (expected class 'VFECore.Abilities.Ability' in assembly 'VFECore, Version=1.1.7.0, Culture=neutral, PublicKeyToken=null') assembly:VFECore, Version=1.1.7.0, Culture=neutral, PublicKeyToken=null type:VFECore.Abilities.Ability member:(null)

Loader exceptions:
   => System.TypeLoadException: Could not resolve type with token 0100001a from typeref (expected class 'VFECore.Abilities.Ability' in assembly 'VFECore, Version=1.1.7.0, Culture=neutral, PublicKeyToken=null') assembly:VFECore, Version=1.1.7.0, Culture=neutral, PublicKeyToken=null type:VFECore.Abilities.Ability member:(null)
Fallback handler could not load library C:/Program Files (x86)/Steam/steamapps/common/RimWorld/RimWorldWin64_Data/MonoBleedingEdge/data-000001C164FF22E0.dll
Fallback handler could not load library C:/Program Files (x86)/Steam/steamapps/common/RimWorld/RimWorldWin64_Data/MonoBleedingEdge/data-000001C1650B60C0.dll
Prepatcher: Restarted with the patched assembly, going silent.
[HugsLib] version 12.0.0
[HugsLib] early-initializing AllowTool
1.6.9543 ::
Fallback handler could not load library C:/Program Files (x86)/Steam/steamapps/common/RimWorld/RimWorldWin64_Data/MonoBleedingEdge/data-000001C1699E1030.dll
[Community Framework] Applying Harmony patches...
[MstEponaFramework] Loaded
DubsMintMenus v1.3.1086
FactionCustomizer is successfully initialized!
<color=#00FFFFFF>:: Faunapedia :: </color>1.6.9336 ::
Fallback handler could not load library C:/Program Files (x86)/Steam/steamapps/common/RimWorld/RimWorldWin64_Data/MonoBleedingEdge/data-000001C16A174020.dll
[1.6]Graphics Setter - Loaded
[JeanGreyMod] Initializing Harmony patches...
[JeanGreyMod] Harmony patches initialized.
Initializing LightsOut [2025.8.10.12]
[Mashed's Bloodmoon] version 1.0.41
0
TKS_Ragdoll: Patching finished
[ResearchData] Mod initialized and patches applied.
RR: Frame_CompleteConstruction_Patches - TranspilerSpawn - failed to apply patch (instructions not found, stage 1)
Restraints loaded
[Rimbound - Core] The stars had aligned, commencing assembly...
[RimHUD v1.17.5] Initialized
[Rimpsyche] Personality Core running with version 1.0.41
RimSaves NX rev27
null texture passed to GUI.DrawTexture
null texture passed to GUI.DrawTexture
null texture passed to GUI.DrawTexture
null texture passed to GUI.DrawTexture
null texture passed to GUI.DrawTexture
null texture passed to GUI.DrawTexture
null texture passed to GUI.DrawTexture
RimThemes NX rev10
[SeamlessDoors] Harmony patches applied.
[Smart Medicine] Apply Nice Health Tab patch
[Smart Medicine] Apply Nice Health Tab patch
<color=#00FFFFFF>The almighty power of Harmony has been initialized by the humble mod creator BlueEagle421</color>
[Visible Wealth] Loaded.
RR: Frame_CompleteConstruction_Patches - TranspilerSpawn - failed to apply patch (instructions not found, stage 1)
RR: Frame_CompleteConstruction_Patches - TranspilerSpawn - failed to apply patch (instructions not found, stage 1)
[Isekai WorldBoss] BodySize hitbox patch applied
[Isekai WorldBoss] HealthScale body-HP patch applied
[Isekai WorldBoss] Patched PawnRenderNode.GraphicFor (base)
[Isekai WorldBoss] Patched PawnRenderNode_AnimalPack.GraphicFor
[Isekai WorldBoss] Patched PawnRenderNode_AnimalPart.GraphicFor
[Isekai WorldBoss] Patched PawnRenderNode_Body.GraphicFor
[Isekai WorldBoss] Patched PawnRenderNode_Fur.GraphicFor
[Isekai WorldBoss] Patched PawnRenderNode_Tattoo_Body.GraphicFor
[Isekai WorldBoss] Patched PawnRenderNode_Devourer.GraphicFor
[Isekai WorldBoss] Patched PawnRenderNode_NociosphereSegment.GraphicFor
[Isekai WorldBoss] Patched PawnRenderNode_Head.GraphicFor
[Isekai WorldBoss] Patched PawnRenderNode_Stump.GraphicFor
[Isekai WorldBoss] Patched PawnRenderNode_Hair.GraphicFor
[Isekai WorldBoss] Patched PawnRenderNode_Beard.GraphicFor
[Isekai WorldBoss] Patched PawnRenderNode_Tattoo_Head.GraphicFor
[Isekai WorldBoss] Patched PawnRenderNode_Parent.GraphicFor
[Isekai WorldBoss] Patched PawnRenderNode_TurretGun.GraphicFor
[Isekai WorldBoss] Total GraphicFor patches: 15 (base + 14 overrides)
[Isekai WorldBoss] HostileTo patch applied (boss-team cohesion)
[Isekai Leveling] Mod initialized successfully! (62 patches applied)
[Isekai Leveling] Critical patch verification: 4/4 verified OK
[Isekai Leveling] Settings: TamedRetention=0.5, HealthMult=1, STR_MeleeDmg=0.02, VIT_MaxHP=0.04, VIT_DR=0.01, ExclAnimals=False
RR: Frame_CompleteConstruction_Patches - TranspilerSpawn - failed to apply patch (instructions not found, stage 1)
RR: Frame_CompleteConstruction_Patches - TranspilerSpawn - failed to apply patch (instructions not found, stage 1)
RR: Frame_CompleteConstruction_Patches - TranspilerSpawn - failed to apply patch (instructions not found, stage 1)
1.6.9701 ::
RR: Frame_CompleteConstruction_Patches - TranspilerSpawn - failed to apply patch (instructions not found, stage 1)
[Yayo's Animation] - Giddy-up! detected
1.6.9299 ::
[AutoAbility] >>> Successfully patched SearchAndDestroy <<<
[Empire] v1.6.29
[Empire] Settings were written with Empire 1.6.28; active version is 1.6.29.
[Mashed's Ashlands] version 1.4.28
<color=#00FFFFFF>:: Outer Rim - Core ::</color> 1.6.9306 ::
<color=#00FFFFFF>:: Outland - Genetics ::</color> 1.6.9341 ::
1.0.9299 ::
PossessionAbility: Harmony patches applied
NCL Mod: Initializing
NCL Mod: Harmony instance created
<color=#00FFFFFF>:: Outer Rim - Galactic Empire :: </color>1.6.9308 ::
<color=#00FFFFFF>:: Outer Rim - Mandalore :: </color>1.6.9308 ::
Medieval Overhaul v 1.6.2.2
1.6.9306 ::
[IgnoreConfigErrors] Now active
[IgnoreConfigErrors] Harmony patch complete!
<color=#B266FFFF>[SWCP Core/Tools] </color>Beta version: bugs likely, if not guaranteed! Report bugs on steam workshop page or on discord: 3HEXN3Qbn4
[Celsius] Mod settings have changed. Updating data.
[Celsius] Mod settings have changed. Updating data.
Fallback handler could not load library C:/Program Files (x86)/Steam/steamapps/common/RimWorld/RimWorldWin64_Data/MonoBleedingEdge/data-000001C196B1E010.dll
Fallback handler could not load library C:/Program Files (x86)/Steam/steamapps/common/RimWorld/RimWorldWin64_Data/MonoBleedingEdge/data-000001C196A73020.dll
Fallback handler could not load library C:/Program Files (x86)/Steam/steamapps/common/RimWorld/RimWorldWin64_Data/MonoBleedingEdge/data-000001C196B36A50.dll
Fallback handler could not load library C:/Program Files (x86)/Steam/steamapps/common/RimWorld/RimWorldWin64_Data/MonoBleedingEdge/data-000001C196B42E60.dll
Fallback handler could not load library C:/Program Files (x86)/Steam/steamapps/common/RimWorld/RimWorldWin64_Data/MonoBleedingEdge/data-000001C196B4A670.dll
GAGARIN: <color=yellow>Cache disabled from</color>
Gagarin.StartupHelper:StartUpStarted():0
System.Reflection.RuntimeMethodInfo:InternalInvoke():0
System.Reflection.RuntimeMethodInfo:Invoke():0
System.Reflection.MethodBase:Invoke():0
MissileGirl.FunctionsUtility+<>c__DisplayClass1_0`1[[MissileGirl.Main+OnInitialization, Cosmodrome, Version=0.6.3.2421, Culture=neutral, PublicKeyToken=null]]:<GetActions>b__3():0
MissileGirl.RocketMod:.ctor():0
System.Reflection.RuntimeConstructorInfo:InternalInvoke():0
System.Reflection.RuntimeConstructorInfo:InternalInvoke():0
System.Reflection.RuntimeConstructorInfo:DoInvoke():0
System.Reflection.RuntimeConstructorInfo:Invoke():0
System.RuntimeType:CreateInstanceImpl():0
System.Activator:CreateInstance():0
System.Activator:CreateInstance():0
Verse.LoadedModManager:CreateModClasses():0
Verse.LoadedModManager:LoadAllActiveMods():0
Verse.PlayDataLoader:DoPlayLoad():0
Verse.PlayDataLoader:LoadAllPlayData():0
Verse.Root+<>c:<Start>b__10_1():0
Verse.LongEventHandler:RunEventFromAnotherThread():0
Verse.LongEventHandler+<>c:<UpdateCurrentAsynchronousEvent>b__28_0():0
System.Threading.ThreadHelper:ThreadStart_Context():0
System.Threading.ExecutionContext:RunInternal():0
System.Threading.ExecutionContext:Run():0
System.Threading.ExecutionContext:Run():0
System.Threading.ThreadHelper:ThreadStart():0
GAGARIN: Mod list changed! Deleting cache
GAGARIN: <color=green>Cache not found or got purged!</color>
ReSplice: Core 1.0.2-Shelley-rev2
Vanometric Generator 1.1-Sheev-rev3
ReGrowth 2 5.1-rev6
Altered Carbon 2: ReSleeved 6.1-Sov-rev3
[More Archotech Garbage Reupload - Start of stack trace]
Verse.PatchOperationReplace(xpath="/Defs/ThingDef[defName="VFES_ShieldGenerator_Archotech"]/costList"): Failed to find a node with the given xpath
Verse.PatchOperationSequence: Error in the operation at position=1
Verse.PatchOperationFindMod(Vanilla Furniture Expanded - Security): Error in <match>
[End of stack trace]
Source file: C:\Program Files (x86)\Steam\steamapps\workshop\content\294100\2391102796\1.4\Patches\Building.xml
[SafePatcher]The xPath: "Defs/ThingDef[defName="Gun_SmartRifle"]" not found
[SafePatcher]The xPath: "Defs/ThingDef[defName="Gun_SmartPistol"]" not found
[SafePatcher]The xPath: "Defs/ThingDef[defName="Gun_SMG"]" not found
[SafePatcher]The xPath: "Defs/ThingDef[defName="SmartMG"]" not found
[SafePatcher]The xPath: "Defs/ThingDef[defName="Gun_SmartSniperRifle"]" not found
[SafePatcher]The xPath: "Defs/ThingDef[defName="Gun_NestMMG"]" not found
[SafePatcher]The xPath: "Defs/ThingDef[defName="Gun_NestMissile"]" not found
[SafePatcher]The xPath: "Defs/ThingDef[defName="VFES_Gun_HMGComplex"]" not found
[SafePatcher]The xPath: "Defs/ThingDef[defName="VFES_Gun_SentryTurret"]" not found
[SafePatcher]The xPath: "Defs/ThingDef[defName="VFES_Artillery_Weapon"]" not found
[SafePatcher]The xPath: "Defs/ThingDef[defName="VFES_Gun_ChargeComplex"]" not found
[SafePatcher]The xPath: "Defs/ThingDef[defName="VWE_Gun_Flintlock"]" not found
[SafePatcher]The xPath: "Defs/ThingDef[defName="VWE_Gun_Musket"]" not found
[EnchantQualityPlus - Start of stack trace]
Verse.PatchOperationReplace(xpath="Defs/VFECore.Abilities.AbilityDef[defName="VPE_EnchantQuality"]/abilityClass"): Failed to find a node with the given xpath
Verse.PatchOperationSequence: Error in the operation at position=1
[End of stack trace]
Source file: C:\Program Files (x86)\Steam\steamapps\workshop\content\294100\2961996244\Common\Patches\Patch.xml
[Alien | Rimworld - Start of stack trace]
Verse.PatchOperationReplace(xpath="Defs/ThingDef[defName="LavaSnail"]/modExtensions/li[@Class="Xenomorphtype.AnimalMutateForms"]/resultCandidates"): Failed to find a node with the given xpath
Verse.PatchOperationFindMod(Odyssey): Error in <match>
[End of stack trace]
Source file: C:\Program Files (x86)\Steam\steamapps\workshop\content\294100\3596077324\Compatibility\CosmicHorrors\Patches\CosmicHorrorHostPatch.xml
[Alien | Rimworld - Start of stack trace]
Verse.PatchOperationAdd(xpath="Defs/VanillaPsycastsExpanded.PsycasterPathDef[defName="VPEP_Puppeteer"]/requiredBackstoriesAny"): Failed to find a node with the given xpath
[End of stack trace]
Source file: C:\Program Files (x86)\Steam\steamapps\workshop\content\294100\3596077324\Compatibility\VPE_Puppeteer\Patches\PuppeteerPathPatch.xml
[Vanilla Psycast Expanded - Biotech Integration - Start of stack trace]
Verse.PatchOperationReplace(xpath="
                    /Defs/VanillaPsycastsExpanded.PsycasterPathDef[defName="VPE_Archotechist"]/lockedReason"): Failed to find a node with the given xpath
[End of stack trace]
Source file: C:\Program Files (x86)\Steam\steamapps\workshop\content\294100\3110971925\1.6\Patches\PsycasterPathDefs.xml
[Progression: Attire - Start of stack trace]
Verse.PatchOperationReplace(xpath="Defs/ResearchProjectDef[defName="LemonSkin_RusticClothing"]/tab"): Failed to find a node with the given xpath
Verse.PatchOperationSequence: Error in the operation at position=1
[End of stack trace]
Source file: C:\Program Files (x86)\Steam\steamapps\workshop\content\294100\3634874325\Mods\Medieval Overhaul\Patches\LemonSkin_MO_Research.xml
Parsed 0.5 as int.
[Def Error]: Cassandra
Core\Defs\Storyteller\Storytellers.xml
Parsed 0.5 as int.
[Def Error]: Phoebe
Core\Defs\Storyteller\Storytellers.xml
Parsed 0.5 as int.
[Def Error]: Randy
Core\Defs\Storyteller\Storytellers.xml
XML error: <hatRenderedFrontOfFace>true</hatRenderedFrontOfFace> doesn't correspond to any field in type ApparelProperties. Context: <apparel><parentTagDef>ApparelHead</parentTagDef><bodyPartGroups><li>Teeth</li><li>Eyes</li></bodyPartGroups><wornGraphicPath>Things/Headgear/GasMask/GasMask</wornGraphicPath><hatRenderedFrontOfFace>true</hatRenderedFrontOfFace><layers><li>Overhead</li></layers><tags><li>IndustrialAdvanced</li><li>IndustrialMilitary</li></tags><defaultOutfitTags><li>Worker</li><li>Soldier</li></defaultOutfitTags></apparel>
[Def Error]: VAE_Headgear_GasMaskRestored
[LYN] Vanilla Expanded Content Restoration\Mods\VAPPE\Defs\ThingDefs_Misc\Apparel_Headgear.xml
XML error: <hatRenderedFrontOfFace>true</hatRenderedFrontOfFace> doesn't correspond to any field in type ApparelProperties. Context: <apparel><parentTagDef>ApparelHead</parentTagDef><bodyPartGroups><li>Eyes</li></bodyPartGroups><wornGraphicPath>Things/Headgear/NightVisionGoggles/NightVisionGoggles</wornGraphicPath><hatRenderedFrontOfFace>true</hatRenderedFrontOfFace><layers><li>Overhead</li></layers><tags><li>IndustrialMilitary</li><li>IndustrialAdvanced</li></tags><defaultOutfitTags><li>Soldier</li></defaultOutfitTags></apparel>
[Def Error]: VAE_Headgear_NightVisionGogglesRestored
[LYN] Vanilla Expanded Content Restoration\Mods\VAE\Defs\ThingDefs_Misc\Armor_Industrial.xml
XML error: <hatRenderedFrontOfFace>true</hatRenderedFrontOfFace> doesn't correspond to any field in type ApparelProperties. Context: <apparel><parentTagDef>ApparelHead</parentTagDef><bodyPartGroups><li>Eyes</li></bodyPartGroups><wornGraphicPath>Things/Headgear/BallisticGoggles/BallisticGoggles</wornGraphicPath><hatRenderedFrontOfFace>true</hatRenderedFrontOfFace><layers><li>Overhead</li></layers><tags><li>IndustrialMilitary</li><li>IndustrialAdvanced</li></tags><defaultOutfitTags><li>Soldier</li></defaultOutfitTags></apparel>
[Def Error]: VAE_Headgear_BallisticGogglesRestored
[LYN] Vanilla Expanded Content Restoration\Mods\VAE\Defs\ThingDefs_Misc\Armor_Industrial.xml
Parsed 0.5 as int.
[Def Error]: RH_VOIDStoryteller
[RH2] V.O.I.D. Storyteller\1.4\Defs\StorytellerDefs\Simon.xml
Parsed 0.5 as int.
[Def Error]: CCDevelopment_LasPlagas_Storyteller_OsmundSaddler
Gloria A Las Plagas\Defs\Storyteller\Storyteller.xml
Parsed 12.5 as int.
[Def Error]: Makai_Bow_Varia
MakaiTech\Current\Defs\ThingDefs\WeaponRange.xml
Parsed 1.5 as int.
[Def Error]: AMT_Apparel_RoyalTunic
Medieval Tailor Continued\1.6\Defs\ThingDefs_Misc\Apparels\Apparel_Town_Clothing.xml
XML error: <placingDraggableDimensions>1</placingDraggableDimensions> doesn't correspond to any field in type ThingDef. Context: <ThingDef ParentName="BuildingBase"><category>Building</category><thingClass>Building</thingClass><soundImpactDefault>BulletImpact_Metal</soundImpactDefault><selectable>true</selectable><drawerType>MapMeshOnly</drawerType><altitudeLayer>Building</altitudeLayer><terrainAffordanceNeeded>Medium</terrainAffordanceNeeded><repairEffect>Repair</repairEffect><leaveResourcesWhenKilled>false</leaveResourcesWhenKilled><filthLeaving>Filth_RubbleBuilding</filthLeaving><statBases><SellPriceFactor>0.70</SellPriceFactor><MaxHitPoints>1000000</MaxHitPoints><WorkToBuild>400</WorkToBuild><Flammability>0</Flammability><Beauty>1</Beauty><Cleanliness>0.5</Cleanliness></statBases><comps><li><compClass>LightsOut.ThingComps.KeepOnComp</compClass></li></comps><defName>ArchotechWallNoRepair</defName><label>archotech wall</label><description>A wall created by an archotech. Unlike its normal counterpart it doesn't have self-repairing capabilities, it's still very durable though.</description><graphicData><texPath>Things/Building/Linked/RockSmooth_Atlas</texPath><color>(104,109,80)</color><graphicClass>Graphic_Single</graphicClass><linkType>CornerFiller</linkType><linkFlags><li>Wall</li><li>Rock</li></linkFlags><damageData><cornerTL>Damage/Corner</cornerTL><cornerTR>Damage/Corner</cornerTR><cornerBL>Damage/Corner</cornerBL><cornerBR>Damage/Corner</cornerBR><edgeTop>Damage/Edge</edgeTop><edgeBot>Damage/Edge</edgeBot><edgeLeft>Damage/Edge</edgeLeft><edgeRight>Damage/Edge</edgeRight></damageData></graphicData><uiIconPath>Things/Building/Door/DoorSimple_MenuIcon</uiIconPath><costStuffCount>5</costStuffCount><passability>Impassable</passability><blockWind>true</blockWind><castEdgeShadows>true</castEdgeShadows><constructionSkillPrerequisite>8</constructionSkillPrerequisite><fillPercent>1</fillPercent><coversFloor>true</coversFloor><placingDraggableDimensions>1</placingDraggableDimensions><tickerType>Never</tickerType><rotatable>false</rotatable><neverMultiSelect>true</neverMultiSelect><holdsRoof>true</holdsRoof><staticSunShadowHeight>1.0</staticSunShadowHeight><blockLight>true</blockLight><canOverlapZones>false</canOverlapZones><costList><Steel>7</Steel><ArchotechScrap>2</ArchotechScrap></costList><building><isInert>true</isInert><ai_chillDestination>false</ai_chillDestination><blueprintGraphicData><texPath>Things/Building/Linked/Wall_Blueprint_Atlas</texPath></blueprintGraphicData></building><designationHotKey>Misc3</designationHotKey></ThingDef>
[Def Error]: ArchotechWallNoRepair
More Archotech Garbage Reupload\1.4\Defs\BuildingDefs.xml
XML error: <placingDraggableDimensions>1</placingDraggableDimensions> doesn't correspond to any field in type ThingDef. Context: <ThingDef ParentName="BuildingBase"><category>Building</category><thingClass>Building</thingClass><soundImpactDefault>BulletImpact_Metal</soundImpactDefault><selectable>true</selectable><drawerType>MapMeshOnly</drawerType><altitudeLayer>Building</altitudeLayer><terrainAffordanceNeeded>Medium</terrainAffordanceNeeded><repairEffect>Repair</repairEffect><leaveResourcesWhenKilled>false</leaveResourcesWhenKilled><filthLeaving>Filth_RubbleBuilding</filthLeaving><statBases><SellPriceFactor>0.70</SellPriceFactor><WorkToBuild>600</WorkToBuild><Flammability>0</Flammability><Beauty>1</Beauty><Cleanliness>0.5</Cleanliness></statBases><comps><li><compClass>LightsOut.ThingComps.KeepOnComp</compClass></li></comps><defName>MAG_ArchotechWall</defName><label>archotech wall</label><description>An indestructible archotech wall.</description><researchPrerequisites><li>ArchoTechStart</li></researchPrerequisites><graphicData><texPath>Things/Building/Linked/RockSmooth_Atlas</texPath><color>(104,109,80)</color><graphicClass>Graphic_Single</graphicClass><linkType>CornerFiller</linkType><linkFlags><li>Wall</li><li>Rock</li></linkFlags><damageData><cornerTL>Damage/Corner</cornerTL><cornerTR>Damage/Corner</cornerTR><cornerBL>Damage/Corner</cornerBL><cornerBR>Damage/Corner</cornerBR><edgeTop>Damage/Edge</edgeTop><edgeBot>Damage/Edge</edgeBot><edgeLeft>Damage/Edge</edgeLeft><edgeRight>Damage/Edge</edgeRight></damageData></graphicData><uiIconPath>Things/Building/Linked/WallSmooth_MenuIcon</uiIconPath><uiIconColor>(104,109,80)</uiIconColor><useHitPoints>false</useHitPoints><costStuffCount>5</costStuffCount><passability>Impassable</passability><blockWind>true</blockWind><castEdgeShadows>true</castEdgeShadows><constructionSkillPrerequisite>8</constructionSkillPrerequisite><fillPercent>1</fillPercent><coversFloor>true</coversFloor><placingDraggableDimensions>1</placingDraggableDimensions><tickerType>Never</tickerType><rotatable>false</rotatable><neverMultiSelect>true</neverMultiSelect><holdsRoof>true</holdsRoof><designationCategory>Structure</designationCategory><staticSunShadowHeight>1.0</staticSunShadowHeight><blockLight>true</blockLight><canOverlapZones>false</canOverlapZones><costList><Steel>10</Steel><ArchotechScrap>3</ArchotechScrap></costList><building><isInert>true</isInert><ai_chillDestination>false</ai_chillDestination><blueprintGraphicData><texPath>Things/Building/Linked/Wall_Blueprint_Atlas</texPath></blueprintGraphicData></building><designationHotKey>Misc3</designationHotKey></ThingDef>
[Def Error]: MAG_ArchotechWall
More Archotech Garbage Reupload\1.4\Defs\BuildingDefs.xml
XML error: <placingDraggableDimensions>1</placingDraggableDimensions> doesn't correspond to any field in type ThingDef. Context: <ThingDef ParentName="Wall"><category>Building</category><thingClass>Building</thingClass><soundImpactDefault>BulletImpact_Metal</soundImpactDefault><selectable>true</selectable><drawerType>MapMeshOnly</drawerType><altitudeLayer>Building</altitudeLayer><terrainAffordanceNeeded>Medium</terrainAffordanceNeeded><repairEffect>Repair</repairEffect><leaveResourcesWhenKilled>false</leaveResourcesWhenKilled><filthLeaving>Filth_RubbleBuilding</filthLeaving><statBases><SellPriceFactor>0.70</SellPriceFactor><MaxHitPoints>450</MaxHitPoints><WorkToBuild>150</WorkToBuild><Flammability>0.5</Flammability><MeditationFocusStrength>0.4</MeditationFocusStrength><Beauty>1</Beauty><Cleanliness>0.5</Cleanliness></statBases><comps><li><compClass>LightsOut.ThingComps.KeepOnComp</compClass></li><li Class="CompProperties_MeditationFocus"><statDef>MeditationFocusStrength</statDef><focusTypes><li>Minimal</li></focusTypes></li><li Class="CompProperties_Styleable" /></comps><defName>MAG_PrimitiveArchotechWall</defName><label>primitive archotech wall</label><description>An impassable wall. Capable of holding up a roof. Inserting an archotech fragment into it made it slightly better than a normal wall.</description><noRightClickDraftAttack>true</noRightClickDraftAttack><replaceTags><li>Wall</li></replaceTags><graphicData><texPath>Things/Building/Linked/Wall</texPath><graphicClass>Graphic_Appearances</graphicClass><linkType>CornerFiller</linkType><linkFlags><li>Wall</li><li>Rock</li><li>Wall</li><li>Rock</li></linkFlags><damageData><cornerTL>Damage/Corner</cornerTL><cornerTR>Damage/Corner</cornerTR><cornerBL>Damage/Corner</cornerBL><cornerBR>Damage/Corner</cornerBR><edgeTop>Damage/Edge</edgeTop><edgeBot>Damage/Edge</edgeBot><edgeLeft>Damage/Edge</edgeLeft><edgeRight>Damage/Edge</edgeRight></damageData></graphicData><uiIconPath>Things/Building/Linked/WallSmooth_MenuIcon</uiIconPath><uiIconPathsStuff><li><appearance>Planks</appearance><iconPath>Things/Building/Linked/WallPlanks_MenuIcon</iconPath></li><li><appearance>Bricks</appearance><iconPath>Things/Building/Linked/WallBricks_MenuIcon</iconPath></li></uiIconPathsStuff><costStuffCount>5</costStuffCount><passability>Impassable</passability><blockWind>true</blockWind><castEdgeShadows>true</castEdgeShadows><fillPercent>1</fillPercent><coversFloor>true</coversFloor><drawStyleCategory>Walls</drawStyleCategory><tickerType>Never</tickerType><rotatable>false</rotatable><neverMultiSelect>true</neverMultiSelect><useStuffTerrainAffordance>true</useStuffTerrainAffordance><holdsRoof>true</holdsRoof><designationCategory>Ferny_Walls</designationCategory><uiOrder>2000</uiOrder><staticSunShadowHeight>1.0</staticSunShadowHeight><blockLight>true</blockLight><canOverlapZones>false</canOverlapZones><fertility>0</fertility><stuffCategories><li>Metallic</li><li>Woody</li><li>Stony</li><li>Metallic</li><li>Woody</li><li>Stony</li></stuffCategories><building><paintable>true</paintable><isInert>true</isInert><isWall>true</isWall><isPlaceOverableWall>true</isPlaceOverableWall><ai_chillDestination>false</ai_chillDestination><supportsWallAttachments>true</supportsWallAttachments><isStuffableAirtight>true</isStuffableAirtight><blueprintGraphicData><texPath>Things/Building/Linked/Wall_Blueprint_Atlas</texPath></blueprintGraphicData><relatedBuildCommands><li>Door</li><li>Autodoor</li><li>OrnateDoor</li><li MayRequire="Ludeon.RimWorld.Anomaly">SecurityDoor</li><li MayRequire="Ludeon.RimWorld.Odyssey">VacBarrier</li><li>Cooler</li><li>Vent</li><li>Cooler_Over</li><li>Cooler_Over2W</li><li>Vent_Over</li></relatedBuildCommands></building><damageMultipliers><li><damageDef>Bomb</damageDef><multiplier>2</multiplier></li><li><damageDef>Thump</damageDef><multiplier>2</multiplier></li></damageMultipliers><designationHotKey>Misc3</designationHotKey><researchPrerequisites><li>VFET_Construction</li></researchPrerequisites><modExtensions><li Class="Celsius.ThingThermalProperties"><heatCapacity>7</heatCapacity><volume>0.010</volume><insulation>5</insulation></li></modExtensions><costList><ArchotechScrap>1</ArchotechScrap></costList><placingDraggableDimensions>1</placingDraggableDimensions></ThingDef>
[Def Error]: MAG_PrimitiveArchotechWall
More Archotech Garbage Reupload\1.4\Defs\BuildingDefs.xml
XML error: <causesNeed>need_blood</causesNeed> doesn't correspond to any field in type HediffDef. Context: <HediffDef ParentName="AddictionBase"><defaultLabelColor>(1,0,0.5)</defaultLabelColor><initialSeverity>0.5</initialSeverity><maxSeverity>1.0</maxSeverity><scenarioCanAdd>true</scenarioCanAdd><removeOnRedressChanceByDaysCurve><points><li>(0, 0)</li><li>(10, 0)</li><li>(60, 0.25)</li></points></removeOnRedressChanceByDaysCurve><defName>BloodAddiction</defName><description>Blood Addiction</description><hediffClass>Hediff_Addiction</hediffClass><label>Eternal Need for Blood</label><causesNeed>need_blood</causesNeed><stages><li /><li><label>unmet</label><painOffset>0.4</painOffset><lifeThreatening>true</lifeThreatening><deathMtbDays>12</deathMtbDays><capMods><li><capacity>Consciousness</capacity><setMax>0.8</setMax></li></capMods><mentalStateGivers><li><mentalState>Berserk</mentalState><mtbDays>8</mtbDays></li></mentalStateGivers></li></stages></HediffDef>
[Def Error]: BloodAddiction
RimMagic (1.0-1.6) -- now with Ascendant Vampires, Resurrection and Healing!\1.6\Defs\Drugs\MagicBlood.xml
Parsed 0.5 as int.
[Def Error]: Accipiter
Rimsenal - Storytellers Pack\1.6\Defs\StorytellerDefs\Storytellers.xml
Parsed 0.5 as int.
[Def Error]: Sereniz
Rimsenal - Storytellers Pack\1.6\Defs\StorytellerDefs\Storytellers.xml
Parsed 0.5 as int.
[Def Error]: Hildegarde
Rimsenal - Storytellers Pack\1.6\Defs\StorytellerDefs\Storytellers.xml
Parsed 0.5 as int.
[Def Error]: Sara
Save Our Ship 2\1.6\Defs\Storyteller\Storytellers.xml
Parsed 0.5 as int.
[Def Error]: Kim
Save Our Ship 2\1.6\Defs\Storyteller\Storytellers.xml
Parsed 1.5 as int.
[Def Error]: USH_NeuroclearConsole
Ushankas Glittertech Expansion\1.6\Defs\Buildings\NeuroclearConsole.xml
Parsed 0.5 as int.
[Def Error]: VCE_SantaSeasonal
Vanilla Christmas Expanded\1.6\Defs\Storytellers\Storytellers.xml
Parsed 0.5 as int.
[Def Error]: VFEC_NeronNeolithic
Vanilla Factions Expanded - Classical\1.6\Defs\Storyteller\Storytellers.xml
Parsed 0.5 as int.
[Def Error]: VFEE_AriadneArchduchess
Vanilla Factions Expanded - Empire\1.6\Defs\Storyteller\Storytellers.xml
Parsed 0.5 as int.
[Def Error]: VFEI_EmpressEvil
Vanilla Factions Expanded - Insectoids 2\1.6\Defs\Storyteller\Storytellers.xml
Parsed 0.5 as int.
[Def Error]: VFEI_HanHordeMode
Vanilla Factions Expanded - Insectoids 2\1.6\Defs\Storyteller\Storytellers.xml
Parsed 0.5 as int.
[Def Error]: VFEM_MaynardMedieval
Vanilla Factions Expanded - Medieval 2\1.6\Defs\StorytellerDefs\StorytellerDefs.xml
Parsed 0.5 as int.
[Def Error]: VFES_DD
Vanilla Factions Expanded - Settlers\1.6\Defs\Storyteller\Storyteller.xml
Parsed 0.5 as int.
[Def Error]: VFET_TalonTribal
Vanilla Factions Expanded - Tribals\1.6\Defs\Storyteller\Storytellers.xml
Parsed 0.1 as int.
[Def Error]: VGE_Platform
Vanilla Gravship Expanded - Chapter 1\1.6\Defs\DesignationCategories\DesignationCategories.xml
Parsed 0.1 as int.
[Def Error]: VGE_Vacuum
Vanilla Gravship Expanded - Chapter 1\1.6\Defs\DesignationCategories\DesignationCategories.xml
Parsed 0.1 as int.
[Def Error]: VGE_Fuel
Vanilla Gravship Expanded - Chapter 1\1.6\Defs\DesignationCategories\DesignationCategories.xml
Parsed 0.1 as int.
[Def Error]: VGE_Combat
Vanilla Gravship Expanded - Chapter 1\1.6\Defs\DesignationCategories\DesignationCategories.xml
Tried to use an uninitialized DefOf of type DutyDefOf. DefOfs are initialized right after all defs all loaded. Uninitialized DefOfs will return only nulls. (hint: don't use DefOfs as default field values in Defs, try to resolve them in ResolveReferences() instead)
[Def Error]: DG_FleshLevel
Dungeon Core\1.6\DLC\Anomaly\Defs\QuestEditor_Library.CustomMapDataDef\DG_FleshLevel.xml
Tried to use an uninitialized DefOf of type MessageTypeDefOf. DefOfs are initialized right after all defs all loaded. Uninitialized DefOfs will return only nulls. (hint: don't use DefOfs as default field values in Defs, try to resolve them in ResolveReferences() instead)
[Def Error]: DG_Dialog_Ancient
Dungeon Core\1.6\Defs\DialogTreeDef\DG_Dialog_Ancient.xml
Type AlienRace.BackstoryDef is not a Def type or could not be found, in file Backstories_Adult.xml. Context: <AlienRace.BackstoryDef><defName>ChJAndroid_Adult_Replicant</defName><title>Artificial Human</title><titleShort>Nexus23</titleShort><baseDescription>[PAWN_nameDef] replaced a human being, taking over their entire life.  Unfortunately, their mistake was in not eliminating all witnesses and they were forced to flee to the Rim.</baseDescription><bodyTypeMale>Male</bodyTypeMale><bodyTypeFemale>Female</bodyTypeFemale><slot>Adulthood</slot><spawnCategories><li>ChjAndroid</li></spawnCategories><skillGains><li><defName>Construction</defName><amount>2</amount></li><li><defName>Shooting</defName><amount>6</amount></li><li><defName>Medicine</defName><amount>-2</amount></li><li><defName>Social</defName><amount>-2</amount></li><li><defName>Plants</defName><amount>-1</amount></li><li><defName>Mining</defName><amount>0</amount></li><li><defName>Melee</defName><amount>8</amount></li><li><defName>Crafting</defName><amount>2</amount></li><li><defName>Cooking</defName><amount>-2</amount></li><li><defName>Intellectual</defName><amount>2</amount></li></skillGains></AlienRace.BackstoryDef>
Parsed 0.125 as int.
[Def Error]: LVE_TearGasGun
Non-Lethal Extra for Vanilla Expanded\1.6\Defs\ThingDefs_Buildings\Buildings_Security_Turrets.xml
Parsed 0.15 as int.
[Def Error]: LVE_RubberShotgun
Non-Lethal Extra for Vanilla Expanded\1.6\Defs\ThingDefs_misc\Weapons_Ranged_NonLethal.xml
Parsed 0.5 as int.
[Def Error]: VFED_Damocles
Vanilla Factions Expanded - Deserters\1.6\Defs\Misc\Storyteller.xml
Parsed 0.5 as int.
[Def Error]: VPE_Basilicus
Vanilla Psycasts Expanded\1.6\Defs\Storyteller\Basilicus.xml
Parsed 4.5 as int.
[Def Error]: TM_ProperDisposal_III
Kure's Rimworld of Magic Class Expansion Pack\Common\Defs\CustomClassesRFS\RFSCustomAbilities.xml
Parsed 4.26 as int.
[Def Error]: TM_Gale
Kure's Rimworld of Magic Class Expansion Pack\Common\Defs\CustomClassesRFS\RFSCustomAbilities.xml
Parsed 4.26 as int.
[Def Error]: TM_GaleB
Kure's Rimworld of Magic Class Expansion Pack\Common\Defs\CustomClassesRFS\RFSCustomAbilities.xml
Parsed 4.26 as int.
[Def Error]: TM_Gale_I
Kure's Rimworld of Magic Class Expansion Pack\Common\Defs\CustomClassesRFS\RFSCustomAbilities.xml
Parsed 4.26 as int.
[Def Error]: TM_Gale_II
Kure's Rimworld of Magic Class Expansion Pack\Common\Defs\CustomClassesRFS\RFSCustomAbilities.xml
Parsed 4.26 as int.
[Def Error]: TM_Gale_III
Kure's Rimworld of Magic Class Expansion Pack\Common\Defs\CustomClassesRFS\RFSCustomAbilities.xml
Parsed 1.42 as int.
[Def Error]: TM_ElementalOrigin
Kure's Rimworld of Magic Class Expansion Pack\Common\Defs\CustomClassesRFS\RFSCustomAbilities.xml
Parsed 1.42 as int.
[Def Error]: TM_RemoteExplosive
Kure's Rimworld of Magic Class Expansion Pack\Common\Defs\CustomClassesRFS\RFSCustomAbilities.xml
Parsed 1.42 as int.
[Def Error]: TM_RemoteExplosiveB
Kure's Rimworld of Magic Class Expansion Pack\Common\Defs\CustomClassesRFS\RFSCustomAbilities.xml
Parsed 1.42 as int.
[Def Error]: TM_RemoteExplosive_I
Kure's Rimworld of Magic Class Expansion Pack\Common\Defs\CustomClassesRFS\RFSCustomAbilities.xml
Parsed 1.42 as int.
[Def Error]: TM_RemoteExplosive_II
Kure's Rimworld of Magic Class Expansion Pack\Common\Defs\CustomClassesRFS\RFSCustomAbilities.xml
Parsed 1.42 as int.
[Def Error]: TM_RemoteExplosive_III
Kure's Rimworld of Magic Class Expansion Pack\Common\Defs\CustomClassesRFS\RFSCustomAbilities.xml
Parsed 1.42 as int.
[Def Error]: TM_FlashTrap
Kure's Rimworld of Magic Class Expansion Pack\Common\Defs\CustomClassesRFS\RFSCustomAbilities.xml
Parsed 1.42 as int.
[Def Error]: TM_FlashTrapB
Kure's Rimworld of Magic Class Expansion Pack\Common\Defs\CustomClassesRFS\RFSCustomAbilities.xml
Parsed 1.42 as int.
[Def Error]: TM_FlashTrap_I
Kure's Rimworld of Magic Class Expansion Pack\Common\Defs\CustomClassesRFS\RFSCustomAbilities.xml
Parsed 1.42 as int.
[Def Error]: TM_FlashTrap_II
Kure's Rimworld of Magic Class Expansion Pack\Common\Defs\CustomClassesRFS\RFSCustomAbilities.xml
Parsed 1.42 as int.
[Def Error]: TM_FlashTrap_III
Kure's Rimworld of Magic Class Expansion Pack\Common\Defs\CustomClassesRFS\RFSCustomAbilities.xml
Parsed 3.2 as int.
[Def Error]: TM_StickyBombs
Kure's Rimworld of Magic Class Expansion Pack\Common\Defs\CustomClassesRFS\RFSCustomAbilities.xml
Parsed 3.2 as int.
[Def Error]: TM_StickyBombsB
Kure's Rimworld of Magic Class Expansion Pack\Common\Defs\CustomClassesRFS\RFSCustomAbilities.xml
Parsed 3.2 as int.
[Def Error]: TM_StickyBombs_I
Kure's Rimworld of Magic Class Expansion Pack\Common\Defs\CustomClassesRFS\RFSCustomAbilities.xml
Parsed 3.2 as int.
[Def Error]: TM_StickyBombs_II
Kure's Rimworld of Magic Class Expansion Pack\Common\Defs\CustomClassesRFS\RFSCustomAbilities.xml
Parsed 4.26 as int.
[Def Error]: TM_C45Explosives_III
Kure's Rimworld of Magic Class Expansion Pack\Common\Defs\CustomClassesRFS\RFSCustomAbilities.xml
Parsed 3.2 as int.
[Def Error]: TM_Destabilize
Kure's Rimworld of Magic Class Expansion Pack\Common\Defs\CustomClassesRFS\RFSCustomAbilities.xml
Parsed 3.2 as int.
[Def Error]: TM_Destabilize_I
Kure's Rimworld of Magic Class Expansion Pack\Common\Defs\CustomClassesRFS\RFSCustomAbilities.xml
Parsed 3.2 as int.
[Def Error]: TM_Destabilize_II
Kure's Rimworld of Magic Class Expansion Pack\Common\Defs\CustomClassesRFS\RFSCustomAbilities.xml
Parsed 6.5 as int.
[Def Error]: TM_Barrage
Kure's Rimworld of Magic Class Expansion Pack\Common\Defs\CustomClassesRFS\RFSCustomAbilities.xml
Parsed 7.5 as int.
[Def Error]: TM_Barrage_II
Kure's Rimworld of Magic Class Expansion Pack\Common\Defs\CustomClassesRFS\RFSCustomAbilities.xml
Parsed 1.42 as int.
[Def Error]: TM_PoisonVolley
Kure's Rimworld of Magic Class Expansion Pack\Common\Defs\CustomClassesRFS\RFSCustomAbilities.xml
Parsed 3.5 as int.
[Def Error]: TM_Duskstep
Kure's Rimworld of Magic Class Expansion Pack\Common\Defs\CustomClassesRFS\RFSCustomAbilities.xml
Parsed 3.5 as int.
[Def Error]: TM_Duskstep_I
Kure's Rimworld of Magic Class Expansion Pack\Common\Defs\CustomClassesRFS\RFSCustomAbilities.xml
Parsed 3.5 as int.
[Def Error]: TM_Duskstep_II
Kure's Rimworld of Magic Class Expansion Pack\Common\Defs\CustomClassesRFS\RFSCustomAbilities.xml
Parsed 3.5 as int.
[Def Error]: TM_Duskstep_III
Kure's Rimworld of Magic Class Expansion Pack\Common\Defs\CustomClassesRFS\RFSCustomAbilities.xml
Parsed 4.26 as int.
[Def Error]: TM_ForceMissile
Kure's Rimworld of Magic Class Expansion Pack\Common\Defs\CustomClassesRFS\RFSCustomAbilities.xml
Parsed 3.2 as int.
[Def Error]: TM_TargetMarker
Kure's Rimworld of Magic Class Expansion Pack\Common\Defs\CustomClassesRFS\RFSCustomAbilities.xml
Parsed 3.2 as int.
[Def Error]: TM_TargetMarker_I
Kure's Rimworld of Magic Class Expansion Pack\Common\Defs\CustomClassesRFS\RFSCustomAbilities.xml
Parsed 3.2 as int.
[Def Error]: TM_TargetMarker_II
Kure's Rimworld of Magic Class Expansion Pack\Common\Defs\CustomClassesRFS\RFSCustomAbilities.xml
Parsed 3.2 as int.
[Def Error]: TM_TargetMarker_III
Kure's Rimworld of Magic Class Expansion Pack\Common\Defs\CustomClassesRFS\RFSCustomAbilities.xml
Parsed 4.5 as int.
[Def Error]: TM_ContreSixte
Kure's Rimworld of Magic Class Expansion Pack\Common\Defs\CustomClassesRFS\RFSCustomAbilities.xml
Parsed 3.5 as int.
[Def Error]: TM_DeploymentTactics
Kure's Rimworld of Magic Class Expansion Pack\Common\Defs\CustomClassesRFS\RFSCustomAbilities.xml
Parsed 3.5 as int.
[Def Error]: TM_DeploymentTactics_I
Kure's Rimworld of Magic Class Expansion Pack\Common\Defs\CustomClassesRFS\RFSCustomAbilities.xml
Parsed 3.5 as int.
[Def Error]: TM_DeploymentTactics_II
Kure's Rimworld of Magic Class Expansion Pack\Common\Defs\CustomClassesRFS\RFSCustomAbilities.xml
Parsed 3.5 as int.
[Def Error]: TM_DeploymentTactics_III
Kure's Rimworld of Magic Class Expansion Pack\Common\Defs\CustomClassesRFS\RFSCustomAbilities.xml
Parsed 1.42 as int.
[Def Error]: TM_SunShot
Kure's Rimworld of Magic Class Expansion Pack\Common\Defs\CustomClassesRFS\RFSCustomAbilities.xml
Parsed 1.42 as int.
[Def Error]: TM_SunShot_I
Kure's Rimworld of Magic Class Expansion Pack\Common\Defs\CustomClassesRFS\RFSCustomAbilities.xml
Parsed 1.42 as int.
[Def Error]: TM_SunShot_II
Kure's Rimworld of Magic Class Expansion Pack\Common\Defs\CustomClassesRFS\RFSCustomAbilities.xml
Parsed 1.42 as int.
[Def Error]: TM_SunShot_III
Kure's Rimworld of Magic Class Expansion Pack\Common\Defs\CustomClassesRFS\RFSCustomAbilities.xml
Parsed 2.51 as int.
[Def Error]: TM_CircleOfScorn
Kure's Rimworld of Magic Class Expansion Pack\Common\Defs\CustomClassesRFS\RFSCustomAbilities.xml
Parsed 4.26 as int.
[Def Error]: TM_Ambush
Kure's Rimworld of Magic Class Expansion Pack\Common\Defs\CustomClassesRFS\RFSCustomAbilities.xml
Parsed 4.26 as int.
[Def Error]: TM_AmbushB
Kure's Rimworld of Magic Class Expansion Pack\Common\Defs\CustomClassesRFS\RFSCustomAbilities.xml
Parsed 4.26 as int.
[Def Error]: TM_Ambush_I
Kure's Rimworld of Magic Class Expansion Pack\Common\Defs\CustomClassesRFS\RFSCustomAbilities.xml
Parsed 4.26 as int.
[Def Error]: TM_Ambush_II
Kure's Rimworld of Magic Class Expansion Pack\Common\Defs\CustomClassesRFS\RFSCustomAbilities.xml
Parsed 4.26 as int.
[Def Error]: TM_Ambush_III
Kure's Rimworld of Magic Class Expansion Pack\Common\Defs\CustomClassesRFS\RFSCustomAbilities.xml
Parsed 4.26 as int.
[Def Error]: TM_AmbushC
Kure's Rimworld of Magic Class Expansion Pack\Common\Defs\CustomClassesRFS\RFSCustomAbilities.xml
Parsed 3.2 as int.
[Def Error]: TM_UnstableSingularity
Kure's Rimworld of Magic Class Expansion Pack\Common\Defs\CustomClassesRFS\RFSCustomAbilities.xml
Parsed 3.2 as int.
[Def Error]: TM_Rockbreaker
Kure's Rimworld of Magic Class Expansion Pack\Common\Defs\CustomClassesRFS\RFSCustomAbilities.xml
Parsed 4.5 as int.
[Def Error]: TM_Bladestorm
Kure's Rimworld of Magic Class Expansion Pack\Common\Defs\CustomClassesRFS\RFSCustomAbilities.xml
Parsed 4.26 as int.
[Def Error]: TM_FallenLeaf
Kure's Rimworld of Magic Class Expansion Pack\Common\Defs\CustomClassesRFS\RFSCustomAbilities.xml
Parsed 4.5 as int.
[Def Error]: TM_Regurgitate
Kure's Rimworld of Magic Class Expansion Pack\Common\Defs\CustomClassesRFS\RFSCustomAbilities.xml
Parsed 4.5 as int.
[Def Error]: TM_Regurgitate_I
Kure's Rimworld of Magic Class Expansion Pack\Common\Defs\CustomClassesRFS\RFSCustomAbilities.xml
Parsed 4.5 as int.
[Def Error]: TM_Regurgitate_II
Kure's Rimworld of Magic Class Expansion Pack\Common\Defs\CustomClassesRFS\RFSCustomAbilities.xml
Parsed 4.5 as int.
[Def Error]: TM_Regurgitate_III
Kure's Rimworld of Magic Class Expansion Pack\Common\Defs\CustomClassesRFS\RFSCustomAbilities.xml
Parsed 3.5 as int.
[Def Error]: TM_Delirium
Kure's Rimworld of Magic Class Expansion Pack\Common\Defs\CustomClassesRFS\RFSCustomAbilities.xml
Parsed 3.5 as int.
[Def Error]: TM_Delirium_I
Kure's Rimworld of Magic Class Expansion Pack\Common\Defs\CustomClassesRFS\RFSCustomAbilities.xml
Parsed 3.5 as int.
[Def Error]: TM_Delirium_II
Kure's Rimworld of Magic Class Expansion Pack\Common\Defs\CustomClassesRFS\RFSCustomAbilities.xml
Parsed 3.5 as int.
[Def Error]: TM_Delirium_III
Kure's Rimworld of Magic Class Expansion Pack\Common\Defs\CustomClassesRFS\RFSCustomAbilities.xml
Parsed 3.5 as int.
[Def Error]: TM_RockFist
Kure's Rimworld of Magic Class Expansion Pack\Common\Defs\CustomClassesRFS\RFSCustomAbilities.xml
Parsed 4.5 as int.
[Def Error]: TM_RockFist_II
Kure's Rimworld of Magic Class Expansion Pack\Common\Defs\CustomClassesRFS\RFSCustomAbilities.xml
Parsed 0.5 as int.
[Def Error]: VFEP_Casper
Vanilla Factions Expanded - Pirates\1.6\Defs\Storyteller\Storytellers.xml
Parsed 0.5 as int.
[Def Error]: NCL_Justice_Storyteller
Mechanoids: Total Warfare\1.6\Defs\Storytellers\StoryJustices.xml
Parsed 0.5 as int.
[Def Error]: XMT_MedicineToad
Alien | Rimworld\1.6\Defs\ThingDefs_Races\Races_Animal_Horrors.xml
Parsed 0.25 as int.
[Def Error]: XMT_AcidAphid
Alien | Rimworld\1.6\Defs\ThingDefs_Races\Races_Animal_Horrors.xml
Tried to use an uninitialized DefOf of type TerrainDefOf. DefOfs are initialized right after all defs all loaded. Uninitialized DefOfs will return only nulls. (hint: don't use DefOfs as default field values in Defs, try to resolve them in ResolveReferences() instead)
[Def Error]: BMT_CrystalCaverns
Biomes! Caverns\1.6\Defs\Biomes\BMT_CrystalCaverns.xml
Exception loading def from file (unknown): System.ArgumentException: Could not find type named CompProperties_RoofMe from node <li Class="CompProperties_RoofMe" />
Parameter name: node
[Ref 8E5F58B3]
  at Verse.DirectXmlToObjectNew.ResolveTypeForNode (System.Type defaultType, System.Xml.XmlNode node) [0x0005a] in <61e4173561894da49d210260257b5097>:0 
(wrapper dynamic-method) Verse.DirectXmlToObjectNew+DummyTypeToHoldDynamicMethods.ParseAndSetListField_Verse_CompProperties(object,System.Reflection.FieldInfo,System.Xml.XmlNode,System.Type)
(wrapper dynamic-method) Verse.DirectXmlToObjectNew+DummyTypeToHoldDynamicMethods.ParseAndReturnDef_Verse_ThingDef(int,int,System.Xml.XmlNode,System.Type)
  at Verse.DirectXmlToObjectNew.DefFromNodeNew (System.Xml.XmlNode node, Verse.LoadableXmlAsset loadingAsset) [0x0014c] in <61e4173561894da49d210260257b5097>:0 
    - PREFIX SmashPhil.VehicleFramework: Boolean SmashTools.Patching.Patch_XmlParsing:PreProcessAttributesOnDef(Def& __result, XmlNode node)
    - PREFIX Dubwise.DubsBadHygiene: Boolean DubsBadHygiene.DubsBadHygieneMod:Prefix(XmlNode node, LoadableXmlAsset loadingAsset, Def& __result)
    - PREFIX ordpus.logafterdeferror: Void LogAfterDefError.DirectXmlLoader_DefFromNode:Prefix(LogMessage& __state)
    - POSTFIX SmashPhil.VehicleFramework: Void SmashTools.Patching.Patch_XmlParsing:ReadCustomAttributesOnDef(XmlNode node)
    - POSTFIX ordpus.logafterdeferror: Void LogAfterDefError.DirectXmlLoader_DefFromNode:Postfix(Def __result, LoadableXmlAsset loadingAsset, LogMessage __state)
    - POSTFIX VR.MissileGirl.Gagarin: Void Gagarin.DirectXmlToObjectNew_Patch+DirectXmlToObjectNew_DefFromNodeNew_Patch:Postfix(XmlNode node, LoadableXmlAsset loadingAsset, Def __result)
Type VCE_Fishing.FishDef is not a Def type or could not be found, in file (unknown). Context: <VCE_Fishing.FishDef><defName>MAG_VCEF_SpecialFish</defName><thingDef>MAG_VCEF_ArchotechFish</thingDef><fishSizeCategory>Special</fishSizeCategory><canBeFreshwater>true</canBeFreshwater><canBeSaltwater>true</canBeSaltwater><allowedBiomes><li>Warm</li><li>Cold</li><li>Hot</li></allowedBiomes><commonality>0.75</commonality><baseFishingYield>5</baseFishingYield></VCE_Fishing.FishDef>
Exception loading def from file (unknown): System.ArgumentException: Could not find type named AOMoreFurniture.CompProperties_BinClean from node <li Class="AOMoreFurniture.CompProperties_BinClean"><TimerInTicks>1000</TimerInTicks><Radius>40</Radius></li>
Parameter name: node
[Ref 8E5F58B3] Duplicate stacktrace, see ref for original
Could not find a type named VanillaCookingExpanded.Thought_Hediff
[Def Error]: AteArchoVialVCE
Exception loading def from file (unknown): System.ArgumentException: Could not find type named VanillaCookingExpanded.HediffCompProperties_WhileHavingThoughts from node <li Class="VanillaCookingExpanded.HediffCompProperties_WhileHavingThoughts"><thoughtDefs><li>AteArchoVialVCE</li></thoughtDefs></li>
Parameter name: node
[Ref 76F1AE9B]
  at Verse.DirectXmlToObjectNew.ResolveTypeForNode (System.Type defaultType, System.Xml.XmlNode node) [0x0005a] in <61e4173561894da49d210260257b5097>:0 
(wrapper dynamic-method) Verse.DirectXmlToObjectNew+DummyTypeToHoldDynamicMethods.ParseAndSetListField_Verse_HediffCompProperties(object,System.Reflection.FieldInfo,System.Xml.XmlNode,System.Type)
(wrapper dynamic-method) Verse.DirectXmlToObjectNew+DummyTypeToHoldDynamicMethods.ParseAndReturnDef_Verse_Def(int,int,System.Xml.XmlNode,System.Type)
  at Verse.DirectXmlToObjectNew.DefFromNodeNew (System.Xml.XmlNode node, Verse.LoadableXmlAsset loadingAsset) [0x0014c] in <61e4173561894da49d210260257b5097>:0 
    - PREFIX SmashPhil.VehicleFramework: Boolean SmashTools.Patching.Patch_XmlParsing:PreProcessAttributesOnDef(Def& __result, XmlNode node)
    - PREFIX Dubwise.DubsBadHygiene: Boolean DubsBadHygiene.DubsBadHygieneMod:Prefix(XmlNode node, LoadableXmlAsset loadingAsset, Def& __result)
    - PREFIX ordpus.logafterdeferror: Void LogAfterDefError.DirectXmlLoader_DefFromNode:Prefix(LogMessage& __state)
    - POSTFIX SmashPhil.VehicleFramework: Void SmashTools.Patching.Patch_XmlParsing:ReadCustomAttributesOnDef(XmlNode node)
    - POSTFIX ordpus.logafterdeferror: Void LogAfterDefError.DirectXmlLoader_DefFromNode:Postfix(Def __result, LoadableXmlAsset loadingAsset, LogMessage __state)
    - POSTFIX VR.MissileGirl.Gagarin: Void Gagarin.DirectXmlToObjectNew_Patch+DirectXmlToObjectNew_DefFromNodeNew_Patch:Postfix(XmlNode node, LoadableXmlAsset loadingAsset, Def __result)
Could not find a type named ItemProcessor.Building_ItemProcessor
Exception loading def from file (unknown): System.ArgumentException: Could not find type named ItemProcessor.CompProperties_ItemProcessor from node <li Class="ItemProcessor.CompProperties_ItemProcessor"><buildingOnGraphic>Things/Building/OtherMods/MAG_ArchoPotFull</buildingOnGraphic><numberOfInputs>1</numberOfInputs><acceptsNoneAsInput>false</acceptsNoneAsInput><InsertFirstItemDesc>VCE_InsertSoupDesc</InsertFirstItemDesc><transfersIngredientLists>true</transfersIngredientLists><isSemiAutomaticMachine>true</isSemiAutomaticMachine><resetSemiautomaticIcon>UI/VCE_SoupReset</resetSemiautomaticIcon><chooseIngredientsIcon>UI/VCE_EmptySoupPotIcon</chooseIngredientsIcon><bringIngredientsText>VCE_StartInsertion</bringIngredientsText><bringIngredientsDesc>VCE_StartInsertionDesc</bringIngredientsDesc><bringIngredientsIcon>UI/VCE_InsertSoup</bringIngredientsIcon><cancelIngredientsText>VCE_CancelBringingSoup</cancelIngredientsText><cancelIngredientsDesc>VCE_CancelBringingSoupDesc</cancelIngredientsDesc><cancelIngredientsIcon>UI/VCE_CancelSoup</cancelIngredientsIcon><noPowerDestroysProgress>false</noPowerDestroysProgress><rareTicksToDestroy>10</rareTicksToDestroy><noPowerDestroysMessage>VCE_SoupFailurePower</noPowerDestroysMessage><noPowerDestroysInitialWarning>VCE_SoupFailurePowerWarning</noPowerDestroysInitialWarning><destroyIngredientsAtStartOfProcess>true</destroyIngredientsAtStartOfProcess></li>
Parameter name: node
[Ref 8E5F58B3] Duplicate stacktrace, see ref for original
Could not find a type named ItemProcessor.Building_ItemProcessor
Exception loading def from file (unknown): System.ArgumentException: Could not find type named ItemProcessor.CompProperties_ItemProcessor from node <li Class="ItemProcessor.CompProperties_ItemProcessor"><buildingOnGraphic>Things/Building/OtherMods/MAG_ArchoPressFull</buildingOnGraphic><numberOfInputs>1</numberOfInputs><qualitySelector>true</qualitySelector><acceptsNoneAsInput>false</acceptsNoneAsInput><InsertFirstItemDesc>VCE_InsertMilkDesc</InsertFirstItemDesc><isSemiAutomaticMachine>true</isSemiAutomaticMachine><resetSemiautomaticIcon>UI/VCE_ResetMilk</resetSemiautomaticIcon><chooseIngredientsIcon>UI/VCE_EmptyMilkIcon</chooseIngredientsIcon><bringIngredientsText>VCE_StartInsertionMilk</bringIngredientsText><bringIngredientsDesc>VCE_StartInsertionMilkDesc</bringIngredientsDesc><bringIngredientsIcon>UI/VCE_InsertMilk</bringIngredientsIcon><cancelIngredientsText>VCE_CancelBringingMilk</cancelIngredientsText><cancelIngredientsDesc>VCE_CancelBringingMilkDesc</cancelIngredientsDesc><cancelIngredientsIcon>UI/VCE_CancelMilk</cancelIngredientsIcon><noPowerDestroysProgress>false</noPowerDestroysProgress><removeProductText>VCE_RemoveCheese</removeProductText><removeProductDesc>VCE_RemoveCheeseDesc</removeProductDesc><removeProductIcon>UI/VCE_RemoveCheese</removeProductIcon><destroyIngredientsAtStartOfProcess>false</destroyIngredientsAtStartOfProcess><destroyIngredientsAtAwfulQuality>true</destroyIngredientsAtAwfulQuality></li>
Parameter name: node
[Ref 8E5F58B3] Duplicate stacktrace, see ref for original
Exception loading def from file (unknown): System.ArgumentException: Could not find type named RecipeInheritance.ThingDefExtension from node <li Class="RecipeInheritance.ThingDefExtension"><inheritRecipesFrom><li>ElectricStove</li><li>TableButcher</li></inheritRecipesFrom></li>
Parameter name: node
[Ref C63B87B7]
  at Verse.DirectXmlToObjectNew.ResolveTypeForNode (System.Type defaultType, System.Xml.XmlNode node) [0x0005a] in <61e4173561894da49d210260257b5097>:0 
(wrapper dynamic-method) Verse.DirectXmlToObjectNew+DummyTypeToHoldDynamicMethods.ParseAndSetListField_Verse_DefModExtension(object,System.Reflection.FieldInfo,System.Xml.XmlNode,System.Type)
(wrapper dynamic-method) Verse.DirectXmlToObjectNew+DummyTypeToHoldDynamicMethods.ParseAndReturnDef_Verse_ThingDef(int,int,System.Xml.XmlNode,System.Type)
  at Verse.DirectXmlToObjectNew.DefFromNodeNew (System.Xml.XmlNode node, Verse.LoadableXmlAsset loadingAsset) [0x0014c] in <61e4173561894da49d210260257b5097>:0 
    - PREFIX SmashPhil.VehicleFramework: Boolean SmashTools.Patching.Patch_XmlParsing:PreProcessAttributesOnDef(Def& __result, XmlNode node)
    - PREFIX Dubwise.DubsBadHygiene: Boolean DubsBadHygiene.DubsBadHygieneMod:Prefix(XmlNode node, LoadableXmlAsset loadingAsset, Def& __result)
    - PREFIX ordpus.logafterdeferror: Void LogAfterDefError.DirectXmlLoader_DefFromNode:Prefix(LogMessage& __state)
    - POSTFIX SmashPhil.VehicleFramework: Void SmashTools.Patching.Patch_XmlParsing:ReadCustomAttributesOnDef(XmlNode node)
    - POSTFIX ordpus.logafterdeferror: Void LogAfterDefError.DirectXmlLoader_DefFromNode:Postfix(Def __result, LoadableXmlAsset loadingAsset, LogMessage __state)
    - POSTFIX VR.MissileGirl.Gagarin: Void Gagarin.DirectXmlToObjectNew_Patch+DirectXmlToObjectNew_DefFromNodeNew_Patch:Postfix(XmlNode node, LoadableXmlAsset loadingAsset, Def __result)
Type ItemProcessor.CombinationDef is not a Def type or could not be found, in file (unknown). Context: <ItemProcessor.CombinationDef><defName>MAG_VanillaBeerRecipe</defName><building>MAG_VanometricPot</building><items><li>RawHops</li></items><amount><li>15</li></amount><result>Beer</result><yield>25</yield><useQualityIncreasing>false</useQualityIncreasing><singleTimeIfNotQualityIncreasing>1.5</singleTimeIfNotQualityIncreasing></ItemProcessor.CombinationDef>
Type ItemProcessor.ItemAcceptedDef is not a Def type or could not be found, in file (unknown). Context: <ItemProcessor.ItemAcceptedDef><defName>MAG_ArchotechPotFirstItem</defName><building>MAG_VanometricPot</building><slot>1</slot><items><li>VCE_UncookedSoupSimple</li><li>VCE_UncookedSoupFine</li><li>VCE_UncookedSoupLavish</li><li>VCE_UncookedSoupGourmet</li><li>MAG_UncookedArchotechSoup</li><li>RawHops</li><li>VBE_SodaSyrup</li><li>VBE_WhiskeyMash</li><li>VBE_Whiskey</li><li>VBE_TequilaMust</li><li>VBE_VodkaMash</li><li>VBE_GinMush</li><li>MAG_ArchotechSodaSyrup</li><li>Chemfuel</li><li>VCE_UncookedStewLavish</li><li>VCE_UncookedStewFine</li><li>VCE_UncookedStewSimple</li></items></ItemProcessor.ItemAcceptedDef>
Could not find a type named VanillaCookingExpanded.Thought_Hediff
[Def Error]: AteArchoMAGCheese
Exception loading def from file (unknown): System.ArgumentException: Could not find type named VanillaCookingExpanded.HediffCompProperties_WhileHavingThoughts from node <li Class="VanillaCookingExpanded.HediffCompProperties_WhileHavingThoughts"><thoughtDefs><li>AteArchoMAGCheese</li></thoughtDefs></li>
Parameter name: node
[Ref 76F1AE9B] Duplicate stacktrace, see ref for original
Exception loading def from file (unknown): System.ArgumentException: Could not find type named VanillaCookingExpanded.CompProperties_StackByCondiments from node <li Class="VanillaCookingExpanded.CompProperties_StackByCondiments"><condimentTagToCheck>Condiments</condimentTagToCheck></li>
Parameter name: node
[Ref 8E5F58B3] Duplicate stacktrace, see ref for original
Could not find a type named VanillaCookingExpanded.Thought_Hediff
[Def Error]: MAG_DrankArchotechSoda
XML error: <disablesNeeds><li>Rest</li></disablesNeeds> doesn't correspond to any field in type HediffDef. Context: <HediffDef><defName>MAG_DrankArchotechSoda</defName><label>drank archotech soda</label><makesSickThought>false</makesSickThought><description>A burst of a strange sugar-like substance enters the bloodstream, providing so much energy that sleep isn't needed for a while. The buff lasts for up to 2 days.</description><tendable>false</tendable><isBad>false</isBad><defaultLabelColor>(1,0,0.5)</defaultLabelColor><hediffClass>HediffWithComps</hediffClass><disablesNeeds><li>Rest</li></disablesNeeds><comps><li Class="VanillaCookingExpanded.HediffCompProperties_WhileHavingThoughts"><thoughtDefs><li>MAG_DrankArchotechSoda</li></thoughtDefs></li><li Class="HediffCompProperties_Disappears"><disappearsAfterTicks><min>90000</min><max>120000</max></disappearsAfterTicks></li></comps><stages><li><capMods><li><capacity>Manipulation</capacity><offset>0.2</offset></li></capMods></li></stages></HediffDef>
Exception loading def from file (unknown): System.ArgumentException: Could not find type named VanillaCookingExpanded.HediffCompProperties_WhileHavingThoughts from node <li Class="VanillaCookingExpanded.HediffCompProperties_WhileHavingThoughts"><thoughtDefs><li>MAG_DrankArchotechSoda</li></thoughtDefs></li>
Parameter name: node
[Ref 76F1AE9B] Duplicate stacktrace, see ref for original
Could not find a type named VanillaCookingExpanded.Thought_Hediff
[Def Error]: MAG_AteArchotechDessert_Craved
GAGARIN: <color=white>Cache created!</color> creating cache took <color=green>3 seconds</color>
[More Archotech Garbage Reupload] Patch operation Verse.PatchOperationFindMod(Vanilla Furniture Expanded - Security) failed
file: C:\Program Files (x86)\Steam\steamapps\workshop\content\294100\2391102796\1.4\Patches\Building.xml
[EnchantQualityPlus] Patch operation Verse.PatchOperationSequence(count=2, lastFailedOperation=Verse.PatchOperationReplace(Defs/VFECore.Abilities.AbilityDef[defName="VPE_EnchantQuality"]/abilityClass)) failed
file: C:\Program Files (x86)\Steam\steamapps\workshop\content\294100\2961996244\Common\Patches\Patch.xml
[Alien | Rimworld] Patch operation Verse.PatchOperationFindMod(Odyssey) failed
file: C:\Program Files (x86)\Steam\steamapps\workshop\content\294100\3596077324\Compatibility\CosmicHorrors\Patches\CosmicHorrorHostPatch.xml
[Alien | Rimworld] Patch operation Verse.PatchOperationAdd(Defs/VanillaPsycastsExpanded.PsycasterPathDef[defName="VPEP_Puppeteer"]/requiredBackstoriesAny) failed
file: C:\Program Files (x86)\Steam\steamapps\workshop\content\294100\3596077324\Compatibility\VPE_Puppeteer\Patches\PuppeteerPathPatch.xml
[Vanilla Psycast Expanded - Biotech Integration] Patch operation VEF.PatchOperationToggableSequence(count=11, lastFailedOperation=Verse.PatchOperationReplace(
                    /Defs/VanillaPsycastsExpanded.PsycasterPathDef[defName="VPE_Archotechist"]/lockedReason)) failed
file: C:\Program Files (x86)\Steam\steamapps\workshop\content\294100\3110971925\1.6\Patches\PsycasterPathDefs.xml
[Progression: Attire] Patch operation Verse.PatchOperationSequence(count=3, lastFailedOperation=Verse.PatchOperationReplace(Defs/ResearchProjectDef[defName="LemonSkin_RusticClothing"]/tab)) failed
file: C:\Program Files (x86)\Steam\steamapps\workshop\content\294100\3634874325\Mods\Medieval Overhaul\Patches\LemonSkin_MO_Research.xml
Could not resolve cross-reference: No Verse.SoundDef named MeleeHit_ArchotechPunch found to give to Verse.Tool fist (using undefined sound instead)
Could not resolve cross-reference: No Verse.SoundDef named MeleeMiss_ArchotechPunch found to give to Verse.Tool fist (using undefined sound instead)
Could not resolve cross-reference: No Verse.SoundDef named Pawn_Melee_Punch_HitBuilding found to give to Verse.RaceProperties Verse.RaceProperties (using undefined sound instead)
Could not resolve cross-reference: No Verse.SoundDef named Pawn_Melee_Punch_HitBuilding found to give to Verse.RaceProperties Verse.RaceProperties (using undefined sound instead)
Could not resolve cross-reference: No Verse.SoundDef named Pawn_Melee_Punch_HitBuilding found to give to Verse.RaceProperties Verse.RaceProperties (using undefined sound instead)
Could not resolve cross-reference: No Verse.SoundDef named Pawn_Melee_Punch_HitBuilding found to give to Verse.RaceProperties Verse.RaceProperties (using undefined sound instead)
Possible typo: ThingDef. Using def type name not preceded by "Of"
[Isekai Leveling] Compatibility patches active:
  - RimWorld of Magic: Stats affect Mana and Stamina
  - Vanilla Psycasts Expanded: Stats affect Psyfocus
  - Dubs Bad Hygiene: VIT/WIS affect Hygiene resistance
  - Simple Sidearms: DEX affects Weapon swap speed
  - Character Editor: Isekai stats section added to character creation
  - RimHUD: Custom widgets for Level, Rank, and XP
[Isekai Leveling] RoM Harmony patches applied: 9/9
[Isekai Leveling] RimWorld of Magic compatibility initialized successfully. Stats affect: Mana Pool, Mana Regen, Stamina Pool, Stamina Regen, Damage, Cooldowns, Costs, Chi, Psionic, Summons, Buffs.
[Isekai Leveling] Vanilla Psycasts Expanded compatibility initialized successfully.
[Isekai Leveling] Dubs Bad Hygiene compatibility initialized successfully.
[Isekai Leveling] Simple Sidearms compatibility initialized successfully.
[Isekai Leveling] Character Editor detected - Isekai Stats window available via mod settings or dev mode
Unhandled Render-Tree: Black_Dragon has an unhandled render tree: DD_Dragon. It will likely not render as expected if made sapient. Defaulting to BS_HumanlikeAnimal.
No warning of this type will be sent to avoid spamming the log.
Failed to patch VFEInsectoids 2's Creep with additional genes.
[Big & Small] Patched 0 PawnRenderNodeProperties to use PawnRenderingProps_Lite for recolorable graphics.
Remember that you can always disable this again in the mod options.
[AV] MechanoidSkins.MechSkinManager: IED walker from mod Ancient amorphous threat is to special to work with this mod -> different renderTree -> deactivated skin selection and color for this mech.
[AV] MechanoidSkins.MechSkinManager: bomb walker from mod Ancient amorphous threat is to special to work with this mod -> different renderTree -> deactivated skin selection and color for this mech.
[AV] MechanoidSkins.MechSkinManager: summoned scyther from mod Caravan Adventures is to special to work with this mod -> different renderTree -> deactivated skin selection and color for this mech.
[AV] MechanoidSkins.MechSkinManager: Пожиратель from mod Caravan Adventures is to special to work with this mod -> different renderTree -> deactivated skin selection and color for this mech.
[AV] MechanoidSkins.MechSkinManager: Кристальный жнец from mod Caravan Adventures is to special to work with this mod -> different renderTree -> deactivated skin selection and color for this mech.
[AV] MechanoidSkins.MechSkinManager: Предвестник from mod Caravan Adventures is to special to work with this mod -> different renderTree -> deactivated skin selection and color for this mech.
[AV] MechanoidSkins.MechSkinManager: Опустошитель from mod Caravan Adventures is to special to work with this mod -> different renderTree -> deactivated skin selection and color for this mech.
[AV] MechanoidSkins.MechSkinManager: ИИ Координатор древних from mod Caravan Adventures is to special to work with this mod -> different renderTree -> deactivated skin selection and color for this mech.
[AV] MechanoidSkins.MechSkinManager: Грузовой дрон (Tier 1) from mod Misc. Robots++ is to special to work with this mod -> different renderTree -> deactivated skin selection and color for this mech.
[AV] MechanoidSkins.MechSkinManager: Грузовой дрон (Tier 2) from mod Misc. Robots++ is to special to work with this mod -> different renderTree -> deactivated skin selection and color for this mech.
[AV] MechanoidSkins.MechSkinManager: Грузовой дрон (Tier 3) from mod Misc. Robots++ is to special to work with this mod -> different renderTree -> deactivated skin selection and color for this mech.
[AV] MechanoidSkins.MechSkinManager: Грузовой дрон (Tier 4) from mod Misc. Robots++ is to special to work with this mod -> different renderTree -> deactivated skin selection and color for this mech.
[AV] MechanoidSkins.MechSkinManager: Грузовой дрон (Tier 5) from mod Misc. Robots++ is to special to work with this mod -> different renderTree -> deactivated skin selection and color for this mech.
[AV] MechanoidSkins.MechSkinManager: Дрон-Уборщик (Tier 1) from mod Misc. Robots++ is to special to work with this mod -> different renderTree -> deactivated skin selection and color for this mech.
[AV] MechanoidSkins.MechSkinManager: Дрон-Уборщик (Tier 2) from mod Misc. Robots++ is to special to work with this mod -> different renderTree -> deactivated skin selection and color for this mech.
[AV] MechanoidSkins.MechSkinManager: Дрон-Уборщик (Tier 3) from mod Misc. Robots++ is to special to work with this mod -> different renderTree -> deactivated skin selection and color for this mech.
[AV] MechanoidSkins.MechSkinManager: Дрон-Уборщик (Tier 4) from mod Misc. Robots++ is to special to work with this mod -> different renderTree -> deactivated skin selection and color for this mech.
[AV] MechanoidSkins.MechSkinManager: Дрон-Уборщик (Tier 5) from mod Misc. Robots++ is to special to work with this mod -> different renderTree -> deactivated skin selection and color for this mech.
[AV] MechanoidSkins.MechSkinManager: Дрон-Строитель (Tier 1) from mod Misc. Robots++ is to special to work with this mod -> different renderTree -> deactivated skin selection and color for this mech.
[AV] MechanoidSkins.MechSkinManager: Дрон-Строитель (Tier 2) from mod Misc. Robots++ is to special to work with this mod -> different renderTree -> deactivated skin selection and color for this mech.
[AV] MechanoidSkins.MechSkinManager: Дрон-Строитель (Tier 3) from mod Misc. Robots++ is to special to work with this mod -> different renderTree -> deactivated skin selection and color for this mech.
[AV] MechanoidSkins.MechSkinManager: Дрон-Строитель (Tier 4) from mod Misc. Robots++ is to special to work with this mod -> different renderTree -> deactivated skin selection and color for this mech.
[AV] MechanoidSkins.MechSkinManager: Дрон-Строитель (Tier 5) from mod Misc. Robots++ is to special to work with this mod -> different renderTree -> deactivated skin selection and color for this mech.
[AV] MechanoidSkins.MechSkinManager: Дрон-Ремесленник (Tier 1) from mod Misc. Robots++ is to special to work with this mod -> different renderTree -> deactivated skin selection and color for this mech.
[AV] MechanoidSkins.MechSkinManager: Дрон-Ремесленник (Tier 2) from mod Misc. Robots++ is to special to work with this mod -> different renderTree -> deactivated skin selection and color for this mech.
[AV] MechanoidSkins.MechSkinManager: Дрон-Ремесленник (Tier 3) from mod Misc. Robots++ is to special to work with this mod -> different renderTree -> deactivated skin selection and color for this mech.
[AV] MechanoidSkins.MechSkinManager: Дрон-Ремесленник (Tier 4) from mod Misc. Robots++ is to special to work with this mod -> different renderTree -> deactivated skin selection and color for this mech.
[AV] MechanoidSkins.MechSkinManager: Дрон-Ремесленник (Tier 5) from mod Misc. Robots++ is to special to work with this mod -> different renderTree -> deactivated skin selection and color for this mech.
[AV] MechanoidSkins.MechSkinManager: Дрон Экстренного Реагирования (Tier 1) from mod Misc. Robots++ is to special to work with this mod -> different renderTree -> deactivated skin selection and color for this mech.
[AV] MechanoidSkins.MechSkinManager: Дрон Экстренного Реагирования (Tier 2) from mod Misc. Robots++ is to special to work with this mod -> different renderTree -> deactivated skin selection and color for this mech.
[AV] MechanoidSkins.MechSkinManager: Дрон Экстренного Реагирования (Tier 3) from mod Misc. Robots++ is to special to work with this mod -> different renderTree -> deactivated skin selection and color for this mech.
[AV] MechanoidSkins.MechSkinManager: ЭР-дрон (Tier 4) from mod Misc. Robots++ is to special to work with this mod -> different renderTree -> deactivated skin selection and color for this mech.
[AV] MechanoidSkins.MechSkinManager: ЭР-дрон (Tier 5) from mod Misc. Robots++ is to special to work with this mod -> different renderTree -> deactivated skin selection and color for this mech.
[AV] MechanoidSkins.MechSkinManager: Дрон-Повар (Tier 1) from mod Misc. Robots++ is to special to work with this mod -> different renderTree -> deactivated skin selection and color for this mech.
[AV] MechanoidSkins.MechSkinManager: Дрон-Повар (Tier 2) from mod Misc. Robots++ is to special to work with this mod -> different renderTree -> deactivated skin selection and color for this mech.
[AV] MechanoidSkins.MechSkinManager: Дрон-Повар (Tier 3) from mod Misc. Robots++ is to special to work with this mod -> different renderTree -> deactivated skin selection and color for this mech.
[AV] MechanoidSkins.MechSkinManager: Дрон-Повар (Tier 4) from mod Misc. Robots++ is to special to work with this mod -> different renderTree -> deactivated skin selection and color for this mech.
[AV] MechanoidSkins.MechSkinManager: Дрон-Повар (Tier 5) from mod Misc. Robots++ is to special to work with this mod -> different renderTree -> deactivated skin selection and color for this mech.
[AV] MechanoidSkins.MechSkinManager: Мастер-бот 1 поколения from mod Misc. Robots++ is to special to work with this mod -> different renderTree -> deactivated skin selection and color for this mech.
[AV] MechanoidSkins.MechSkinManager: Мастер-бот 2 поколения from mod Misc. Robots++ is to special to work with this mod -> different renderTree -> deactivated skin selection and color for this mech.
[AV] MechanoidSkins.MechSkinManager: Мастер-бот 3 поколения from mod Misc. Robots++ is to special to work with this mod -> different renderTree -> deactivated skin selection and color for this mech.
[AV] MechanoidSkins.MechSkinManager: Мастер-бот 4 поколения from mod Misc. Robots++ is to special to work with this mod -> different renderTree -> deactivated skin selection and color for this mech.
[AV] MechanoidSkins.MechSkinManager: Всесторонний дрон (Tier 5) from mod Misc. Robots++ is to special to work with this mod -> different renderTree -> deactivated skin selection and color for this mech.
[AV] MechanoidSkins.MechSkinManager: боевой дрон from mod Vanilla Factions Expanded - Pirates is to special to work with this mod -> different renderTree -> deactivated skin selection and color for this mech.
[AV] MechanoidSkins.MechSkinManager: мина-паук from mod Vanilla Factions Expanded - Pirates is to special to work with this mod -> different renderTree -> deactivated skin selection and color for this mech.
[AV] MechanoidSkins.MechSkinManager: дрон from mod Mechanoids: Total Warfare is to special to work with this mod -> different renderTree -> deactivated skin selection and color for this mech.
[AV] MechanoidSkins.MechSkinManager: дрон from mod Mechanoids: Total Warfare is to special to work with this mod -> different renderTree -> deactivated skin selection and color for this mech.
[AV] MechanoidSkins.MechSkinManager: Iron Golem from mod Medieval Overhaul is to special to work with this mod -> different renderTree -> deactivated skin selection and color for this mech.
[AV] MechanoidSkins.MechSkinManager: Golden Golem from mod Medieval Overhaul is to special to work with this mod -> different renderTree -> deactivated skin selection and color for this mech.
[AV] MechanoidSkins.MechSkinManager: Steel Golem from mod Medieval Overhaul is to special to work with this mod -> different renderTree -> deactivated skin selection and color for this mech.
[AV] MechanoidSkins.MechSkinManager: Silver Golem from mod Medieval Overhaul is to special to work with this mod -> different renderTree -> deactivated skin selection and color for this mech.
[AV] MechanoidSkins.MechSkinManager: subverter from mod Alien | Rimworld is to special to work with this mod -> different renderTree -> deactivated skin selection and color for this mech.
[AV]MechanoidSkins.SkinDefGenerator_MechanoidSkins: Created SkinDefs (272/272) from 144 PawnKindDefs.
Could not resolve cross-reference to Verse.WorkTypeDef named VCEF_Fishing (wanter=mechEnabledWorkTypes)
Could not resolve cross-reference to Verse.ThingDef named MAG_ArchotechCookingStove (wanter=recipeUsers)
Could not resolve cross-reference to Verse.ThingDef named MAG_ArchotechCookingStove (wanter=recipeUsers)
Could not resolve cross-reference to Verse.ThingDef named MAG_ArchotechCookingStove (wanter=recipeUsers)
Could not resolve cross-reference to Verse.WorkTypeDef named VCEF_Fishing (wanter=mechEnabledWorkTypes)
Could not resolve cross-reference to Verse.WorkTypeDef named VCEF_Fishing (wanter=mechEnabledWorkTypes)
Could not resolve cross-reference to Verse.WorkTypeDef named VCEF_Fishing (wanter=mechEnabledWorkTypes)
Could not resolve cross-reference to Verse.WorkTypeDef named VCEF_Fishing (wanter=mechEnabledWorkTypes)
Could not resolve cross-reference to Verse.WorkTypeDef named VCEF_Fishing (wanter=mechEnabledWorkTypes)
Could not resolve cross-reference to Verse.PawnKindDef named BMT_Boomapillar (wanter=pawnKindDefs)
Could not resolve cross-reference to Verse.PawnKindDef named BMT_BoomMoth (wanter=pawnKindDefs)
Could not resolve cross-reference to Verse.PawnKindDef named BMT_Goeto (wanter=pawnKindDefs)
Could not resolve cross-reference to Verse.ThingDef named WaterTrough (wanter=endpointDefs)
Could not resolve cross-reference: No Verse.WorkTypeDef named VCEF_Fishing found to give to AIRobot.X2_ThingDef_AIRobot+RobotWorkTypes AIRobot.X2_ThingDef_AIRobot+RobotWorkTypes
Could not resolve cross-reference: No Verse.WorkTypeDef named VCEF_Fishing found to give to AIRobot.X2_ThingDef_AIRobot+RobotWorkTypes AIRobot.X2_ThingDef_AIRobot+RobotWorkTypes
Could not resolve cross-reference: No Verse.WorkTypeDef named VCEF_Fishing found to give to AIRobot.X2_ThingDef_AIRobot+RobotWorkTypes AIRobot.X2_ThingDef_AIRobot+RobotWorkTypes
Could not resolve cross-reference: No Verse.WorkTypeDef named VCEF_Fishing found to give to AIRobot.X2_ThingDef_AIRobot+RobotWorkTypes AIRobot.X2_ThingDef_AIRobot+RobotWorkTypes
Could not resolve cross-reference: No Verse.WorkTypeDef named VCEF_Fishing found to give to AIRobot.X2_ThingDef_AIRobot+RobotWorkTypes AIRobot.X2_ThingDef_AIRobot+RobotWorkTypes
Could not resolve cross-reference to Verse.WorkTypeDef named VCEF_Fishing (wanter=mechEnabledWorkTypes)
Could not resolve cross-reference: No Verse.ThingDef named VFES_ShieldGenerator_Archotech found to give to Verse.ThingDefCountClass (1x null)
Could not resolve cross-reference: No Verse.PawnKindDef named WompRat found to give to RimWorld.BiomeAnimalRecord RimWorld.BiomeAnimalRecord
Could not resolve cross-reference: No Verse.ResearchProjectDef named Ferny_Cigarettes found to give to Verse.RecipeDef VBE_MakeCigarettes
Could not resolve cross-reference to Verse.PawnKindDef named BMT_Jewelbug (wanter=pawnKindDefs)
Could not resolve cross-reference to Verse.HediffDef named ZeroGSickness (wanter=makeImmuneTo)
Could not resolve cross-reference: No Verse.ThingDef named VFES_PsychicPylon found to give to Verse.ThingDefCountClass (1x null)
Could not resolve cross-reference to Verse.ThingCategoryDef named VCEF_RawFishCategory (wanter=thingCategories)
Could not resolve cross-reference to Verse.PawnKindDef named BMT_SandyToad (wanter=pawnKindDefs)
Could not resolve cross-reference to Verse.ThingDef named MAG_ArchotechCookingStove (wanter=recipeUsers)
Could not resolve cross-reference to Verse.PawnKindDef named BMT_Woolybat (wanter=pawnKindDefs)
Could not resolve cross-reference to Verse.PawnKindDef named BMT_WoollySpider (wanter=pawnKindDefs)
Could not resolve cross-reference to Verse.ThingDef named MAG_ArchotechCookingStove (wanter=recipeUsers)
Could not resolve cross-reference to Verse.ThingDef named BMT_BoomSpore (wanter=thingDefs)
Could not resolve cross-reference to Verse.ThingDef named MAG_ArchotechCookingStove (wanter=recipeUsers)
Could not resolve cross-reference: No Verse.ThingDef named VWE_Tool_Whip found to give to RimWorld.StockGenerator_SingleDef RimWorld.StockGenerator_SingleDef
Could not resolve cross-reference to Verse.ThingDef named MAG_ArchotechCookingStove (wanter=recipeUsers)
Could not resolve cross-reference to Verse.ThingDef named MAG_ArchotechCookingStove (wanter=recipeUsers)
Could not resolve cross-reference to Verse.ThingDef named MAG_ArchotechCookingStove (wanter=recipeUsers)
Could not resolve cross-reference: No Verse.HediffDef named VCE_ConsumedArchotechVial found to give to RimWorld.ThoughtDef AteArchoVialVCE
Could not resolve cross-reference to Verse.ThingDef named MAG_ArchotechCookingStove (wanter=fixedBillGiverDefs)
Could not resolve cross-reference: No Verse.HediffDef named MAG_ConsumedArchotechCheese found to give to RimWorld.ThoughtDef AteArchoMAGCheese
Could not resolve cross-reference to Verse.ThingDef named MAG_ArchotechCookingStove (wanter=recipeUsers)
Could not resolve cross-reference to Verse.ThingDef named MAG_ArchotechCookingStove (wanter=recipeUsers)
Could not resolve cross-reference to Verse.ThingDef named MAG_ArchotechCookingStove (wanter=recipeUsers)
Could not resolve cross-reference to Verse.ThingDef named MAG_ArchotechCookingStove (wanter=recipeUsers)
Could not resolve cross-reference: No Verse.ThingDef named MAG_ArchotechDessert found to give to Verse.ThingDefCountClass (1x null)
Could not resolve cross-reference to Verse.ThingDef named MAG_ArchotechCookingStove (wanter=recipeUsers)
Could not resolve cross-reference: No Verse.HediffDef named MAG_DrankArchotechSoda found to give to RimWorld.ThoughtDef MAG_DrankArchotechSoda
[Glittertech Expansion] Thing defs omitted for overclocking: AD_FedRifle, AD_FedPistol, AD_FedHeatCannon, AD_FedSniperRifle, AD_FedPlasmaCaster, NAT_Gun_RustedMiniTurret, NAT_Gun_RustedAutoTurret, NAT_Gun_RustedSniperTurret, NAT_Gun_RustedFoamTurret, MU_Gun_PerplexTurret, Gun_EMRGTurret, Gun_AdvancedTT
[Hacking Expansion] Turrets patching report: 
  - Миномёт: mannable
  - Противопожарная турель: interactable
  - Залповая ракетница: interactable
  - Древняя защитная турель: already hackable
  - Destruction Singularity: no power and not stunnable by emp
  - Пулемётное гнездо: mannable
  - Гранатомётное гнездо: mannable
  - Гнездо безоткатного орудия: mannable
  - Переносной пулемёт: mannable
  - Переносная винтовка: mannable
  - Переносной лёгкий миномёт: mannable
  - Манекен: no power and not stunnable by emp
  - Смарт-мина: no power and not stunnable by emp
  - Пушка: mannable
  - Жнец: mannable
  - Мортира: mannable
  - Holo decoy: no power and not stunnable by emp
  - Орбитальный целеуказатель: interactable
  - Турель «Скорпион»: mannable
  - Armored shuttle: no power and not stunnable by emp
  - Striker turret: no power and not stunnable by emp
  - Vilelobber: no power and not stunnable by emp
  - Thornworm: no power and not stunnable by emp
  - Thornspitter: no power and not stunnable by emp
  - Wall-mounted arbalest: mannable
  - Wall-mounted arquebus: mannable
  - Турель с пулемётом Гатлинга: mannable
  - Graser cannon complex: mannable
  - Heavy incinerator complex: mannable
  - Artillery: mannable
  - Catapult: mannable
  - Ballista: mannable
  - HMG complex: mannable
  - Minigun complex: mannable
  - Charge complex: mannable
  - Пушка Гаусса: no power and not stunnable by emp
  - Ракетная установка «Дротик»: no power and not stunnable by emp
  - Магический защитный пилон: no power and not stunnable by emp
  - Магический защитный пилон (I): no power and not stunnable by emp
  - Магический защитный пилон (II): no power and not stunnable by emp
  - Магический защитный пилон (III): no power and not stunnable by emp
  - Марк-IV: no power and not stunnable by emp
  - Марк-IV: no power and not stunnable by emp
  - Марк-IV: no power and not stunnable by emp
  - Rusted mortar: mannable
  - Снотворная турель: mannable
  - Снотворная турель II: mannable
  - Ручная резиновая турель: mannable
  - Гранатомёт со слезоточивым газом: mannable
  - Турель со слезоточивым газом: mannable
  - Flesh-breaker gas missile launcher: interactable
  - Flu gas missile launcher: interactable
  - Malaria gas missile launcher: interactable
  - Necroa gas missile launcher: interactable
  - Plague gas missile launcher: interactable
  - Scaria gas missile launcher: interactable
  - Sleeping sickness gas missile launcher: interactable
  - Ударная турель: no power and not stunnable by emp
  - Микро-турель: no power and not stunnable by emp
  - Лёгкая ионная пушка: no power and not stunnable by emp
  - Лёгкая лазерная пушка (корусант): no power and not stunnable by emp
  - Лёгкая лазерная пушка (кореллия): no power and not stunnable by emp
  - Лёгкая лазерная пушка (татуин): no power and not stunnable by emp
  - П-образная турель: no power and not stunnable by emp
  - Упавший корабль: no power and not stunnable by emp
  - Упавший корабль: no power and not stunnable by emp
  - Упавший корабль: no power and not stunnable by emp
  - Упавший корабль: no power and not stunnable by emp
  - Полевое орудие: mannable
  - Пушка: mannable
  - Isa obelisk, tier 1: no power and not stunnable by emp
  - Isa obelisk, tier 2: no power and not stunnable by emp
  - Isa obelisk, tier 3: no power and not stunnable by emp
  - Isa obelisk, tier 4: no power and not stunnable by emp
  - Isa obelisk, tier 5: no power and not stunnable by emp
  - Revenant Shadow: no power and not stunnable by emp
  - Originium Turret: no power and not stunnable by emp
  - Auto mortar: no power and not stunnable by emp
  - Auto cluster mortar: no power and not stunnable by emp
  - Auto mortar: no power and not stunnable by emp
  - Long range missile turret: no power and not stunnable by emp
  - Cruise missile turret: no power and not stunnable by emp
  - Скорпион: mannable
  - Баллиста: mannable
  - Требюше: mannable
  - Ретранслятор баллисты: mannable
  - Тяжёлая баллиста: mannable
  - Болтомёт: mannable
  - Мангонель: mannable
  - Black defiler: no power and not stunnable by emp
  - Foam belcher: no power and not stunnable by emp
  - Турель из кровавого камня: no power and not stunnable by emp
Turrets not valid for patching total: 92
Loaded XMT_GauntRemap with 4 Remaps
Loaded XMT_BasemorphGeneRemaps with 4 Remaps
Loaded XMT_RoyalGeneRemaps with 4 Remaps
[MakaiTech] Apply Forge Flame as universal material.
[MadSkills]: changed behavior of Great Memory trait.
Key binding conflict: ShowCellInspector and Designator_CenterSnap are both bound to LeftAlt.
Key binding conflict: ShowCellInspector and Designator_CenterSnap are both bound to RightAlt.
Texture '' has dimensions (112 x 6) which are not multiples of 4. Compress will not work.
Texture '' has dimensions (18 x 18) which are not multiples of 4. Compress will not work.
Texture '' has dimensions (18 x 18) which are not multiples of 4. Compress will not work.
Texture '' has dimensions (18 x 18) which are not multiples of 4. Compress will not work.
DDS loading failed for 'C:\Program Files (x86)\Steam\steamapps\workshop\content\294100\2559315390\Textures\Things\Item\Drug\Herculium\Herculium_b.dds': Cannot load compressed texture with non multiple of 4 dimensions of 294x294 and format BC7
Loading from png instead.
Texture '' has dimensions (257 x 43) which are not multiples of 4. Compress will not work.
Texture '' has dimensions (75 x 75) which are not multiples of 4. Compress will not work.
Texture '' has dimensions (75 x 75) which are not multiples of 4. Compress will not work.
Texture '' has dimensions (75 x 75) which are not multiples of 4. Compress will not work.
Texture '' has dimensions (75 x 75) which are not multiples of 4. Compress will not work.
Texture '' has dimensions (75 x 75) which are not multiples of 4. Compress will not work.
Texture '' has dimensions (75 x 75) which are not multiples of 4. Compress will not work.
Texture '' has dimensions (75 x 75) which are not multiples of 4. Compress will not work.
Texture '' has dimensions (75 x 75) which are not multiples of 4. Compress will not work.
Texture '' has dimensions (75 x 75) which are not multiples of 4. Compress will not work.
Texture '' has dimensions (75 x 75) which are not multiples of 4. Compress will not work.
Texture '' has dimensions (75 x 75) which are not multiples of 4. Compress will not work.
Texture '' has dimensions (75 x 75) which are not multiples of 4. Compress will not work.
Texture '' has dimensions (75 x 75) which are not multiples of 4. Compress will not work.
Texture '' has dimensions (75 x 75) which are not multiples of 4. Compress will not work.
Texture '' has dimensions (75 x 75) which are not multiples of 4. Compress will not work.
Texture '' has dimensions (122 x 975) which are not multiples of 4. Compress will not work.
Texture '' has dimensions (425 x 60) which are not multiples of 4. Compress will not work.
Texture '' has dimensions (614 x 128) which are not multiples of 4. Compress will not work.
Texture '' has dimensions (614 x 128) which are not multiples of 4. Compress will not work.
Texture '' has dimensions (425 x 85) which are not multiples of 4. Compress will not work.
Texture '' has dimensions (243 x 241) which are not multiples of 4. Compress will not work.
Texture '' has dimensions (146 x 211) which are not multiples of 4. Compress will not work.
Texture '' has dimensions (122 x 118) which are not multiples of 4. Compress will not work.
Texture '' has dimensions (75 x 92) which are not multiples of 4. Compress will not work.
Texture '' has dimensions (243 x 241) which are not multiples of 4. Compress will not work.
Texture '' has dimensions (75 x 75) which are not multiples of 4. Compress will not work.
Texture '' has dimensions (75 x 75) which are not multiples of 4. Compress will not work.
Texture '' has dimensions (117 x 111) which are not multiples of 4. Compress will not work.
Texture '' has dimensions (75 x 75) which are not multiples of 4. Compress will not work.
Texture '' has dimensions (146 x 180) which are not multiples of 4. Compress will not work.
Texture '' has dimensions (75 x 75) which are not multiples of 4. Compress will not work.
Texture '' has dimensions (106 x 108) which are not multiples of 4. Compress will not work.
Texture '' has dimensions (182 x 176) which are not multiples of 4. Compress will not work.
Texture '' has dimensions (108 x 109) which are not multiples of 4. Compress will not work.
Texture '' has dimensions (75 x 75) which are not multiples of 4. Compress will not work.
Texture '' has dimensions (75 x 75) which are not multiples of 4. Compress will not work.
Texture '' has dimensions (75 x 75) which are not multiples of 4. Compress will not work.
Texture '' has dimensions (75 x 75) which are not multiples of 4. Compress will not work.
Texture '' has dimensions (75 x 75) which are not multiples of 4. Compress will not work.
Texture '' has dimensions (75 x 75) which are not multiples of 4. Compress will not work.
Texture '' has dimensions (75 x 75) which are not multiples of 4. Compress will not work.
Texture '' has dimensions (75 x 75) which are not multiples of 4. Compress will not work.
Texture '' has dimensions (75 x 75) which are not multiples of 4. Compress will not work.
Texture '' has dimensions (75 x 75) which are not multiples of 4. Compress will not work.
Texture '' has dimensions (75 x 75) which are not multiples of 4. Compress will not work.
Texture '' has dimensions (75 x 75) which are not multiples of 4. Compress will not work.
Texture '' has dimensions (42 x 42) which are not multiples of 4. Compress will not work.
Texture '' has dimensions (42 x 42) which are not multiples of 4. Compress will not work.
Texture '' has dimensions (625 x 790) which are not multiples of 4. Compress will not work.
Texture '' has dimensions (90 x 90) which are not multiples of 4. Compress will not work.
Texture '' has dimensions (630 x 330) which are not multiples of 4. Compress will not work.
Texture '' has dimensions (158 x 206) which are not multiples of 4. Compress will not work.
Texture '' has dimensions (295 x 813) which are not multiples of 4. Compress will not work.
Texture '' has dimensions (174 x 174) which are not multiples of 4. Compress will not work.
Texture '' has dimensions (321 x 737) which are not multiples of 4. Compress will not work.
Texture '' has dimensions (230 x 47) which are not multiples of 4. Compress will not work.
Texture '' has dimensions (1183 x 734) which are not multiples of 4. Compress will not work.
Texture '' has dimensions (260 x 586) which are not multiples of 4. Compress will not work.
Texture '' has dimensions (1302 x 1302) which are not multiples of 4. Compress will not work.
Texture '' has dimensions (266 x 266) which are not multiples of 4. Compress will not work.
Texture '' has dimensions (266 x 266) which are not multiples of 4. Compress will not work.
Texture '' has dimensions (266 x 266) which are not multiples of 4. Compress will not work.
Texture '' has dimensions (266 x 266) which are not multiples of 4. Compress will not work.
Texture '' has dimensions (266 x 266) which are not multiples of 4. Compress will not work.
Texture '' has dimensions (266 x 266) which are not multiples of 4. Compress will not work.
Texture '' has dimensions (266 x 266) which are not multiples of 4. Compress will not work.
Texture '' has dimensions (266 x 266) which are not multiples of 4. Compress will not work.
Texture '' has dimensions (1077 x 621) which are not multiples of 4. Compress will not work.
Texture '' has dimensions (1168 x 2334) which are not multiples of 4. Compress will not work.
Texture '' has dimensions (487 x 94) which are not multiples of 4. Compress will not work.
Texture '' has dimensions (200 x 50) which are not multiples of 4. Compress will not work.
Texture '' has dimensions (257 x 445) which are not multiples of 4. Compress will not work.
Texture '' has dimensions (175 x 172) which are not multiples of 4. Compress will not work.
Texture '' has dimensions (178 x 169) which are not multiples of 4. Compress will not work.
Texture '' has dimensions (178 x 171) which are not multiples of 4. Compress will not work.
Texture '' has dimensions (178 x 171) which are not multiples of 4. Compress will not work.
Texture '' has dimensions (300 x 299) which are not multiples of 4. Compress will not work.
Texture '' has dimensions (534 x 534) which are not multiples of 4. Compress will not work.
Texture '' has dimensions (161 x 36) which are not multiples of 4. Compress will not work.
Texture '' has dimensions (265 x 383) which are not multiples of 4. Compress will not work.
Texture '' has dimensions (763 x 497) which are not multiples of 4. Compress will not work.
Texture '' has dimensions (490 x 454) which are not multiples of 4. Compress will not work.
Texture '' has dimensions (475 x 62) which are not multiples of 4. Compress will not work.
Texture '' has dimensions (474 x 30) which are not multiples of 4. Compress will not work.
Texture '' has dimensions (56 x 22) which are not multiples of 4. Compress will not work.
Texture '' has dimensions (250 x 450) which are not multiples of 4. Compress will not work.
Texture '' has dimensions (210 x 450) which are not multiples of 4. Compress will not work.
Texture '' has dimensions (280 x 450) which are not multiples of 4. Compress will not work.
Texture '' has dimensions (234 x 52) which are not multiples of 4. Compress will not work.
Texture '' has dimensions (234 x 52) which are not multiples of 4. Compress will not work.
Texture '' has dimensions (800 x 519) which are not multiples of 4. Compress will not work.
Texture '' has dimensions (114 x 114) which are not multiples of 4. Compress will not work.
Texture '' has dimensions (178 x 171) which are not multiples of 4. Compress will not work.
Texture '' has dimensions (175 x 172) which are not multiples of 4. Compress will not work.
Texture '' has dimensions (258 x 167) which are not multiples of 4. Compress will not work.
Texture '' has dimensions (229 x 86) which are not multiples of 4. Compress will not work.
Texture '' has dimensions (305 x 76) which are not multiples of 4. Compress will not work.
Texture '' has dimensions (305 x 76) which are not multiples of 4. Compress will not work.
Texture '' has dimensions (313 x 76) which are not multiples of 4. Compress will not work.
Texture '' has dimensions (305 x 76) which are not multiples of 4. Compress will not work.
Texture '' has dimensions (305 x 76) which are not multiples of 4. Compress will not work.
Texture '' has dimensions (305 x 76) which are not multiples of 4. Compress will not work.
Texture '' has dimensions (646 x 198) which are not multiples of 4. Compress will not work.
Texture '' has dimensions (543 x 271) which are not multiples of 4. Compress will not work.
Texture '' has dimensions (1416 x 1946) which are not multiples of 4. Compress will not work.
Texture '' has dimensions (267 x 267) which are not multiples of 4. Compress will not work.
Texture '' has dimensions (265 x 265) which are not multiples of 4. Compress will not work.
Texture '' has dimensions (265 x 265) which are not multiples of 4. Compress will not work.
Texture '' has dimensions (534 x 534) which are not multiples of 4. Compress will not work.
Texture '' has dimensions (534 x 534) which are not multiples of 4. Compress will not work.
Texture '' has dimensions (534 x 534) which are not multiples of 4. Compress will not work.
Texture '' has dimensions (534 x 534) which are not multiples of 4. Compress will not work.
Texture '' has dimensions (534 x 534) which are not multiples of 4. Compress will not work.
Texture '' has dimensions (550 x 550) which are not multiples of 4. Compress will not work.
Texture '' has dimensions (550 x 550) which are not multiples of 4. Compress will not work.
Texture '' has dimensions (786 x 768) which are not multiples of 4. Compress will not work.
Texture '' has dimensions (1366 x 768) which are not multiples of 4. Compress will not work.
Texture '' has dimensions (54 x 55) which are not multiples of 4. Compress will not work.
Texture '' has dimensions (54 x 54) which are not multiples of 4. Compress will not work.
Texture '' has dimensions (54 x 54) which are not multiples of 4. Compress will not work.
Texture '' has dimensions (54 x 54) which are not multiples of 4. Compress will not work.
Texture '' has dimensions (58 x 58) which are not multiples of 4. Compress will not work.
Texture '' has dimensions (640 x 803) which are not multiples of 4. Compress will not work.
Texture '' has dimensions (55 x 56) which are not multiples of 4. Compress will not work.
Texture '' has dimensions (1470 x 1961) which are not multiples of 4. Compress will not work.
Texture '' has dimensions (42 x 42) which are not multiples of 4. Compress will not work.
Texture '' has dimensions (42 x 42) which are not multiples of 4. Compress will not work.
Texture '' has dimensions (42 x 42) which are not multiples of 4. Compress will not work.
Texture '' has dimensions (42 x 42) which are not multiples of 4. Compress will not work.
Texture '' has dimensions (42 x 42) which are not multiples of 4. Compress will not work.
Texture '' has dimensions (42 x 42) which are not multiples of 4. Compress will not work.
Texture '' has dimensions (42 x 42) which are not multiples of 4. Compress will not work.
Texture '' has dimensions (42 x 42) which are not multiples of 4. Compress will not work.
Texture '' has dimensions (42 x 42) which are not multiples of 4. Compress will not work.
Texture '' has dimensions (42 x 42) which are not multiples of 4. Compress will not work.
Texture '' has dimensions (42 x 42) which are not multiples of 4. Compress will not work.
Texture '' has dimensions (42 x 42) which are not multiples of 4. Compress will not work.
Texture '' has dimensions (42 x 42) which are not multiples of 4. Compress will not work.
Texture '' has dimensions (42 x 42) which are not multiples of 4. Compress will not work.
Texture '' has dimensions (42 x 42) which are not multiples of 4. Compress will not work.
Texture '' has dimensions (42 x 42) which are not multiples of 4. Compress will not work.
Texture '' has dimensions (42 x 42) which are not multiples of 4. Compress will not work.
Texture '' has dimensions (42 x 42) which are not multiples of 4. Compress will not work.
Texture '' has dimensions (42 x 42) which are not multiples of 4. Compress will not work.
Texture '' has dimensions (42 x 42) which are not multiples of 4. Compress will not work.
Texture '' has dimensions (42 x 42) which are not multiples of 4. Compress will not work.
Texture '' has dimensions (42 x 42) which are not multiples of 4. Compress will not work.
Texture '' has dimensions (42 x 42) which are not multiples of 4. Compress will not work.
Texture '' has dimensions (42 x 42) which are not multiples of 4. Compress will not work.
Texture '' has dimensions (42 x 42) which are not multiples of 4. Compress will not work.
Texture '' has dimensions (42 x 42) which are not multiples of 4. Compress will not work.
Texture '' has dimensions (42 x 42) which are not multiples of 4. Compress will not work.
Texture '' has dimensions (1470 x 1961) which are not multiples of 4. Compress will not work.
Texture '' has dimensions (75 x 75) which are not multiples of 4. Compress will not work.
Texture '' has dimensions (75 x 75) which are not multiples of 4. Compress will not work.
Texture '' has dimensions (75 x 75) which are not multiples of 4. Compress will not work.
Texture '' has dimensions (75 x 75) which are not multiples of 4. Compress will not work.
Texture '' has dimensions (75 x 75) which are not multiples of 4. Compress will not work.
Texture '' has dimensions (75 x 75) which are not multiples of 4. Compress will not work.
Texture '' has dimensions (75 x 75) which are not multiples of 4. Compress will not work.
Texture '' has dimensions (75 x 75) which are not multiples of 4. Compress will not work.
Texture '' has dimensions (75 x 75) which are not multiples of 4. Compress will not work.
Texture '' has dimensions (75 x 75) which are not multiples of 4. Compress will not work.
Texture '' has dimensions (75 x 75) which are not multiples of 4. Compress will not work.
Texture '' has dimensions (513 x 513) which are not multiples of 4. Compress will not work.
Texture '' has dimensions (513 x 513) which are not multiples of 4. Compress will not work.
Texture '' has dimensions (513 x 513) which are not multiples of 4. Compress will not work.
Texture '' has dimensions (75 x 75) which are not multiples of 4. Compress will not work.
Texture '' has dimensions (75 x 75) which are not multiples of 4. Compress will not work.
Texture '' has dimensions (75 x 75) which are not multiples of 4. Compress will not work.
Texture '' has dimensions (75 x 75) which are not multiples of 4. Compress will not work.
Texture '' has dimensions (75 x 75) which are not multiples of 4. Compress will not work.
Texture '' has dimensions (75 x 75) which are not multiples of 4. Compress will not work.
Texture '' has dimensions (75 x 75) which are not multiples of 4. Compress will not work.
Texture '' has dimensions (15 x 33) which are not multiples of 4. Compress will not work.
Texture '' has dimensions (42 x 42) which are not multiples of 4. Compress will not work.
Texture '' has dimensions (511 x 512) which are not multiples of 4. Compress will not work.
Mod RimPy Mod Manager Database did not load any content. Following load folders were used:
  - C:\Program Files (x86)\Steam\steamapps\workshop\content\294100\1847679158
Mod More Android Backstories did not load any content. Following load folders were used:
  - C:\Program Files (x86)\Steam\steamapps\workshop\content\294100\2278457033
[Biomes! Core v2.6.2.0] Initialized
[MoreBetterDeepDrill]: DefName:[Silver] was added to the OreDict.
[MoreBetterDeepDrill]: DefName:[Gold] was added to the OreDict.
[MoreBetterDeepDrill]: DefName:[Steel] was added to the OreDict.
[MoreBetterDeepDrill]: DefName:[Plasteel] was added to the OreDict.
[MoreBetterDeepDrill]: DefName:[Uranium] was added to the OreDict.
[MoreBetterDeepDrill]: DefName:[Jade] was added to the OreDict.
[MoreBetterDeepDrill]: DefName:[dvd_Frayweld] was added to the OreDict.
[MoreBetterDeepDrill]: DefName:[CCDevelopment_LasPlagas_Amber] was added to the OreDict.
[MoreBetterDeepDrill]: DefName:[TM_Arcalleum] was added to the OreDict.
[MoreBetterDeepDrill]: DefName:[FF_KaleidosCrystal] was added to the OreDict.
[MoreBetterDeepDrill]: DefName:[Diamond] was added to the OreDict.
[MoreBetterDeepDrill]: DefName:[Ruby] was added to the OreDict.
[MoreBetterDeepDrill]: DefName:[Sapphire] was added to the OreDict.
[MoreBetterDeepDrill]: DefName:[VCHE_Deepchem] was added to the OreDict.
[MoreBetterDeepDrill]: DefName:[VCE_Salt] was added to the OreDict.
[MoreBetterDeepDrill]: DefName:[Mashed_Ashlands_StriderChitin] was added to the OreDict.
[MoreBetterDeepDrill]: DefName:[OuterRim_Tibanna] was added to the OreDict.
[MoreBetterDeepDrill]: DefName:[OuterRim_Beskar] was added to the OreDict.
[MoreBetterDeepDrill]: DefName:[OuterRim_Durasteel] was added to the OreDict.
[MoreBetterDeepDrill]: DefName:[Mutanite] was added to the OreDict.
[MoreBetterDeepDrill]: DefName:[Titanium_GT] was added to the OreDict.
[MoreBetterDeepDrill]: DefName:[AlphaPoly] was added to the OreDict.
[MoreBetterDeepDrill]: DefName:[BetaPoly] was added to the OreDict.
[MoreBetterDeepDrill]: DefName:[DankPyon_Clay] was added to the OreDict.
[MoreBetterDeepDrill]: DefName:[DankPyon_Coal] was added to the OreDict.
[MoreBetterDeepDrill]: DefName:[DankPyon_IronOre] was added to the OreDict.
[MoreBetterDeepDrill]: DefName:[DankPyon_IronIngot] was added to the OreDict.
[MoreBetterDeepDrill]: DefName:[DankPyon_SilverOre] was added to the OreDict.
[MoreBetterDeepDrill]: DefName:[DankPyon_GoldOre] was added to the OreDict.
[MoreBetterDeepDrill]: DefName:[DankPyon_PlasteelOre] was added to the OreDict.
[MoreBetterDeepDrill]: DefName:[DankPyon_Citrine] was added to the OreDict.
[MoreBetterDeepDrill]: DefName:[DankPyon_Amber] was added to the OreDict.
[MoreBetterDeepDrill]: DefName:[DankPyon_Onyx] was added to the OreDict.
[MoreBetterDeepDrill]: DefName:[DankPyon_Emerald] was added to the OreDict.
[MoreBetterDeepDrill]: DefName:[DankPyon_Sapphire] was added to the OreDict.
[MoreBetterDeepDrill]: DefName:[DankPyon_Ruby] was added to the OreDict.
[MoreBetterDeepDrill]: DefName:[DankPyon_Salt] was added to the OreDict.
[MoreBetterDeepDrill]: DefName:[KOTOR_IngotCortosis] was added to the OreDict.
[MoreBetterDeepDrill]: DefName:[KOTOR_RawRhydonium] was added to the OreDict.
[MoreBetterDeepDrill]: DefName:[KOTOR_Tibanna] was added to the OreDict.
[MoreBetterDeepDrill]: DefName:[BMT_ResourceBlueCrystal] was added to the OreDict.
[MoreBetterDeepDrill]: DefName:[ComponentIndustrial] was added to the OreDict.
[MoreBetterDeepDrill]: DefName:[ChunkSandstone] was added to the OreDict.
[MoreBetterDeepDrill]: DefName:[ChunkGranite] was added to the OreDict.
[MoreBetterDeepDrill]: DefName:[ChunkLimestone] was added to the OreDict.
[MoreBetterDeepDrill]: DefName:[ChunkSlate] was added to the OreDict.
[MoreBetterDeepDrill]: DefName:[ChunkMarble] was added to the OreDict.
[MoreBetterDeepDrill]: DefName:[Obsidian] was added to the OreDict.
[MoreBetterDeepDrill]: DefName:[ChunkVacstone] was added to the OreDict.
[MoreBetterDeepDrill]: DefName:[ChunkVacstone] was added to the OreDict.
[MoreBetterDeepDrill]: DefName:[ComponentSpacer] was added to the OreDict.
[MoreBetterDeepDrill]: DefName:[VPE_Eltex] was added to the OreDict.
[MoreBetterDeepDrill]: DefName:[Mashed_Ashlands_VolcanicEbony] was added to the OreDict.
[MoreBetterDeepDrill]: DefName:[Mashed_Ashlands_VolcanicGlass] was added to the OreDict.
[MoreBetterDeepDrill]: DefName:[Mashed_Ashlands_ChunkBasalt] was added to the OreDict.
[MoreBetterDeepDrill]: DefName:[Force_KyberCrystal] was added to the OreDict.
[MoreBetterDeepDrill]: DefName:[Force_KyberCrystal] was added to the OreDict.
[MoreBetterDeepDrill]: DefName:[Force_KyberCrystal] was added to the OreDict.
[MoreBetterDeepDrill]: DefName:[DankPyon_ChunkClay] was added to the OreDict.
[MoreBetterDeepDrill]: DefName:[SWCPStoneChunk_TatooineSandstone] was added to the OreDict.
[MoreBetterDeepDrill]: DefName:[SWCPStoneChunk_TatooineGranite] was added to the OreDict.
[MoreBetterDeepDrill]: DefName:[KOTOR_RawBeskar] was added to the OreDict.
[MoreBetterDeepDrill]: DefName:[KotORChunk_durasteel] was added to the OreDict.
[MoreBetterDeepDrill]: DefName:[KOTOR_AlloyBronzium] was added to the OreDict.
[MoreBetterDeepDrill]: DefName:[KOTOR_Spice] was added to the OreDict.
[MoreBetterDeepDrill]: DefName:[AA_SkySteel] was added to the OreDict.
[MoreBetterDeepDrill]: DefName:[BMT_ChunkCrystal] was added to the OreDict.
startIndex: 63
endIndex: 75
Start: newobj System.Void System.Text.StringBuilder::.ctor()
End:callvirt virtual System.String System.Object::ToString() [Label14]
Start: call static System.String System.String::Concat(System.String str0, System.String str1) [Label15]
End:ldloc.0 NULL
[Biomes! Caverns v1.6.3.0] Initialized
Texture Cape has dimensions of 128 x 128, but its mask has 256 x 256. This is not supported, texture will be excluded from atlas
<color=#66ff7fFF>[SWCP Core/Tools] </color>Bundle Path: C:\Program Files (x86)\Steam\steamapps\workshop\content\294100\3254370945\SWCP-UnityAssets\Materials\StandaloneWindows64\SWCPshaders
Unable to open archive file: C:/Program Files (x86)/Steam/steamapps/workshop/content/294100/3254370945/SWCP-UnityAssets/Materials/StandaloneWindows64/SWCPshaders
Failed to read data for the AssetBundle 'C:\Program Files (x86)\Steam\steamapps\workshop\content\294100\3254370945\SWCP-UnityAssets\Materials\StandaloneWindows64\SWCPshaders'.
<color=#66ff7fFF>[SWCP Core/Tools] </color>Failed to load bundle at path: C:\Program Files (x86)\Steam\steamapps\workshop\content\294100\3254370945\SWCP-UnityAssets\Materials\StandaloneWindows64\SWCPshaders
Could not execute post-long-event action. Exception: System.NullReferenceException: Object reference not set to an instance of an object
[Ref CFCB091B]
  at Verse.BuildableDef.ResolveIcon () [0x00081] in <61e4173561894da49d210260257b5097>:0 
  at Verse.ThingDef.ResolveIcon () [0x00000] in <61e4173561894da49d210260257b5097>:0 
  at Verse.BuildableDef.<PostLoad>b__78_0 () [0x00021] in <61e4173561894da49d210260257b5097>:0 
  at Verse.LongEventHandler.ExecuteToExecuteWhenFinished () [0x0007c] in <61e4173561894da49d210260257b5097>:0 
Collection cannot init: No textures found at path Resources/WoodPlank
Translation data for language Russian / Русский has 9358 errors. Generate translation report for more info.
[XML Extensions] Initialized 7 SettingsMenuDef(s) and found 41 unused key(s) from 6 mod(s)
[XML Extensions] 15745 total patch operations run in 304901ms, 6 failed
[XML Extensions] Emitted 7 mod class(es)
[SmashPhil.SmashTools] Applying compatibility patch for Jaxe.RimHUD. Active: Да
[SmashPhil.VehicleFramework] Applying compatibility patch for CaesarV6.DamageIndicators. Active: Да
[SmashPhil.VehicleFramework] Applying compatibility patch for Jaxe.RimHUD. Active: Да
[SmashPhil.VehicleFramework] Applying compatibility patch for ludeon.rimworld.odyssey. Active: Да
[SmashPhil.VehicleFramework] Applying compatibility patch for VanillaExpanded.VCEF. Active: Да
[VehicleFramework] version 1.6.2144
KCSG has Created 8396 symbolDefs for vanilla and DLCs
RR: Frame_CompleteConstruction_Patches - TranspilerSpawn - failed to apply patch (instructions not found, stage 1)
Biotech Expansion - Core Loaded!
Caravan Adventures: Applying patch for AlienRaces - adding alienrace corpses to caravan dialog filter
Adding SOS2 story check for space
Adjusted story to no longer grand vanilla psycasts in addition to ancient ones.
Applying CA Ancient Ability adjustments for space
CA patches complete. v1.8.3 (1.6)
Damage Indicators initialized.
Rimatomics found SoS2 -- Patching
Checking for Core
 - BanditCamp
Checking for Ideology
 - AncientComplex
Checking for Biotech
 - AncientComplex_Mechanitor
Checking for Odyssey
 - AncientStockpile
 - AbandonedSettlement
 - OpportunitySite_AncientInfestedSettlement
 - OpportunitySite_AncientWarehouse
 - OpportunitySite_AncientChemfuelRefinery
 - OpportunitySite_AncientGarrison
 - OpportunitySite_AncientLaunchSite
Checking for Odyssey
 - Opportunity_OrbitalWreck
 - Opportunity_MechanoidPlatform
 - Opportunity_AbandonedPlatform
Checking for Alpha Genes
 - AG_AbandonedBiotechLab
Checking for Alpha Books
 - ABooks_RuinedLibrary
Checking for Vanilla Quests Expanded - Deadlife
 - VQE_AncientSilo
Checking for Mechanitor Orbital Platform
 - Opportunity_AbandonedMechanitorPlatform
Checking for Protocol Anomaly: Syndicate
 - AncientSite
Adding MedievalOverhaulCompat sites
 - DankPyon_Small_Ruin
 - DankPyon_Medium_Ruin
 - DankPyon_Big_Snake_Ruin
 - Cultists_1Tier
 - Cultists_2Tier
 - Cultists_3Tier
[EvolutionaryGene] Mod loaded successfully!
[Gene Extraction Tiers] Compatibility for Vanilla Nutrient Paste Expanded loaded.
[GeneFab]> andromeda.nicebilltab detected, enabling compat
[TrueTerrainColors v1.12.26.1] Loaded cached true colors for 2570 terrain defs from file.
[Giddy-Up] An error occured calling AllWildAnimals. This may happen if a mod has malformed PawnKindDef when the game is trying to process the def database for the first time. Skipping...
System.ArgumentNullException: Value cannot be null.
Parameter name: key
[Ref 20F80A1E]
 [0x00006] in <51fded79cd284d4d911c5949aff4cb21>:0 
  at System.Collections.Generic.Dictionary`2[TKey,TValue].TryInsert (TKey key, TValue value, System.Collections.Generic.InsertionBehavior behavior) [0x00008] in <51fded79cd284d4d911c5949aff4cb21>:0 
  at System.Collections.Generic.Dictionary`2[TKey,TValue].Add (TKey key, TValue value) [0x00000] in <51fded79cd284d4d911c5949aff4cb21>:0 
  at RimWorld.BiomeDef.CommonalityOfAnimal (Verse.PawnKindDef animalDef) [0x0003d] in <61e4173561894da49d210260257b5097>:0 
  at RimWorld.BiomeDef+<get_AllWildAnimals>d__94.MoveNext () [0x00049] in <61e4173561894da49d210260257b5097>:0 
  at GiddyUp.MountUtility.BuildAnimalBiomeCache () [0x00035] in /home/runner/work/GiddyUp2/GiddyUp2/mod/Source/Core/MountUtility.cs:51 
Alien race successfully completed 279 patches (50 pre, 82 post, 147 trans) with harmony.
[ImmortalRegenerant] Mod loaded successfully!
[ImmortalRegenerant] Harmony patches applied!
[LayeredApparel.ExosuitPatch] Harmony patches applied.
[MechCustom] Safely injected Comps/ITab to 385 mechs.
[MechCustom] All Harmony patches applied.
MoreBetterDeepDrill Patched
More Vanilla Biomes initialized......
[Rimpsyche] VTE gate data added
[Rimpsyche] VRE Android gate data added
[Rimpsyche] thingDef.race?.corpseDef == null for thingDef = HL_UV_GoldenCanary
[Rimpsyche] thingDef.race?.corpseDef == null for thingDef = HL_Mashed_Ashlands_FetcherflySwarmAnimal
[Rimpsyche] thingDef.race?.corpseDef == null for thingDef = HL_VPE_MontrSTNL
SOS2 Steam V2.8.104 active
Shader 'Custom/ForceVoidShader': fallback shader 'Diffuse' not found
[Unique Weapons Unbound] No base weapon detected for Force_Lightsaber_UniqueAnakin (from Star Wars : The Force - Lightsaber); customizable but cannot revert to base. Add a descriptionHyperlinks entry or use the '_Unique' suffix.
[Unique Weapons Unbound] No base weapon detected for Force_Lightsaber_UniqueObi (from Star Wars : The Force - Lightsaber); customizable but cannot revert to base. Add a descriptionHyperlinks entry or use the '_Unique' suffix.
[Unique Weapons Unbound] Base weapon DV_Gun_PhotonSMG (from Spacer Arsenal) maps to multiple unique variants (DV_Gun_ClashHMG_Unique (from Spacer Arsenal), DV_Gun_PhotonSMG_Unique (from Spacer Arsenal)); using DV_Gun_PhotonSMG_Unique as the base's unique form. This is a mod conflict; reconcile the mods or load order if that is not the intended variant.
[Unique Weapons Unbound] v1.5.2 initialized
  Startup init took 564ms (Harmony patching 41ms, TraitStatMutability 5ms, WeaponRegistry 17ms, WorkbenchUtility 459ms, TraitCostUtility 18ms, reflection checks 8ms, integration probes 11ms)
  Weapon Pairs (52): Vanilla Weapons Expanded (23), Odyssey (13), Rimsenal - Augmented Vanilla Pack (4), Vanilla Weapons Expanded - Quickdraw (4), Spacer Arsenal (3), Vanilla Weapons Expanded - Coilguns (3), Glitter Tech (1), Ideology Scavenger Role (1)
  Orphan Unique Weapons (2): Star Wars : The Force - Lightsaber (2)
  Weapon Traits (266): Custom Weapons Expanded (90), Vanilla Weapons Expanded (52), Odyssey (42), Customize Weapon (38), Royalty (19), Spacer Arsenal (8), Glitter Tech (6), Vanilla Weapons Expanded - Coilguns (6), Star Wars : The Force - Lightsaber (2), Fray of the Fog (1), Ideology Scavenger Role (1), Ushankas Glittertech Expansion (1)
  Trait Cost Rules (23): Unique Weapons Unbound (23)
[Utility Columns] - Patching...
[VGE] Initializing replace Stuff compat finished. 1 checks were updated to exclude Vac Checkpoints.
The following HairDefs have misconfigured texPaths or missing textures: PM_HairHidden (from Pawnmorpher)
War Crimes Expanded 2 loaded!
[WVC - XaG] Xenotypes and Genes is initialized successfully. Getting mod status:
 - Mod version: 2.3.5
 - Compatability mode: Enabled
 - Human component status: True
 - Mod graphic: Enabled
 - Genes hidded: False
 - Modlist size: Love playing debug game, huh? (777)
 - DevMode: Disabled
 - Xenotypes in factions (Obsolete): Disabled
 - Random xenotypes option (Obsolete): False
 - Aptitudes: Disabled
 - Any xenotype disabled by option: False
 - Legacy status: Disabled
[<color=#C79FEFFF>Xenotype Patch Utils</color>] Patched 0 xenotypes in 10ms
[XenotypeSummary] Applied patches.
[AV] Mechanoid Skins: Found 8 modded PawnkindDefs (mechanoids) with faulty textures:
 - maskpath: Things/Pawns/Mechanoid/Astronaut/Allegiance_Mech_Astronaut
 - maskpath: Things/Pawns/Mechanoid/Astronaut/Allegiance_Mech_Astronaut
 - maskpath: Things/Pawn/LesserPfhor/AllegianceOverlays/MechCyborg
 - maskpath: Things/Pawn/LesserPfhor/AllegianceOverlays/MechCyborg
 - maskpath: Races/Psycasts_Militor_C
 - maskpath: Races/Psycasts_Militor_C
 - maskpath: Races/Psycasts_Militor_C
 - maskpath: Races/Psycasts_Militor_C
Activate extended logging in the modoptions of [AV] Mechanoid Skins for more details.
BTD Gravship Blueprints: Harmony patches applied
BTD Gravship Blueprints: Excluded BTD_QuestSiteSubstructure from Replace Stuff bridge terrains (1).
Biotech Expansion - Insectoid Loaded!
Biotech Expansion - Mammalia Loaded!
Biotech Expansion - Mythic Loaded!
[IsekaiLeveling] Stats window textures loaded.
[Altered Carbon] Activated mod compat for vanillaexpanded.skills, VanillaExpanded.VanillaAspirationsExpanded, VanillaExpanded.VAnomalyEInsanity
[Isekai Leveling] Altered Carbon 2 compatibility patches applied.
[Isekai Leveling] Mob Rank system initialized: 1066 creatures ranked, 0 skipped.
[Isekai Leveling] Forge system initialized: 3310 items enhanced, 0 skipped.
[Isekai Leveling] DBZ-style aura system initialized.
[MW2]Now Active
[MW2] Harmony patch complete!
[MW2] Injected for 0 weapon styles
[MW2] Misc initializations complete!
[MW2_MVCFModule] Loading VEF detected.
[MW2_MVCFModule] Initialize completed!
[MW2_MuzzleFlashModule] Now Active
[MW2_MuzzleFlashModule] Harmony patch complete!
PickUpAndHaul v1.1.2¼ welcomes you to RimWorld with pointless logspam.
[VFEI2SwarmDisaster] Patched PawnFlyer.RespawnPawn for landing impact.
[VFEI2SwarmDisaster] Unpatched VFEInsectoids.PawnGroupKindWorker_GeneratePawns_Patch.Prefix from PawnGroupKindWorker.GeneratePawns
[VFEI2SwarmDisaster] Unpatched VFEInsectoids.PawnGroupMakerUtility_GeneratePawns.Postfix from PawnGroupMakerUtility.GeneratePawns
[VFEI2SwarmDisaster] Patched CompAbilityInsectGlide.OnJumpCompleted for HuntingMomentum.
Curl error 35: Recv failure: Connection was reset
[UseThisInstead]: Found 5 replacements
[Empire] harmony patch complete
[Empire] Humanoid Alien Races compatibility module loaded.
[Empire] KCSG compatibility module loaded.
[Empire] Vehicle Framework patched
[Empire] VPE patched
[Empire] Giddy Up 2 compatibility module loaded.
MakaiTech Psycast patch successful
Passion On Level Up Says Hello
Initializing RELEASE version of Pawnmorpher
[23:23:06.7071261][Pawnmorpher]: generate defs
encountered TargetInvocationException while patching AppliesToPawn
System.Reflection.TargetInvocationException: Exception has been thrown by the target of an invocation. ---> System.InvalidCastException: Specified cast is not valid.
[Ref 5445B9E2]
  at Pawnmorph.Utilities.PatchUtilities.SubstituteFormerHumanMethodsPatch (System.Collections.Generic.IEnumerable`1[T] instructions) [0x000d3] in <8ff83870b17241fd906d7b1baad0da73>:0 
(wrapper managed-to-native) System.Reflection.RuntimeMethodInfo.InternalInvoke(System.Reflection.RuntimeMethodInfo,object,object[],System.Exception&)
  at System.Reflection.RuntimeMethodInfo.Invoke (System.Object obj, System.Reflection.BindingFlags invokeAttr, System.Reflection.Binder binder, System.Object[] parameters, System.Globalization.CultureInfo culture) [0x0006a] in <51fded79cd284d4d911c5949aff4cb21>:0 
   --- End of inner exception stack trace ---
[Ref 5B6F4819]
  at System.Reflection.RuntimeMethodInfo.Invoke (System.Object obj, System.Reflection.BindingFlags invokeAttr, System.Reflection.Binder binder, System.Object[] parameters, System.Globalization.CultureInfo culture) [0x00083] in <51fded79cd284d4d911c5949aff4cb21>:0 
  at System.Reflection.MethodBase.Invoke (System.Object obj, System.Object[] parameters) [0x00000] in <51fded79cd284d4d911c5949aff4cb21>:0 
  at HarmonyLib.CodeTranspiler+<>c__DisplayClass11_0.<GetResult>b__0 (System.Reflection.MethodInfo transpiler) [0x0004b] in <024a0e6ec8c2437ead047b6279389c23>:0 
  at System.Collections.Generic.List`1[T].ForEach (System.Action`1[T] action) [0x0001e] in <51fded79cd284d4d911c5949aff4cb21>:0 
  at HarmonyLib.CodeTranspiler.GetResult (System.Reflection.Emit.ILGenerator generator, System.Reflection.MethodBase method) [0x00020] in <024a0e6ec8c2437ead047b6279389c23>:0 
  at HarmonyLib.MethodBodyReader.FinalizeILCodes (System.Collections.Generic.List`1[T] transpilers, System.Boolean stripLastReturn, System.Boolean& hasReturnCode, System.Boolean& methodEndsInDeadCode, System.Collections.Generic.List`1[T] endLabels) [0x0012b] in <024a0e6ec8c2437ead047b6279389c23>:0 
  at HarmonyLib.MethodCopier.Finalize (System.Boolean stripLastReturn, System.Boolean& hasReturnCode, System.Boolean& methodEndsInDeadCode, System.Collections.Generic.List`1[T] endLabels) [0x00000] in <024a0e6ec8c2437ead047b6279389c23>:0 
  at HarmonyLib.MethodCreator.CreateReplacement () [0x003ff] in <024a0e6ec8c2437ead047b6279389c23>:0 
  at HarmonyLib.PatchFunctions.UpdateWrapper (System.Reflection.MethodBase original, HarmonyLib.PatchInfo patchInfo) [0x0007c] in <024a0e6ec8c2437ead047b6279389c23>:0 
  at HarmonyLib.PatchProcessor.Patch () [0x0013c] in <024a0e6ec8c2437ead047b6279389c23>:0 
  at HarmonyLib.Harmony.Patch (System.Reflection.MethodBase original, HarmonyLib.HarmonyMethod prefix, HarmonyLib.HarmonyMethod postfix, HarmonyLib.HarmonyMethod transpiler, HarmonyLib.HarmonyMethod finalizer) [0x0002a] in <024a0e6ec8c2437ead047b6279389c23>:0 
  at Pawnmorph.Utilities.PatchUtilities.ILPatchCommonMethods (HarmonyLib.Harmony harmony, System.Reflection.MethodInfo targetMethod, System.Boolean debug) [0x0003c] in <8ff83870b17241fd906d7b1baad0da73>:0 
encountered TargetInvocationException while patching AppliesToPawn
System.Reflection.TargetInvocationException: Exception has been thrown by the target of an invocation. ---> System.InvalidCastException: Specified cast is not valid.
[Ref 5445B9E2] Duplicate stacktrace, see ref for original
   --- End of inner exception stack trace ---
[Ref 5B6F4819] Duplicate stacktrace, see ref for original
encountered TargetInvocationException while patching AppliesToPawn
System.Reflection.TargetInvocationException: Exception has been thrown by the target of an invocation. ---> System.InvalidCastException: Specified cast is not valid.
[Ref 5445B9E2] Duplicate stacktrace, see ref for original
   --- End of inner exception stack trace ---
[Ref 5B6F4819] Duplicate stacktrace, see ref for original
encountered TargetInvocationException while patching AppliesToPawn
System.Reflection.TargetInvocationException: Exception has been thrown by the target of an invocation. ---> System.InvalidCastException: Specified cast is not valid.
[Ref 5445B9E2] Duplicate stacktrace, see ref for original
   --- End of inner exception stack trace ---
[Ref 5B6F4819] Duplicate stacktrace, see ref for original
encountered TargetInvocationException while patching AppliesToPawn
System.Reflection.TargetInvocationException: Exception has been thrown by the target of an invocation. ---> System.InvalidCastException: Specified cast is not valid.
[Ref 5445B9E2] Duplicate stacktrace, see ref for original
   --- End of inner exception stack trace ---
[Ref 5B6F4819] Duplicate stacktrace, see ref for original
[PM] Optional meal size patch enabled.
[PM] Optional rotten patch enabled.
[EyeOffsetSouth] Now active
[EyeOffsetSouth] Harmony patch complete!
[GeneTattooTagFilter] Now active
[GeneTattooTagFilter] Harmony patch complete!
[TattooColorOverride] Now active
[TattooColorOverride] Patch_HAR
[TattooColorOverride] Harmony patch complete!
[UndeadLearningPatch] Loaded clean RimMagic undead XP slider patch.
VPE_Ranger Psycast patch successful
Wildheart_Psycast patch successful
[Davai's Sorted Categories] [SortNastyMeat] starting
[Davai's Sorted Categories] [SortNastyMeat] Moved 9 meat to the Nasty meat category
[Davai's Sorted Categories] [ChangeDefaultSocialDrugs] starting
[Davai's Sorted Categories] [ChangeDefaultSocialDrugs] Added 2 drugs to Social drugs by default
[Davai's Sorted Categories] [SortDrugs] starting
[Davai's Sorted Categories] [SortDrugs] Moved 114 drugs to the Social drugs category
[Davai's Sorted Categories] [SortDrugs] Moved 151 drugs to the Medical drugs category
[Davai's Sorted Categories] [SortDrugs] Moved 44 drugs to the Hard drugs category
[Davai's Sorted Categories] [SortDrugs] Moved 22 sera to the Sera category
EvolvedOrgansRedux : AddDefsForEachModdedRace
Problematic race: BS_Centaur
Error: System.NullReferenceException: Object reference not set to an instance of an object
[Ref 5992DB11]
  at EvolvedOrgansRedux.AddEvorBodyPartsToModdedRaces.AddParts (Verse.BodyPartRecord bodyPartRecord, Verse.RaceProperties raceProperties, Verse.BodyPartRecord parent) [0x0000a] in <5b331944abda461496fd055dc82f6a1a>:0 
  at EvolvedOrgansRedux.AddEvorBodyPartsToModdedRaces.AddBodyParts (Verse.RaceProperties raceProperties) [0x001ee] in <5b331944abda461496fd055dc82f6a1a>:0 
EvolvedOrgansRedux.AddEvorBodyPartsToModdedRaces..cctor()
EvolvedOrgansRedux : AddDefsForEachModdedRace
Problematic race: BS_UrbMech
Error: System.NullReferenceException: Object reference not set to an instance of an object
[Ref 5992DB11] Duplicate stacktrace, see ref for original
EvolvedOrgansRedux : AddDefsForEachModdedRace
Problematic race: BS_JustAHead
Error: System.NullReferenceException: Object reference not set to an instance of an object
[Ref 5992DB11] Duplicate stacktrace, see ref for original
EvolvedOrgansRedux : AddDefsForEachModdedRace
Problematic race: Garry_Sewn
Error: System.NullReferenceException: Object reference not set to an instance of an object
[Ref 5992DB11] Duplicate stacktrace, see ref for original
EvolvedOrgansRedux : AddDefsForEachModdedRace
Problematic race: OWD_Race_LegionUndead
Error: System.NullReferenceException: Object reference not set to an instance of an object
[Ref 1C01BC90]
  at Verse.ThingFilter.SetAllow (Verse.ThingDef thingDef, System.Boolean allow) [0x0002a] in <61e4173561894da49d210260257b5097>:0 
  at EvolvedOrgansRedux.AddEvorBodyPartsToModdedRaces.AddMeatToRecipesFromModdedRace (Verse.RaceProperties raceProperties) [0x00021] in <5b331944abda461496fd055dc82f6a1a>:0 
EvolvedOrgansRedux.AddEvorBodyPartsToModdedRaces..cctor()
EvolvedOrgansRedux : AddDefsForEachModdedRace
Problematic race: PMP_PersonaMechanoid
Error: System.NullReferenceException: Object reference not set to an instance of an object
[Ref 5992DB11] Duplicate stacktrace, see ref for original
EvolvedOrgansRedux : AddDefsForEachModdedRace
Problematic race: Mechanent
Error: System.NullReferenceException: Object reference not set to an instance of an object
[Ref 5992DB11] Duplicate stacktrace, see ref for original
EvolvedOrgansRedux : AddDefsForEachModdedRace
Problematic race: Personae_
Error: System.NullReferenceException: Object reference not set to an instance of an object
[Ref 5992DB11] Duplicate stacktrace, see ref for original
EvolvedOrgansRedux : AddDefsForEachModdedRace
Problematic race: G_CentaurFourArm
Error: System.NullReferenceException: Object reference not set to an instance of an object
[Ref 5992DB11] Duplicate stacktrace, see ref for original
EvolvedOrgansRedux : AddDefsForEachModdedRace
Problematic race: G_CentaurFourArmWinged
Error: System.NullReferenceException: Object reference not set to an instance of an object
[Ref 5992DB11] Duplicate stacktrace, see ref for original
EvolvedOrgansRedux : AddDefsForEachModdedRace
Problematic race: G_CentaurSixArm
Error: System.NullReferenceException: Object reference not set to an instance of an object
[Ref 5992DB11] Duplicate stacktrace, see ref for original
EvolvedOrgansRedux : AddDefsForEachModdedRace
Problematic race: G_CentaurSixArmWinged
Error: System.NullReferenceException: Object reference not set to an instance of an object
[Ref 5992DB11] Duplicate stacktrace, see ref for original
EvolvedOrgansRedux : AddDefsForEachModdedRace
Problematic race: G_CentaurWinged
Error: System.NullReferenceException: Object reference not set to an instance of an object
[Ref 5992DB11] Duplicate stacktrace, see ref for original
EvolvedOrgansRedux : AddDefsForEachModdedRace
Problematic race: M_MechaCentaurFourArm
Error: System.NullReferenceException: Object reference not set to an instance of an object
[Ref 5992DB11] Duplicate stacktrace, see ref for original
EvolvedOrgansRedux : AddDefsForEachModdedRace
Problematic race: M_MechaCentaurFourArmWinged
Error: System.NullReferenceException: Object reference not set to an instance of an object
[Ref 5992DB11] Duplicate stacktrace, see ref for original
EvolvedOrgansRedux : AddDefsForEachModdedRace
Problematic race: M_MechaCentaurSixArm
Error: System.NullReferenceException: Object reference not set to an instance of an object
[Ref 5992DB11] Duplicate stacktrace, see ref for original
EvolvedOrgansRedux : AddDefsForEachModdedRace
Problematic race: M_MechaCentaurSixArmWinged
Error: System.NullReferenceException: Object reference not set to an instance of an object
[Ref 5992DB11] Duplicate stacktrace, see ref for original
EvolvedOrgansRedux : AddDefsForEachModdedRace
Problematic race: M_MechaCentaurWinged
Error: System.NullReferenceException: Object reference not set to an instance of an object
[Ref 5992DB11] Duplicate stacktrace, see ref for original
EvolvedOrgansRedux : AddDefsForEachModdedRace
Problematic race: M_MechaSnekFourArm
Error: System.NullReferenceException: Object reference not set to an instance of an object
[Ref 5992DB11] Duplicate stacktrace, see ref for original
EvolvedOrgansRedux : AddDefsForEachModdedRace
Problematic race: M_MechaSnekFourArmWinged
Error: System.NullReferenceException: Object reference not set to an instance of an object
[Ref 5992DB11] Duplicate stacktrace, see ref for original
EvolvedOrgansRedux : AddDefsForEachModdedRace
Problematic race: M_MechaSnekSixArm
Error: System.NullReferenceException: Object reference not set to an instance of an object
[Ref 5992DB11] Duplicate stacktrace, see ref for original
EvolvedOrgansRedux : AddDefsForEachModdedRace
Problematic race: M_MechaSnekSixArmWinged
Error: System.NullReferenceException: Object reference not set to an instance of an object
[Ref 5992DB11] Duplicate stacktrace, see ref for original
EvolvedOrgansRedux : AddDefsForEachModdedRace
Problematic race: M_MechaSnekWinged
Error: System.NullReferenceException: Object reference not set to an instance of an object
[Ref 5992DB11] Duplicate stacktrace, see ref for original
EvolvedOrgansRedux : AddDefsForEachModdedRace
Problematic race: M_MechaSpooderFourArm
Error: System.NullReferenceException: Object reference not set to an instance of an object
[Ref 5992DB11] Duplicate stacktrace, see ref for original
EvolvedOrgansRedux : AddDefsForEachModdedRace
Problematic race: M_MechaSpooderFourArmWinged
Error: System.NullReferenceException: Object reference not set to an instance of an object
[Ref 5992DB11] Duplicate stacktrace, see ref for original
EvolvedOrgansRedux : AddDefsForEachModdedRace
Problematic race: M_MechaSpooderSixArm
Error: System.NullReferenceException: Object reference not set to an instance of an object
[Ref 5992DB11] Duplicate stacktrace, see ref for original
EvolvedOrgansRedux : AddDefsForEachModdedRace
Problematic race: M_MechaSpooderSixArmWinged
Error: System.NullReferenceException: Object reference not set to an instance of an object
[Ref 5992DB11] Duplicate stacktrace, see ref for original
EvolvedOrgansRedux : AddDefsForEachModdedRace
Problematic race: M_MechaSpooderWinged
Error: System.NullReferenceException: Object reference not set to an instance of an object
[Ref 5992DB11] Duplicate stacktrace, see ref for original
EvolvedOrgansRedux : AddDefsForEachModdedRace
Problematic race: M_MechaFourArmTailed
Error: System.NullReferenceException: Object reference not set to an instance of an object
[Ref 5992DB11] Duplicate stacktrace, see ref for original
EvolvedOrgansRedux : AddDefsForEachModdedRace
Problematic race: M_MechaFourArmTailedWinged
Error: System.NullReferenceException: Object reference not set to an instance of an object
[Ref 5992DB11] Duplicate stacktrace, see ref for original
EvolvedOrgansRedux : AddDefsForEachModdedRace
Problematic race: M_MechaFourArmWinged
Error: System.NullReferenceException: Object reference not set to an instance of an object
[Ref 5992DB11] Duplicate stacktrace, see ref for original
EvolvedOrgansRedux : AddDefsForEachModdedRace
Problematic race: M_MechaSixArmTailed
Error: System.NullReferenceException: Object reference not set to an instance of an object
[Ref 5992DB11] Duplicate stacktrace, see ref for original
EvolvedOrgansRedux : AddDefsForEachModdedRace
Problematic race: M_MechaSixArmTailedWinged
Error: System.NullReferenceException: Object reference not set to an instance of an object
[Ref 5992DB11] Duplicate stacktrace, see ref for original
EvolvedOrgansRedux : AddDefsForEachModdedRace
Problematic race: M_MechaSixArmWinged
Error: System.NullReferenceException: Object reference not set to an instance of an object
[Ref 5992DB11] Duplicate stacktrace, see ref for original
EvolvedOrgansRedux : AddDefsForEachModdedRace
Problematic race: M_MechaTailedWinged
Error: System.NullReferenceException: Object reference not set to an instance of an object
[Ref 5992DB11] Duplicate stacktrace, see ref for original
EvolvedOrgansRedux : AddDefsForEachModdedRace
Problematic race: M_MechaCentaur
Error: System.NullReferenceException: Object reference not set to an instance of an object
[Ref 5992DB11] Duplicate stacktrace, see ref for original
EvolvedOrgansRedux : AddDefsForEachModdedRace
Problematic race: M_MechaSnek
Error: System.NullReferenceException: Object reference not set to an instance of an object
[Ref 5992DB11] Duplicate stacktrace, see ref for original
EvolvedOrgansRedux : AddDefsForEachModdedRace
Problematic race: M_MechaSpooder
Error: System.NullReferenceException: Object reference not set to an instance of an object
[Ref 5992DB11] Duplicate stacktrace, see ref for original
EvolvedOrgansRedux : AddDefsForEachModdedRace
Problematic race: M_MechaFourArm
Error: System.NullReferenceException: Object reference not set to an instance of an object
[Ref 5992DB11] Duplicate stacktrace, see ref for original
EvolvedOrgansRedux : AddDefsForEachModdedRace
Problematic race: M_MechaSixArm
Error: System.NullReferenceException: Object reference not set to an instance of an object
[Ref 5992DB11] Duplicate stacktrace, see ref for original
EvolvedOrgansRedux : AddDefsForEachModdedRace
Problematic race: M_MechaTailed
Error: System.NullReferenceException: Object reference not set to an instance of an object
[Ref 5992DB11] Duplicate stacktrace, see ref for original
EvolvedOrgansRedux : AddDefsForEachModdedRace
Problematic race: M_MechaWinged
Error: System.NullReferenceException: Object reference not set to an instance of an object
[Ref 5992DB11] Duplicate stacktrace, see ref for original
EvolvedOrgansRedux : AddDefsForEachModdedRace
Problematic race: HL_Bear_Grizzly
Error: System.NullReferenceException: Object reference not set to an instance of an object
[Ref 5992DB11] Duplicate stacktrace, see ref for original
EvolvedOrgansRedux : AddDefsForEachModdedRace
Problematic race: HL_Bear_Polar
Error: System.NullReferenceException: Object reference not set to an instance of an object
[Ref 5992DB11] Duplicate stacktrace, see ref for original
EvolvedOrgansRedux : AddDefsForEachModdedRace
Problematic race: HL_Ostrich
Error: System.NullReferenceException: Object reference not set to an instance of an object
[Ref 5992DB11] Duplicate stacktrace, see ref for original
EvolvedOrgansRedux : AddDefsForEachModdedRace
Problematic race: HL_Emu
Error: System.NullReferenceException: Object reference not set to an instance of an object
[Ref 5992DB11] Duplicate stacktrace, see ref for original
EvolvedOrgansRedux : AddDefsForEachModdedRace
Problematic race: HL_Cassowary
Error: System.NullReferenceException: Object reference not set to an instance of an object
[Ref 5992DB11] Duplicate stacktrace, see ref for original
EvolvedOrgansRedux : AddDefsForEachModdedRace
Problematic race: HL_Cougar
Error: System.NullReferenceException: Object reference not set to an instance of an object
[Ref 5992DB11] Duplicate stacktrace, see ref for original
EvolvedOrgansRedux : AddDefsForEachModdedRace
Problematic race: HL_Panther
Error: System.NullReferenceException: Object reference not set to an instance of an object
[Ref 5992DB11] Duplicate stacktrace, see ref for original
EvolvedOrgansRedux : AddDefsForEachModdedRace
Problematic race: HL_Lynx
Error: System.NullReferenceException: Object reference not set to an instance of an object
[Ref 5992DB11] Duplicate stacktrace, see ref for original
EvolvedOrgansRedux : AddDefsForEachModdedRace
Problematic race: HL_Cat
Error: System.NullReferenceException: Object reference not set to an instance of an object
[Ref 5992DB11] Duplicate stacktrace, see ref for original
EvolvedOrgansRedux : AddDefsForEachModdedRace
Problematic race: HL_YorkshireTerrier
Error: System.NullReferenceException: Object reference not set to an instance of an object
[Ref 5992DB11] Duplicate stacktrace, see ref for original
EvolvedOrgansRedux : AddDefsForEachModdedRace
Problematic race: HL_GuineaPig
Error: System.NullReferenceException: Object reference not set to an instance of an object
[Ref 5992DB11] Duplicate stacktrace, see ref for original
EvolvedOrgansRedux : AddDefsForEachModdedRace
Problematic race: HL_LabradorRetriever
Error: System.NullReferenceException: Object reference not set to an instance of an object
[Ref 5992DB11] Duplicate stacktrace, see ref for original
EvolvedOrgansRedux : AddDefsForEachModdedRace
Problematic race: HL_Husky
Error: System.NullReferenceException: Object reference not set to an instance of an object
[Ref 5992DB11] Duplicate stacktrace, see ref for original
EvolvedOrgansRedux : AddDefsForEachModdedRace
Problematic race: HL_Chicken
Error: System.NullReferenceException: Object reference not set to an instance of an object
[Ref 5992DB11] Duplicate stacktrace, see ref for original
EvolvedOrgansRedux : AddDefsForEachModdedRace
Problematic race: HL_Duck
Error: System.NullReferenceException: Object reference not set to an instance of an object
[Ref 5992DB11] Duplicate stacktrace, see ref for original
EvolvedOrgansRedux : AddDefsForEachModdedRace
Problematic race: HL_Turkey
Error: System.NullReferenceException: Object reference not set to an instance of an object
[Ref 5992DB11] Duplicate stacktrace, see ref for original
EvolvedOrgansRedux : AddDefsForEachModdedRace
Problematic race: HL_Goose
Error: System.NullReferenceException: Object reference not set to an instance of an object
[Ref 5992DB11] Duplicate stacktrace, see ref for original
EvolvedOrgansRedux : AddDefsForEachModdedRace
Problematic race: HL_Cow
Error: System.NullReferenceException: Object reference not set to an instance of an object
[Ref 5992DB11] Duplicate stacktrace, see ref for original
EvolvedOrgansRedux : AddDefsForEachModdedRace
Problematic race: HL_Boomalope
Error: System.NullReferenceException: Object reference not set to an instance of an object
[Ref 5992DB11] Duplicate stacktrace, see ref for original
EvolvedOrgansRedux : AddDefsForEachModdedRace
Problematic race: HL_Muffalo
Error: System.NullReferenceException: Object reference not set to an instance of an object
[Ref 5992DB11] Duplicate stacktrace, see ref for original
EvolvedOrgansRedux : AddDefsForEachModdedRace
Problematic race: HL_Bison
Error: System.NullReferenceException: Object reference not set to an instance of an object
[Ref 5992DB11] Duplicate stacktrace, see ref for original
EvolvedOrgansRedux : AddDefsForEachModdedRace
Problematic race: HL_Dromedary
Error: System.NullReferenceException: Object reference not set to an instance of an object
[Ref 5992DB11] Duplicate stacktrace, see ref for original
EvolvedOrgansRedux : AddDefsForEachModdedRace
Problematic race: HL_Goat
Error: System.NullReferenceException: Object reference not set to an instance of an object
[Ref 5992DB11] Duplicate stacktrace, see ref for original
EvolvedOrgansRedux : AddDefsForEachModdedRace
Problematic race: HL_Elk
Error: System.NullReferenceException: Object reference not set to an instance of an object
[Ref 5992DB11] Duplicate stacktrace, see ref for original
EvolvedOrgansRedux : AddDefsForEachModdedRace
Problematic race: HL_Yak
Error: System.NullReferenceException: Object reference not set to an instance of an object
[Ref 5992DB11] Duplicate stacktrace, see ref for original
EvolvedOrgansRedux : AddDefsForEachModdedRace
Problematic race: HL_Caribou
Error: System.NullReferenceException: Object reference not set to an instance of an object
[Ref 5992DB11] Duplicate stacktrace, see ref for original
EvolvedOrgansRedux : AddDefsForEachModdedRace
Problematic race: HL_Horse
Error: System.NullReferenceException: Object reference not set to an instance of an object
[Ref 5992DB11] Duplicate stacktrace, see ref for original
EvolvedOrgansRedux : AddDefsForEachModdedRace
Problematic race: HL_Donkey
Error: System.NullReferenceException: Object reference not set to an instance of an object
[Ref 5992DB11] Duplicate stacktrace, see ref for original
EvolvedOrgansRedux : AddDefsForEachModdedRace
Problematic race: HL_Elephant
Error: System.NullReferenceException: Object reference not set to an instance of an object
[Ref 5992DB11] Duplicate stacktrace, see ref for original
EvolvedOrgansRedux : AddDefsForEachModdedRace
Problematic race: HL_Rhinoceros
Error: System.NullReferenceException: Object reference not set to an instance of an object
[Ref 5992DB11] Duplicate stacktrace, see ref for original
EvolvedOrgansRedux : AddDefsForEachModdedRace
Problematic race: HL_Hare
Error: System.NullReferenceException: Object reference not set to an instance of an object
[Ref 5992DB11] Duplicate stacktrace, see ref for original
EvolvedOrgansRedux : AddDefsForEachModdedRace
Problematic race: HL_Snowhare
Error: System.NullReferenceException: Object reference not set to an instance of an object
[Ref 5992DB11] Duplicate stacktrace, see ref for original
EvolvedOrgansRedux : AddDefsForEachModdedRace
Problematic race: HL_Megascarab
Error: System.NullReferenceException: Object reference not set to an instance of an object
[Ref 5992DB11] Duplicate stacktrace, see ref for original
EvolvedOrgansRedux : AddDefsForEachModdedRace
Problematic race: HL_Spelopede
Error: System.NullReferenceException: Object reference not set to an instance of an object
[Ref 5992DB11] Duplicate stacktrace, see ref for original
EvolvedOrgansRedux : AddDefsForEachModdedRace
Problematic race: HL_Megaspider
Error: System.NullReferenceException: Object reference not set to an instance of an object
[Ref 5992DB11] Duplicate stacktrace, see ref for original
EvolvedOrgansRedux : AddDefsForEachModdedRace
Problematic race: HL_Thrumbo
Error: System.NullReferenceException: Object reference not set to an instance of an object
[Ref 5992DB11] Duplicate stacktrace, see ref for original
EvolvedOrgansRedux : AddDefsForEachModdedRace
Problematic race: HL_Cobra
Error: System.NullReferenceException: Object reference not set to an instance of an object
[Ref 5992DB11] Duplicate stacktrace, see ref for original
EvolvedOrgansRedux : AddDefsForEachModdedRace
Problematic race: HL_Tortoise
Error: System.NullReferenceException: Object reference not set to an instance of an object
[Ref 5992DB11] Duplicate stacktrace, see ref for original
EvolvedOrgansRedux : AddDefsForEachModdedRace
Problematic race: HL_Alphabeaver
Error: System.NullReferenceException: Object reference not set to an instance of an object
[Ref 5992DB11] Duplicate stacktrace, see ref for original
EvolvedOrgansRedux : AddDefsForEachModdedRace
Problematic race: HL_Pig
Error: System.NullReferenceException: Object reference not set to an instance of an object
[Ref 5992DB11] Duplicate stacktrace, see ref for original
EvolvedOrgansRedux : AddDefsForEachModdedRace
Problematic race: HL_WildBoar
Error: System.NullReferenceException: Object reference not set to an instance of an object
[Ref 5992DB11] Duplicate stacktrace, see ref for original
EvolvedOrgansRedux : AddDefsForEachModdedRace
Problematic race: HL_Ibex
Error: System.NullReferenceException: Object reference not set to an instance of an object
[Ref 5992DB11] Duplicate stacktrace, see ref for original
EvolvedOrgansRedux : AddDefsForEachModdedRace
Problematic race: HL_Deer
Error: System.NullReferenceException: Object reference not set to an instance of an object
[Ref 5992DB11] Duplicate stacktrace, see ref for original
EvolvedOrgansRedux : AddDefsForEachModdedRace
Problematic race: HL_Gazelle
Error: System.NullReferenceException: Object reference not set to an instance of an object
[Ref 5992DB11] Duplicate stacktrace, see ref for original
EvolvedOrgansRedux : AddDefsForEachModdedRace
Problematic race: HL_Chinchilla
Error: System.NullReferenceException: Object reference not set to an instance of an object
[Ref 5992DB11] Duplicate stacktrace, see ref for original
EvolvedOrgansRedux : AddDefsForEachModdedRace
Problematic race: HL_Sheep
Error: System.NullReferenceException: Object reference not set to an instance of an object
[Ref 5992DB11] Duplicate stacktrace, see ref for original
EvolvedOrgansRedux : AddDefsForEachModdedRace
Problematic race: HL_Alpaca
Error: System.NullReferenceException: Object reference not set to an instance of an object
[Ref 5992DB11] Duplicate stacktrace, see ref for original
EvolvedOrgansRedux : AddDefsForEachModdedRace
Problematic race: HL_Megasloth
Error: System.NullReferenceException: Object reference not set to an instance of an object
[Ref 5992DB11] Duplicate stacktrace, see ref for original
EvolvedOrgansRedux : AddDefsForEachModdedRace
Problematic race: HL_Capybara
Error: System.NullReferenceException: Object reference not set to an instance of an object
[Ref 5992DB11] Duplicate stacktrace, see ref for original
EvolvedOrgansRedux : AddDefsForEachModdedRace
Problematic race: HL_Squirrel
Error: System.NullReferenceException: Object reference not set to an instance of an object
[Ref 5992DB11] Duplicate stacktrace, see ref for original
EvolvedOrgansRedux : AddDefsForEachModdedRace
Problematic race: HL_Rat
Error: System.NullReferenceException: Object reference not set to an instance of an object
[Ref 5992DB11] Duplicate stacktrace, see ref for original
EvolvedOrgansRedux : AddDefsForEachModdedRace
Problematic race: HL_Boomrat
Error: System.NullReferenceException: Object reference not set to an instance of an object
[Ref 5992DB11] Duplicate stacktrace, see ref for original
EvolvedOrgansRedux : AddDefsForEachModdedRace
Problematic race: HL_Raccoon
Error: System.NullReferenceException: Object reference not set to an instance of an object
[Ref 5992DB11] Duplicate stacktrace, see ref for original
EvolvedOrgansRedux : AddDefsForEachModdedRace
Problematic race: HL_Iguana
Error: System.NullReferenceException: Object reference not set to an instance of an object
[Ref 5992DB11] Duplicate stacktrace, see ref for original
EvolvedOrgansRedux : AddDefsForEachModdedRace
Problematic race: HL_Warg
Error: System.NullReferenceException: Object reference not set to an instance of an object
[Ref 5992DB11] Duplicate stacktrace, see ref for original
EvolvedOrgansRedux : AddDefsForEachModdedRace
Problematic race: HL_Wolf_Timber
Error: System.NullReferenceException: Object reference not set to an instance of an object
[Ref 5992DB11] Duplicate stacktrace, see ref for original
EvolvedOrgansRedux : AddDefsForEachModdedRace
Problematic race: HL_Wolf_Arctic
Error: System.NullReferenceException: Object reference not set to an instance of an object
[Ref 5992DB11] Duplicate stacktrace, see ref for original
EvolvedOrgansRedux : AddDefsForEachModdedRace
Problematic race: HL_Fox_Fennec
Error: System.NullReferenceException: Object reference not set to an instance of an object
[Ref 5992DB11] Duplicate stacktrace, see ref for original
EvolvedOrgansRedux : AddDefsForEachModdedRace
Problematic race: HL_Fox_Red
Error: System.NullReferenceException: Object reference not set to an instance of an object
[Ref 5992DB11] Duplicate stacktrace, see ref for original
EvolvedOrgansRedux : AddDefsForEachModdedRace
Problematic race: HL_Fox_Arctic
Error: System.NullReferenceException: Object reference not set to an instance of an object
[Ref 5992DB11] Duplicate stacktrace, see ref for original
EvolvedOrgansRedux : AddDefsForEachModdedRace
Problematic race: HL_Dryad_Basic
Error: System.NullReferenceException: Object reference not set to an instance of an object
[Ref 5992DB11] Duplicate stacktrace, see ref for original
EvolvedOrgansRedux : AddDefsForEachModdedRace
Problematic race: HL_Dryad_Woodmaker
Error: System.NullReferenceException: Object reference not set to an instance of an object
[Ref 5992DB11] Duplicate stacktrace, see ref for original
EvolvedOrgansRedux : AddDefsForEachModdedRace
Problematic race: HL_Dryad_Berrymaker
Error: System.NullReferenceException: Object reference not set to an instance of an object
[Ref 5992DB11] Duplicate stacktrace, see ref for original
EvolvedOrgansRedux : AddDefsForEachModdedRace
Problematic race: HL_Dryad_Medicinemaker
Error: System.NullReferenceException: Object reference not set to an instance of an object
[Ref 5992DB11] Duplicate stacktrace, see ref for original
EvolvedOrgansRedux : AddDefsForEachModdedRace
Problematic race: HL_Dryad_Gaumaker
Error: System.NullReferenceException: Object reference not set to an instance of an object
[Ref 5992DB11] Duplicate stacktrace, see ref for original
EvolvedOrgansRedux : AddDefsForEachModdedRace
Problematic race: HL_Dryad_Carrier
Error: System.NullReferenceException: Object reference not set to an instance of an object
[Ref 5992DB11] Duplicate stacktrace, see ref for original
EvolvedOrgansRedux : AddDefsForEachModdedRace
Problematic race: HL_Dryad_Clawer
Error: System.NullReferenceException: Object reference not set to an instance of an object
[Ref 5992DB11] Duplicate stacktrace, see ref for original
EvolvedOrgansRedux : AddDefsForEachModdedRace
Problematic race: HL_Dryad_Barkskin
Error: System.NullReferenceException: Object reference not set to an instance of an object
[Ref 5992DB11] Duplicate stacktrace, see ref for original
EvolvedOrgansRedux : AddDefsForEachModdedRace
Problematic race: HL_WasteRat
Error: System.NullReferenceException: Object reference not set to an instance of an object
[Ref 5992DB11] Duplicate stacktrace, see ref for original
EvolvedOrgansRedux : AddDefsForEachModdedRace
Problematic race: HL_Toxalope
Error: System.NullReferenceException: Object reference not set to an instance of an object
[Ref 5992DB11] Duplicate stacktrace, see ref for original
EvolvedOrgansRedux : AddDefsForEachModdedRace
Problematic race: HL_BogHound
Error: System.NullReferenceException: Object reference not set to an instance of an object
[Ref 5992DB11] Duplicate stacktrace, see ref for original
EvolvedOrgansRedux : AddDefsForEachModdedRace
Problematic race: HL_MonitorLizard
Error: System.NullReferenceException: Object reference not set to an instance of an object
[Ref 5992DB11] Duplicate stacktrace, see ref for original
EvolvedOrgansRedux : AddDefsForEachModdedRace
Problematic race: HL_PrairieDog
Error: System.NullReferenceException: Object reference not set to an instance of an object
[Ref 5992DB11] Duplicate stacktrace, see ref for original
EvolvedOrgansRedux : AddDefsForEachModdedRace
Problematic race: HL_Porcupine
Error: System.NullReferenceException: Object reference not set to an instance of an object
[Ref 5992DB11] Duplicate stacktrace, see ref for original
EvolvedOrgansRedux : AddDefsForEachModdedRace
Problematic race: HL_Mastodon
Error: System.NullReferenceException: Object reference not set to an instance of an object
[Ref 5992DB11] Duplicate stacktrace, see ref for original
EvolvedOrgansRedux : AddDefsForEachModdedRace
Problematic race: HL_Cat_Scimitar
Error: System.NullReferenceException: Object reference not set to an instance of an object
[Ref 5992DB11] Duplicate stacktrace, see ref for original
EvolvedOrgansRedux : AddDefsForEachModdedRace
Problematic race: HL_Wolverine
Error: System.NullReferenceException: Object reference not set to an instance of an object
[Ref 5992DB11] Duplicate stacktrace, see ref for original
EvolvedOrgansRedux : AddDefsForEachModdedRace
Problematic race: HL_Wolf_Great
Error: System.NullReferenceException: Object reference not set to an instance of an object
[Ref 5992DB11] Duplicate stacktrace, see ref for original
EvolvedOrgansRedux : AddDefsForEachModdedRace
Problematic race: HL_Moose
Error: System.NullReferenceException: Object reference not set to an instance of an object
[Ref 5992DB11] Duplicate stacktrace, see ref for original
EvolvedOrgansRedux : AddDefsForEachModdedRace
Problematic race: HL_AlphaThrumbo
Error: System.NullReferenceException: Object reference not set to an instance of an object
[Ref 5992DB11] Duplicate stacktrace, see ref for original
EvolvedOrgansRedux : AddDefsForEachModdedRace
Problematic race: HL_Muskox
Error: System.NullReferenceException: Object reference not set to an instance of an object
[Ref 5992DB11] Duplicate stacktrace, see ref for original
EvolvedOrgansRedux : AddDefsForEachModdedRace
Problematic race: HL_Tiger
Error: System.NullReferenceException: Object reference not set to an instance of an object
[Ref 5992DB11] Duplicate stacktrace, see ref for original
EvolvedOrgansRedux : AddDefsForEachModdedRace
Problematic race: HL_Mink
Error: System.NullReferenceException: Object reference not set to an instance of an object
[Ref 5992DB11] Duplicate stacktrace, see ref for original
EvolvedOrgansRedux : AddDefsForEachModdedRace
Problematic race: HL_Badger
Error: System.NullReferenceException: Object reference not set to an instance of an object
[Ref 5992DB11] Duplicate stacktrace, see ref for original
EvolvedOrgansRedux : AddDefsForEachModdedRace
Problematic race: HL_Panda
Error: System.NullReferenceException: Object reference not set to an instance of an object
[Ref 5992DB11] Duplicate stacktrace, see ref for original
EvolvedOrgansRedux : AddDefsForEachModdedRace
Problematic race: HL_Hippo
Error: System.NullReferenceException: Object reference not set to an instance of an object
[Ref 5992DB11] Duplicate stacktrace, see ref for original
EvolvedOrgansRedux : AddDefsForEachModdedRace
Problematic race: HL_Megavole
Error: System.NullReferenceException: Object reference not set to an instance of an object
[Ref 5992DB11] Duplicate stacktrace, see ref for original
EvolvedOrgansRedux : AddDefsForEachModdedRace
Problematic race: HL_Armadillo
Error: System.NullReferenceException: Object reference not set to an instance of an object
[Ref 5992DB11] Duplicate stacktrace, see ref for original
EvolvedOrgansRedux : AddDefsForEachModdedRace
Problematic race: HL_Alligator
Error: System.NullReferenceException: Object reference not set to an instance of an object
[Ref 5992DB11] Duplicate stacktrace, see ref for original
EvolvedOrgansRedux : AddDefsForEachModdedRace
Problematic race: HL_Bullfrog
Error: System.NullReferenceException: Object reference not set to an instance of an object
[Ref 5992DB11] Duplicate stacktrace, see ref for original
EvolvedOrgansRedux : AddDefsForEachModdedRace
Problematic race: HL_ColossusToad
Error: System.NullReferenceException: Object reference not set to an instance of an object
[Ref 5992DB11] Duplicate stacktrace, see ref for original
EvolvedOrgansRedux : AddDefsForEachModdedRace
Problematic race: HL_LavaSnail
Error: System.NullReferenceException: Object reference not set to an instance of an object
[Ref 5992DB11] Duplicate stacktrace, see ref for original
EvolvedOrgansRedux : AddDefsForEachModdedRace
Problematic race: HL_Sparrow
Error: System.NullReferenceException: Object reference not set to an instance of an object
[Ref 5992DB11] Duplicate stacktrace, see ref for original
EvolvedOrgansRedux : AddDefsForEachModdedRace
Problematic race: HL_Crow
Error: System.NullReferenceException: Object reference not set to an instance of an object
[Ref 5992DB11] Duplicate stacktrace, see ref for original
EvolvedOrgansRedux : AddDefsForEachModdedRace
Problematic race: HL_Bluebird
Error: System.NullReferenceException: Object reference not set to an instance of an object
[Ref 5992DB11] Duplicate stacktrace, see ref for original
EvolvedOrgansRedux : AddDefsForEachModdedRace
Problematic race: HL_Quail
Error: System.NullReferenceException: Object reference not set to an instance of an object
[Ref 5992DB11] Duplicate stacktrace, see ref for original
EvolvedOrgansRedux : AddDefsForEachModdedRace
Problematic race: HL_Macaw
Error: System.NullReferenceException: Object reference not set to an instance of an object
[Ref 5992DB11] Duplicate stacktrace, see ref for original
EvolvedOrgansRedux : AddDefsForEachModdedRace
Problematic race: HL_Flamingo
Error: System.NullReferenceException: Object reference not set to an instance of an object
[Ref 5992DB11] Duplicate stacktrace, see ref for original
EvolvedOrgansRedux : AddDefsForEachModdedRace
Problematic race: HL_Heron
Error: System.NullReferenceException: Object reference not set to an instance of an object
[Ref 5992DB11] Duplicate stacktrace, see ref for original
EvolvedOrgansRedux : AddDefsForEachModdedRace
Problematic race: HL_Swan
Error: System.NullReferenceException: Object reference not set to an instance of an object
[Ref 5992DB11] Duplicate stacktrace, see ref for original
EvolvedOrgansRedux : AddDefsForEachModdedRace
Problematic race: HL_Peacock
Error: System.NullReferenceException: Object reference not set to an instance of an object
[Ref 5992DB11] Duplicate stacktrace, see ref for original
EvolvedOrgansRedux : AddDefsForEachModdedRace
Problematic race: HL_Vulture
Error: System.NullReferenceException: Object reference not set to an instance of an object
[Ref 5992DB11] Duplicate stacktrace, see ref for original
EvolvedOrgansRedux : AddDefsForEachModdedRace
Problematic race: HL_Penguin
Error: System.NullReferenceException: Object reference not set to an instance of an object
[Ref 5992DB11] Duplicate stacktrace, see ref for original
EvolvedOrgansRedux : AddDefsForEachModdedRace
Problematic race: HL_Walrus
Error: System.NullReferenceException: Object reference not set to an instance of an object
[Ref 5992DB11] Duplicate stacktrace, see ref for original
EvolvedOrgansRedux : AddDefsForEachModdedRace
Problematic race: HL_SeaLion
Error: System.NullReferenceException: Object reference not set to an instance of an object
[Ref 5992DB11] Duplicate stacktrace, see ref for original
EvolvedOrgansRedux : AddDefsForEachModdedRace
Problematic race: HL_Seal
Error: System.NullReferenceException: Object reference not set to an instance of an object
[Ref 5992DB11] Duplicate stacktrace, see ref for original
EvolvedOrgansRedux : AddDefsForEachModdedRace
Problematic race: HL_HermitCrab
Error: System.NullReferenceException: Object reference not set to an instance of an object
[Ref 5992DB11] Duplicate stacktrace, see ref for original
EvolvedOrgansRedux : AddDefsForEachModdedRace
Problematic race: HL_StoneCrab
Error: System.NullReferenceException: Object reference not set to an instance of an object
[Ref 5992DB11] Duplicate stacktrace, see ref for original
EvolvedOrgansRedux : AddDefsForEachModdedRace
Problematic race: HL_SeaTurtle
Error: System.NullReferenceException: Object reference not set to an instance of an object
[Ref 5992DB11] Duplicate stacktrace, see ref for original
EvolvedOrgansRedux : AddDefsForEachModdedRace
Problematic race: HL_Otter
Error: System.NullReferenceException: Object reference not set to an instance of an object
[Ref 5992DB11] Duplicate stacktrace, see ref for original
EvolvedOrgansRedux : AddDefsForEachModdedRace
Problematic race: HL_Larva
Error: System.NullReferenceException: Object reference not set to an instance of an object
[Ref 5992DB11] Duplicate stacktrace, see ref for original
EvolvedOrgansRedux : AddDefsForEachModdedRace
Problematic race: HL_HiveQueen
Error: System.NullReferenceException: Object reference not set to an instance of an object
[Ref 5992DB11] Duplicate stacktrace, see ref for original
EvolvedOrgansRedux : AddDefsForEachModdedRace
Problematic race: HL_Locust
Error: System.NullReferenceException: Object reference not set to an instance of an object
[Ref 5992DB11] Duplicate stacktrace, see ref for original
EvolvedOrgansRedux : AddDefsForEachModdedRace
Problematic race: HL_Purple_Nebula_Dragon
Error: System.NullReferenceException: Object reference not set to an instance of an object
[Ref 5992DB11] Duplicate stacktrace, see ref for original
EvolvedOrgansRedux : AddDefsForEachModdedRace
Problematic race: HL_Blue_Nebula_Dragon
Error: System.NullReferenceException: Object reference not set to an instance of an object
[Ref 5992DB11] Duplicate stacktrace, see ref for original
EvolvedOrgansRedux : AddDefsForEachModdedRace
Problematic race: HL_Red_Nebula_Dragon
Error: System.NullReferenceException: Object reference not set to an instance of an object
[Ref 5992DB11] Duplicate stacktrace, see ref for original
EvolvedOrgansRedux : AddDefsForEachModdedRace
Problematic race: HL_EH_Void_Dragon
Error: System.NullReferenceException: Object reference not set to an instance of an object
[Ref 5992DB11] Duplicate stacktrace, see ref for original
EvolvedOrgansRedux : AddDefsForEachModdedRace
Problematic race: HL_Destroyer_Void_Dragon
Error: System.NullReferenceException: Object reference not set to an instance of an object
[Ref 5992DB11] Duplicate stacktrace, see ref for original
EvolvedOrgansRedux : AddDefsForEachModdedRace
Problematic race: HL_Eater_Void_Dragon
Error: System.NullReferenceException: Object reference not set to an instance of an object
[Ref 5992DB11] Duplicate stacktrace, see ref for original
EvolvedOrgansRedux : AddDefsForEachModdedRace
Problematic race: HL_Harbinger_Void_Dragon
Error: System.NullReferenceException: Object reference not set to an instance of an object
[Ref 5992DB11] Duplicate stacktrace, see ref for original
EvolvedOrgansRedux : AddDefsForEachModdedRace
Problematic race: HL_Rurelion_Zol_Dragon
Error: System.NullReferenceException: Object reference not set to an instance of an object
[Ref 5992DB11] Duplicate stacktrace, see ref for original
EvolvedOrgansRedux : AddDefsForEachModdedRace
Problematic race: HL_AM_Dryad_Ocular
Error: System.NullReferenceException: Object reference not set to an instance of an object
[Ref 5992DB11] Duplicate stacktrace, see ref for original
EvolvedOrgansRedux : AddDefsForEachModdedRace
Problematic race: HL_AM_Dryad_Spitter
Error: System.NullReferenceException: Object reference not set to an instance of an object
[Ref 5992DB11] Duplicate stacktrace, see ref for original
EvolvedOrgansRedux : AddDefsForEachModdedRace
Problematic race: HL_AM_Dryad_Corruptor
Error: System.NullReferenceException: Object reference not set to an instance of an object
[Ref 5992DB11] Duplicate stacktrace, see ref for original
EvolvedOrgansRedux : AddDefsForEachModdedRace
Problematic race: HL_AM_Dryad_Unstable
Error: System.NullReferenceException: Object reference not set to an instance of an object
[Ref 5992DB11] Duplicate stacktrace, see ref for original
EvolvedOrgansRedux : AddDefsForEachModdedRace
Problematic race: HL_AM_Dryad_Tumorous
Error: System.NullReferenceException: Object reference not set to an instance of an object
[Ref 5992DB11] Duplicate stacktrace, see ref for original
EvolvedOrgansRedux : AddDefsForEachModdedRace
Problematic race: HL_AM_UnshackledDryad
Error: System.NullReferenceException: Object reference not set to an instance of an object
[Ref 5992DB11] Duplicate stacktrace, see ref for original
EvolvedOrgansRedux : AddDefsForEachModdedRace
Problematic race: HL_BI_Queen
Error: System.NullReferenceException: Object reference not set to an instance of an object
[Ref 5992DB11] Duplicate stacktrace, see ref for original
EvolvedOrgansRedux : AddDefsForEachModdedRace
Problematic race: HL_ROM_ChthonianLarva
Error: System.NullReferenceException: Object reference not set to an instance of an object
[Ref 5992DB11] Duplicate stacktrace, see ref for original
EvolvedOrgansRedux : AddDefsForEachModdedRace
Problematic race: HL_ROM_DarkYoung
Error: System.NullReferenceException: Object reference not set to an instance of an object
[Ref 5992DB11] Duplicate stacktrace, see ref for original
EvolvedOrgansRedux : AddDefsForEachModdedRace
Problematic race: HL_UV_GoldenCanary
Error: System.NullReferenceException: Object reference not set to an instance of an object
[Ref 5992DB11] Duplicate stacktrace, see ref for original
EvolvedOrgansRedux : AddDefsForEachModdedRace
Problematic race: HL_Black_Dragon
Error: System.NullReferenceException: Object reference not set to an instance of an object
[Ref 5992DB11] Duplicate stacktrace, see ref for original
EvolvedOrgansRedux : AddDefsForEachModdedRace
Problematic race: HL_Blue_Dragon
Error: System.NullReferenceException: Object reference not set to an instance of an object
[Ref 5992DB11] Duplicate stacktrace, see ref for original
EvolvedOrgansRedux : AddDefsForEachModdedRace
Problematic race: HL_Green_Dragon
Error: System.NullReferenceException: Object reference not set to an instance of an object
[Ref 5992DB11] Duplicate stacktrace, see ref for original
EvolvedOrgansRedux : AddDefsForEachModdedRace
Problematic race: HL_Purple_Dragon
Error: System.NullReferenceException: Object reference not set to an instance of an object
[Ref 5992DB11] Duplicate stacktrace, see ref for original
EvolvedOrgansRedux : AddDefsForEachModdedRace
Problematic race: HL_Red_Dragon
Error: System.NullReferenceException: Object reference not set to an instance of an object
[Ref 5992DB11] Duplicate stacktrace, see ref for original
EvolvedOrgansRedux : AddDefsForEachModdedRace
Problematic race: HL_White_Dragon
Error: System.NullReferenceException: Object reference not set to an instance of an object
[Ref 5992DB11] Duplicate stacktrace, see ref for original
EvolvedOrgansRedux : AddDefsForEachModdedRace
Problematic race: HL_Yellow_Dragon
Error: System.NullReferenceException: Object reference not set to an instance of an object
[Ref 5992DB11] Duplicate stacktrace, see ref for original
EvolvedOrgansRedux : AddDefsForEachModdedRace
Problematic race: HL_DD_Drake
Error: System.NullReferenceException: Object reference not set to an instance of an object
[Ref 5992DB11] Duplicate stacktrace, see ref for original
EvolvedOrgansRedux : AddDefsForEachModdedRace
Problematic race: HL_Gold_Dragon
Error: System.NullReferenceException: Object reference not set to an instance of an object
[Ref 5992DB11] Duplicate stacktrace, see ref for original
EvolvedOrgansRedux : AddDefsForEachModdedRace
Problematic race: HL_Silver_Dragon
Error: System.NullReferenceException: Object reference not set to an instance of an object
[Ref 5992DB11] Duplicate stacktrace, see ref for original
EvolvedOrgansRedux : AddDefsForEachModdedRace
Problematic race: HL_Jade_Dragon
Error: System.NullReferenceException: Object reference not set to an instance of an object
[Ref 5992DB11] Duplicate stacktrace, see ref for original
EvolvedOrgansRedux : AddDefsForEachModdedRace
Problematic race: HL_True_Dragon
Error: System.NullReferenceException: Object reference not set to an instance of an object
[Ref 5992DB11] Duplicate stacktrace, see ref for original
EvolvedOrgansRedux : AddDefsForEachModdedRace
Problematic race: HL_Talbuk
Error: System.NullReferenceException: Object reference not set to an instance of an object
[Ref 5992DB11] Duplicate stacktrace, see ref for original
EvolvedOrgansRedux : AddDefsForEachModdedRace
Problematic race: HL_Garry_Stitch
Error: System.NullReferenceException: Object reference not set to an instance of an object
[Ref 5992DB11] Duplicate stacktrace, see ref for original
EvolvedOrgansRedux : AddDefsForEachModdedRace
Problematic race: HL_dvd_AnimalFrayhound
Error: System.NullReferenceException: Object reference not set to an instance of an object
[Ref 5992DB11] Duplicate stacktrace, see ref for original
EvolvedOrgansRedux : AddDefsForEachModdedRace
Problematic race: HL_DE_Burrower
Error: System.NullReferenceException: Object reference not set to an instance of an object
[Ref 5992DB11] Duplicate stacktrace, see ref for original
EvolvedOrgansRedux : AddDefsForEachModdedRace
Problematic race: HL_DE_MikisMetalonEfialtis
Error: System.NullReferenceException: Object reference not set to an instance of an object
[Ref 5992DB11] Duplicate stacktrace, see ref for original
EvolvedOrgansRedux : AddDefsForEachModdedRace
Problematic race: HL_MA_Aminox
Error: System.NullReferenceException: Object reference not set to an instance of an object
[Ref 5992DB11] Duplicate stacktrace, see ref for original
EvolvedOrgansRedux : AddDefsForEachModdedRace
Problematic race: HL_MA_Capryak
Error: System.NullReferenceException: Object reference not set to an instance of an object
[Ref 5992DB11] Duplicate stacktrace, see ref for original
EvolvedOrgansRedux : AddDefsForEachModdedRace
Problematic race: HL_MA_Deermoss
Error: System.NullReferenceException: Object reference not set to an instance of an object
[Ref 5992DB11] Duplicate stacktrace, see ref for original
EvolvedOrgansRedux : AddDefsForEachModdedRace
Problematic race: HL_MA_Direhorse
Error: System.NullReferenceException: Object reference not set to an instance of an object
[Ref 5992DB11] Duplicate stacktrace, see ref for original
EvolvedOrgansRedux : AddDefsForEachModdedRace
Problematic race: HL_MA_Dunbear
Error: System.NullReferenceException: Object reference not set to an instance of an object
[Ref 5992DB11] Duplicate stacktrace, see ref for original
EvolvedOrgansRedux : AddDefsForEachModdedRace
Problematic race: HL_MA_Duskhorn
Error: System.NullReferenceException: Object reference not set to an instance of an object
[Ref 5992DB11] Duplicate stacktrace, see ref for original
EvolvedOrgansRedux : AddDefsForEachModdedRace
Problematic race: HL_MA_Furpotamus
Error: System.NullReferenceException: Object reference not set to an instance of an object
[Ref 5992DB11] Duplicate stacktrace, see ref for original
EvolvedOrgansRedux : AddDefsForEachModdedRace
Problematic race: HL_MA_Gnaut
Error: System.NullReferenceException: Object reference not set to an instance of an object
[Ref 5992DB11] Duplicate stacktrace, see ref for original
EvolvedOrgansRedux : AddDefsForEachModdedRace
Problematic race: HL_MA_Harpeagle
Error: System.NullReferenceException: Object reference not set to an instance of an object
[Ref 5992DB11] Duplicate stacktrace, see ref for original
EvolvedOrgansRedux : AddDefsForEachModdedRace
Problematic race: HL_MA_Hellboar
Error: System.NullReferenceException: Object reference not set to an instance of an object
[Ref 5992DB11] Duplicate stacktrace, see ref for original
EvolvedOrgansRedux : AddDefsForEachModdedRace
Problematic race: HL_MA_Manehound
Error: System.NullReferenceException: Object reference not set to an instance of an object
[Ref 5992DB11] Duplicate stacktrace, see ref for original
EvolvedOrgansRedux : AddDefsForEachModdedRace
Problematic race: HL_MA_Narkospider
Error: System.NullReferenceException: Object reference not set to an instance of an object
[Ref 5992DB11] Duplicate stacktrace, see ref for original
EvolvedOrgansRedux : AddDefsForEachModdedRace
Problematic race: HL_MA_Plastemmoth
Error: System.NullReferenceException: Object reference not set to an instance of an object
[Ref 5992DB11] Duplicate stacktrace, see ref for original
EvolvedOrgansRedux : AddDefsForEachModdedRace
Problematic race: HL_MA_PlastemmothAlpha
Error: System.NullReferenceException: Object reference not set to an instance of an object
[Ref 5992DB11] Duplicate stacktrace, see ref for original
EvolvedOrgansRedux : AddDefsForEachModdedRace
Problematic race: HL_MA_Raptorkhan
Error: System.NullReferenceException: Object reference not set to an instance of an object
[Ref 5992DB11] Duplicate stacktrace, see ref for original
EvolvedOrgansRedux : AddDefsForEachModdedRace
Problematic race: HL_MA_Scarodon
Error: System.NullReferenceException: Object reference not set to an instance of an object
[Ref 5992DB11] Duplicate stacktrace, see ref for original
EvolvedOrgansRedux : AddDefsForEachModdedRace
Problematic race: HL_MA_Simbakub
Error: System.NullReferenceException: Object reference not set to an instance of an object
[Ref 5992DB11] Duplicate stacktrace, see ref for original
EvolvedOrgansRedux : AddDefsForEachModdedRace
Problematic race: HL_MA_SimbakubAlpha
Error: System.NullReferenceException: Object reference not set to an instance of an object
[Ref 5992DB11] Duplicate stacktrace, see ref for original
EvolvedOrgansRedux : AddDefsForEachModdedRace
Problematic race: HL_MA_Sivatherium
Error: System.NullReferenceException: Object reference not set to an instance of an object
[Ref 5992DB11] Duplicate stacktrace, see ref for original
EvolvedOrgansRedux : AddDefsForEachModdedRace
Problematic race: HL_MA_Sporemole
Error: System.NullReferenceException: Object reference not set to an instance of an object
[Ref 5992DB11] Duplicate stacktrace, see ref for original
EvolvedOrgansRedux : AddDefsForEachModdedRace
Problematic race: HL_MA_Worhin
Error: System.NullReferenceException: Object reference not set to an instance of an object
[Ref 5992DB11] Duplicate stacktrace, see ref for original
EvolvedOrgansRedux : AddDefsForEachModdedRace
Problematic race: HL_Archocat
Error: System.NullReferenceException: Object reference not set to an instance of an object
[Ref 5992DB11] Duplicate stacktrace, see ref for original
EvolvedOrgansRedux : AddDefsForEachModdedRace
Problematic race: HL_Archomutt
Error: System.NullReferenceException: Object reference not set to an instance of an object
[Ref 5992DB11] Duplicate stacktrace, see ref for original
EvolvedOrgansRedux : AddDefsForEachModdedRace
Problematic race: HL_Archojerboa
Error: System.NullReferenceException: Object reference not set to an instance of an object
[Ref 5992DB11] Duplicate stacktrace, see ref for original
EvolvedOrgansRedux : AddDefsForEachModdedRace
Problematic race: HL_Archoffalo
Error: System.NullReferenceException: Object reference not set to an instance of an object
[Ref 5992DB11] Duplicate stacktrace, see ref for original
EvolvedOrgansRedux : AddDefsForEachModdedRace
Problematic race: HL_Archolope
Error: System.NullReferenceException: Object reference not set to an instance of an object
[Ref 5992DB11] Duplicate stacktrace, see ref for original
EvolvedOrgansRedux : AddDefsForEachModdedRace
Problematic race: HL_Archothrumbo
Error: System.NullReferenceException: Object reference not set to an instance of an object
[Ref 5992DB11] Duplicate stacktrace, see ref for original
EvolvedOrgansRedux : AddDefsForEachModdedRace
Problematic race: HL_Archotortoise
Error: System.NullReferenceException: Object reference not set to an instance of an object
[Ref 5992DB11] Duplicate stacktrace, see ref for original
EvolvedOrgansRedux : AddDefsForEachModdedRace
Problematic race: HL_Archopanda
Error: System.NullReferenceException: Object reference not set to an instance of an object
[Ref 5992DB11] Duplicate stacktrace, see ref for original
EvolvedOrgansRedux : AddDefsForEachModdedRace
Problematic race: HL_Archostrich
Error: System.NullReferenceException: Object reference not set to an instance of an object
[Ref 5992DB11] Duplicate stacktrace, see ref for original
EvolvedOrgansRedux : AddDefsForEachModdedRace
Problematic race: HL_Archospider
Error: System.NullReferenceException: Object reference not set to an instance of an object
[Ref 5992DB11] Duplicate stacktrace, see ref for original
EvolvedOrgansRedux : AddDefsForEachModdedRace
Problematic race: HL_Astromite
Error: System.NullReferenceException: Object reference not set to an instance of an object
[Ref 5992DB11] Duplicate stacktrace, see ref for original
EvolvedOrgansRedux : AddDefsForEachModdedRace
Problematic race: HL_Stellapede
Error: System.NullReferenceException: Object reference not set to an instance of an object
[Ref 5992DB11] Duplicate stacktrace, see ref for original
EvolvedOrgansRedux : AddDefsForEachModdedRace
Problematic race: HL_Cosmopillar
Error: System.NullReferenceException: Object reference not set to an instance of an object
[Ref 5992DB11] Duplicate stacktrace, see ref for original
EvolvedOrgansRedux : AddDefsForEachModdedRace
Problematic race: HL_SithSorcery_Terentatek_Pawn
Error: System.NullReferenceException: Object reference not set to an instance of an object
[Ref 5992DB11] Duplicate stacktrace, see ref for original
EvolvedOrgansRedux : AddDefsForEachModdedRace
Problematic race: HL_SC_Rockbull
Error: System.NullReferenceException: Object reference not set to an instance of an object
[Ref 5992DB11] Duplicate stacktrace, see ref for original
EvolvedOrgansRedux : AddDefsForEachModdedRace
Problematic race: HL_SC_RockbullAlbino
Error: System.NullReferenceException: Object reference not set to an instance of an object
[Ref 5992DB11] Duplicate stacktrace, see ref for original
EvolvedOrgansRedux : AddDefsForEachModdedRace
Problematic race: HL_SC_Creamgrub
Error: System.NullReferenceException: Object reference not set to an instance of an object
[Ref 5992DB11] Duplicate stacktrace, see ref for original
EvolvedOrgansRedux : AddDefsForEachModdedRace
Problematic race: HL_SC_Insect_Moleroach
Error: System.NullReferenceException: Object reference not set to an instance of an object
[Ref 5992DB11] Duplicate stacktrace, see ref for original
EvolvedOrgansRedux : AddDefsForEachModdedRace
Problematic race: HL_SC_Insect_MoleroachBlue
Error: System.NullReferenceException: Object reference not set to an instance of an object
[Ref 5992DB11] Duplicate stacktrace, see ref for original
EvolvedOrgansRedux : AddDefsForEachModdedRace
Problematic race: HL_AEXP_Coyote
Error: System.NullReferenceException: Object reference not set to an instance of an object
[Ref 5992DB11] Duplicate stacktrace, see ref for original
EvolvedOrgansRedux : AddDefsForEachModdedRace
Problematic race: HL_AEXP_Giraffe
Error: System.NullReferenceException: Object reference not set to an instance of an object
[Ref 5992DB11] Duplicate stacktrace, see ref for original
EvolvedOrgansRedux : AddDefsForEachModdedRace
Problematic race: HL_AEXP_Zebra
Error: System.NullReferenceException: Object reference not set to an instance of an object
[Ref 5992DB11] Duplicate stacktrace, see ref for original
EvolvedOrgansRedux : AddDefsForEachModdedRace
Problematic race: HL_AEXP_Wildebeest
Error: System.NullReferenceException: Object reference not set to an instance of an object
[Ref 5992DB11] Duplicate stacktrace, see ref for original
EvolvedOrgansRedux : AddDefsForEachModdedRace
Problematic race: HL_AEXP_Crocodile
Error: System.NullReferenceException: Object reference not set to an instance of an object
[Ref 5992DB11] Duplicate stacktrace, see ref for original
EvolvedOrgansRedux : AddDefsForEachModdedRace
Problematic race: HL_AEXP_Cheetah
Error: System.NullReferenceException: Object reference not set to an instance of an object
[Ref 5992DB11] Duplicate stacktrace, see ref for original
EvolvedOrgansRedux : AddDefsForEachModdedRace
Problematic race: HL_AEXP_Boombat
Error: System.NullReferenceException: Object reference not set to an instance of an object
[Ref 5992DB11] Duplicate stacktrace, see ref for original
EvolvedOrgansRedux : AddDefsForEachModdedRace
Problematic race: HL_AEXP_Koala
Error: System.NullReferenceException: Object reference not set to an instance of an object
[Ref 5992DB11] Duplicate stacktrace, see ref for original
EvolvedOrgansRedux : AddDefsForEachModdedRace
Problematic race: HL_AEXP_Platypus
Error: System.NullReferenceException: Object reference not set to an instance of an object
[Ref 5992DB11] Duplicate stacktrace, see ref for original
EvolvedOrgansRedux : AddDefsForEachModdedRace
Problematic race: HL_AEXP_ArcticCoyote
Error: System.NullReferenceException: Object reference not set to an instance of an object
[Ref 5992DB11] Duplicate stacktrace, see ref for original
EvolvedOrgansRedux : AddDefsForEachModdedRace
Problematic race: HL_AEXP_BlackBear
Error: System.NullReferenceException: Object reference not set to an instance of an object
[Ref 5992DB11] Duplicate stacktrace, see ref for original
EvolvedOrgansRedux : AddDefsForEachModdedRace
Problematic race: HL_AEXP_CatAbyssinian
Error: System.NullReferenceException: Object reference not set to an instance of an object
[Ref 5992DB11] Duplicate stacktrace, see ref for original
EvolvedOrgansRedux : AddDefsForEachModdedRace
Problematic race: HL_AEXP_CatBengal
Error: System.NullReferenceException: Object reference not set to an instance of an object
[Ref 5992DB11] Duplicate stacktrace, see ref for original
EvolvedOrgansRedux : AddDefsForEachModdedRace
Problematic race: HL_AEXP_CatBritishShorthair
Error: System.NullReferenceException: Object reference not set to an instance of an object
[Ref 5992DB11] Duplicate stacktrace, see ref for original
EvolvedOrgansRedux : AddDefsForEachModdedRace
Problematic race: HL_AEXP_CatMaineCoon
Error: System.NullReferenceException: Object reference not set to an instance of an object
[Ref 5992DB11] Duplicate stacktrace, see ref for original
EvolvedOrgansRedux : AddDefsForEachModdedRace
Problematic race: HL_AEXP_CatMunchkin
Error: System.NullReferenceException: Object reference not set to an instance of an object
[Ref 5992DB11] Duplicate stacktrace, see ref for original
EvolvedOrgansRedux : AddDefsForEachModdedRace
Problematic race: HL_AEXP_CatNorwegianForest
Error: System.NullReferenceException: Object reference not set to an instance of an object
[Ref 5992DB11] Duplicate stacktrace, see ref for original
EvolvedOrgansRedux : AddDefsForEachModdedRace
Problematic race: HL_AEXP_CatPersian
Error: System.NullReferenceException: Object reference not set to an instance of an object
[Ref 5992DB11] Duplicate stacktrace, see ref for original
EvolvedOrgansRedux : AddDefsForEachModdedRace
Problematic race: HL_AEXP_CatSiamese
Error: System.NullReferenceException: Object reference not set to an instance of an object
[Ref 5992DB11] Duplicate stacktrace, see ref for original
EvolvedOrgansRedux : AddDefsForEachModdedRace
Problematic race: HL_AEXP_CatSomali
Error: System.NullReferenceException: Object reference not set to an instance of an object
[Ref 5992DB11] Duplicate stacktrace, see ref for original
EvolvedOrgansRedux : AddDefsForEachModdedRace
Problematic race: HL_AEXP_CatSphynx
Error: System.NullReferenceException: Object reference not set to an instance of an object
[Ref 5992DB11] Duplicate stacktrace, see ref for original
EvolvedOrgansRedux : AddDefsForEachModdedRace
Problematic race: HL_AEXP_Hyena
Error: System.NullReferenceException: Object reference not set to an instance of an object
[Ref 5992DB11] Duplicate stacktrace, see ref for original
EvolvedOrgansRedux : AddDefsForEachModdedRace
Problematic race: HL_AEXP_DesertTortoise
Error: System.NullReferenceException: Object reference not set to an instance of an object
[Ref 5992DB11] Duplicate stacktrace, see ref for original
EvolvedOrgansRedux : AddDefsForEachModdedRace
Problematic race: HL_AEXP_Lion
Error: System.NullReferenceException: Object reference not set to an instance of an object
[Ref 5992DB11] Duplicate stacktrace, see ref for original
EvolvedOrgansRedux : AddDefsForEachModdedRace
Problematic race: HL_AEXP_GilaMonster
Error: System.NullReferenceException: Object reference not set to an instance of an object
[Ref 5992DB11] Duplicate stacktrace, see ref for original
EvolvedOrgansRedux : AddDefsForEachModdedRace
Problematic race: HL_AEXP_Beagle
Error: System.NullReferenceException: Object reference not set to an instance of an object
[Ref 5992DB11] Duplicate stacktrace, see ref for original
EvolvedOrgansRedux : AddDefsForEachModdedRace
Problematic race: HL_AEXP_Chihuahua
Error: System.NullReferenceException: Object reference not set to an instance of an object
[Ref 5992DB11] Duplicate stacktrace, see ref for original
EvolvedOrgansRedux : AddDefsForEachModdedRace
Problematic race: HL_AEXP_Corgi
Error: System.NullReferenceException: Object reference not set to an instance of an object
[Ref 5992DB11] Duplicate stacktrace, see ref for original
EvolvedOrgansRedux : AddDefsForEachModdedRace
Problematic race: HL_AEXP_FrenchBulldog
Error: System.NullReferenceException: Object reference not set to an instance of an object
[Ref 5992DB11] Duplicate stacktrace, see ref for original
EvolvedOrgansRedux : AddDefsForEachModdedRace
Problematic race: HL_AEXP_GermanShepherd
Error: System.NullReferenceException: Object reference not set to an instance of an object
[Ref 5992DB11] Duplicate stacktrace, see ref for original
EvolvedOrgansRedux : AddDefsForEachModdedRace
Problematic race: HL_AEXP_GreatDane
Error: System.NullReferenceException: Object reference not set to an instance of an object
[Ref 5992DB11] Duplicate stacktrace, see ref for original
EvolvedOrgansRedux : AddDefsForEachModdedRace
Problematic race: HL_AEXP_Poodle
Error: System.NullReferenceException: Object reference not set to an instance of an object
[Ref 5992DB11] Duplicate stacktrace, see ref for original
EvolvedOrgansRedux : AddDefsForEachModdedRace
Problematic race: HL_AEXP_Pug
Error: System.NullReferenceException: Object reference not set to an instance of an object
[Ref 5992DB11] Duplicate stacktrace, see ref for original
EvolvedOrgansRedux : AddDefsForEachModdedRace
Problematic race: HL_AEXP_Rottweiler
Error: System.NullReferenceException: Object reference not set to an instance of an object
[Ref 5992DB11] Duplicate stacktrace, see ref for original
EvolvedOrgansRedux : AddDefsForEachModdedRace
Problematic race: HL_AEXP_Shih-Tzu
Error: System.NullReferenceException: Object reference not set to an instance of an object
[Ref 5992DB11] Duplicate stacktrace, see ref for original
EvolvedOrgansRedux : AddDefsForEachModdedRace
Problematic race: HL_AEXP_WelshTerrier
Error: System.NullReferenceException: Object reference not set to an instance of an object
[Ref 5992DB11] Duplicate stacktrace, see ref for original
EvolvedOrgansRedux : AddDefsForEachModdedRace
Problematic race: HL_AEXP_Camel
Error: System.NullReferenceException: Object reference not set to an instance of an object
[Ref 5992DB11] Duplicate stacktrace, see ref for original
EvolvedOrgansRedux : AddDefsForEachModdedRace
Problematic race: HL_AEXP_Rattlesnake
Error: System.NullReferenceException: Object reference not set to an instance of an object
[Ref 5992DB11] Duplicate stacktrace, see ref for original
EvolvedOrgansRedux : AddDefsForEachModdedRace
Problematic race: HL_AEXP_Megascorpion
Error: System.NullReferenceException: Object reference not set to an instance of an object
[Ref 5992DB11] Duplicate stacktrace, see ref for original
EvolvedOrgansRedux : AddDefsForEachModdedRace
Problematic race: HL_AEXP_RedPanda
Error: System.NullReferenceException: Object reference not set to an instance of an object
[Ref 5992DB11] Duplicate stacktrace, see ref for original
EvolvedOrgansRedux : AddDefsForEachModdedRace
Problematic race: HL_AEXP_WildGoose
Error: System.NullReferenceException: Object reference not set to an instance of an object
[Ref 5992DB11] Duplicate stacktrace, see ref for original
EvolvedOrgansRedux : AddDefsForEachModdedRace
Problematic race: HL_AEXP_Beaver
Error: System.NullReferenceException: Object reference not set to an instance of an object
[Ref 5992DB11] Duplicate stacktrace, see ref for original
EvolvedOrgansRedux : AddDefsForEachModdedRace
Problematic race: HL_AEXP_Hedgehog
Error: System.NullReferenceException: Object reference not set to an instance of an object
[Ref 5992DB11] Duplicate stacktrace, see ref for original
EvolvedOrgansRedux : AddDefsForEachModdedRace
Problematic race: HL_AEXP_Jaguar
Error: System.NullReferenceException: Object reference not set to an instance of an object
[Ref 5992DB11] Duplicate stacktrace, see ref for original
EvolvedOrgansRedux : AddDefsForEachModdedRace
Problematic race: HL_AEXP_Tapir
Error: System.NullReferenceException: Object reference not set to an instance of an object
[Ref 5992DB11] Duplicate stacktrace, see ref for original
EvolvedOrgansRedux : AddDefsForEachModdedRace
Problematic race: HL_AEXP_Anaconda
Error: System.NullReferenceException: Object reference not set to an instance of an object
[Ref 5992DB11] Duplicate stacktrace, see ref for original
EvolvedOrgansRedux : AddDefsForEachModdedRace
Problematic race: HL_AEXP_IndianElephant
Error: System.NullReferenceException: Object reference not set to an instance of an object
[Ref 5992DB11] Duplicate stacktrace, see ref for original
EvolvedOrgansRedux : AddDefsForEachModdedRace
Problematic race: HL_AEXP_MegaWolverine
Error: System.NullReferenceException: Object reference not set to an instance of an object
[Ref 5992DB11] Duplicate stacktrace, see ref for original
EvolvedOrgansRedux : AddDefsForEachModdedRace
Problematic race: HL_VCE_Megareindeer
Error: System.NullReferenceException: Object reference not set to an instance of an object
[Ref 5992DB11] Duplicate stacktrace, see ref for original
EvolvedOrgansRedux : AddDefsForEachModdedRace
Problematic race: HL_VFEI2_Acidspitter
Error: System.NullReferenceException: Object reference not set to an instance of an object
[Ref 5992DB11] Duplicate stacktrace, see ref for original
EvolvedOrgansRedux : AddDefsForEachModdedRace
Problematic race: HL_VFEI2_Boomtick
Error: System.NullReferenceException: Object reference not set to an instance of an object
[Ref 5992DB11] Duplicate stacktrace, see ref for original
EvolvedOrgansRedux : AddDefsForEachModdedRace
Problematic race: HL_VFEI2_Durapod
Error: System.NullReferenceException: Object reference not set to an instance of an object
[Ref 5992DB11] Duplicate stacktrace, see ref for original
EvolvedOrgansRedux : AddDefsForEachModdedRace
Problematic race: HL_VFEI2_Empress
Error: System.NullReferenceException: Object reference not set to an instance of an object
[Ref 5992DB11] Duplicate stacktrace, see ref for original
EvolvedOrgansRedux : AddDefsForEachModdedRace
Problematic race: HL_VFEI2_Fuelmite
Error: System.NullReferenceException: Object reference not set to an instance of an object
[Ref 5992DB11] Duplicate stacktrace, see ref for original
EvolvedOrgansRedux : AddDefsForEachModdedRace
Problematic race: HL_VFEI2_Gigalocust
Error: System.NullReferenceException: Object reference not set to an instance of an object
[Ref 5992DB11] Duplicate stacktrace, see ref for original
EvolvedOrgansRedux : AddDefsForEachModdedRace
Problematic race: HL_VFEI2_Gigamite
Error: System.NullReferenceException: Object reference not set to an instance of an object
[Ref 5992DB11] Duplicate stacktrace, see ref for original
EvolvedOrgansRedux : AddDefsForEachModdedRace
Problematic race: HL_VFEI2_Hellbeetle
Error: System.NullReferenceException: Object reference not set to an instance of an object
[Ref 5992DB11] Duplicate stacktrace, see ref for original
EvolvedOrgansRedux : AddDefsForEachModdedRace
Problematic race: HL_VFEI2_Ironclad
Error: System.NullReferenceException: Object reference not set to an instance of an object
[Ref 5992DB11] Duplicate stacktrace, see ref for original
EvolvedOrgansRedux : AddDefsForEachModdedRace
Problematic race: HL_VFEI2_Macrofly
Error: System.NullReferenceException: Object reference not set to an instance of an object
[Ref 5992DB11] Duplicate stacktrace, see ref for original
EvolvedOrgansRedux : AddDefsForEachModdedRace
Problematic race: HL_VFEI2_Megapede
Error: System.NullReferenceException: Object reference not set to an instance of an object
[Ref 5992DB11] Duplicate stacktrace, see ref for original
EvolvedOrgansRedux : AddDefsForEachModdedRace
Problematic race: HL_VFEI2_Megathrips
Error: System.NullReferenceException: Object reference not set to an instance of an object
[Ref 5992DB11] Duplicate stacktrace, see ref for original
EvolvedOrgansRedux : AddDefsForEachModdedRace
Problematic race: HL_VFEI2_Megawasp
Error: System.NullReferenceException: Object reference not set to an instance of an object
[Ref 5992DB11] Duplicate stacktrace, see ref for original
EvolvedOrgansRedux : AddDefsForEachModdedRace
Problematic race: HL_VFEI2_Patriarch
Error: System.NullReferenceException: Object reference not set to an instance of an object
[Ref 5992DB11] Duplicate stacktrace, see ref for original
EvolvedOrgansRedux : AddDefsForEachModdedRace
Problematic race: HL_VFEI2_Queen
Error: System.NullReferenceException: Object reference not set to an instance of an object
[Ref 5992DB11] Duplicate stacktrace, see ref for original
EvolvedOrgansRedux : AddDefsForEachModdedRace
Problematic race: HL_VFEI2_RoyalMegascarab
Error: System.NullReferenceException: Object reference not set to an instance of an object
[Ref 5992DB11] Duplicate stacktrace, see ref for original
EvolvedOrgansRedux : AddDefsForEachModdedRace
Problematic race: HL_VFEI2_RoyalMegaspider
Error: System.NullReferenceException: Object reference not set to an instance of an object
[Ref 5992DB11] Duplicate stacktrace, see ref for original
EvolvedOrgansRedux : AddDefsForEachModdedRace
Problematic race: HL_VFEI2_RoyalSpelopede
Error: System.NullReferenceException: Object reference not set to an instance of an object
[Ref 5992DB11] Duplicate stacktrace, see ref for original
EvolvedOrgansRedux : AddDefsForEachModdedRace
Problematic race: HL_VFEI2_Silverfish
Error: System.NullReferenceException: Object reference not set to an instance of an object
[Ref 5992DB11] Duplicate stacktrace, see ref for original
EvolvedOrgansRedux : AddDefsForEachModdedRace
Problematic race: HL_VFEI2_Swarmling
Error: System.NullReferenceException: Object reference not set to an instance of an object
[Ref 5992DB11] Duplicate stacktrace, see ref for original
EvolvedOrgansRedux : AddDefsForEachModdedRace
Problematic race: HL_VFEI2_Tankroach
Error: System.NullReferenceException: Object reference not set to an instance of an object
[Ref 5992DB11] Duplicate stacktrace, see ref for original
EvolvedOrgansRedux : AddDefsForEachModdedRace
Problematic race: HL_VFEI2_Teramantis
Error: System.NullReferenceException: Object reference not set to an instance of an object
[Ref 5992DB11] Duplicate stacktrace, see ref for original
EvolvedOrgansRedux : AddDefsForEachModdedRace
Problematic race: HL_VFEI2_Titantick
Error: System.NullReferenceException: Object reference not set to an instance of an object
[Ref 5992DB11] Duplicate stacktrace, see ref for original
EvolvedOrgansRedux : AddDefsForEachModdedRace
Problematic race: HL_VFEI2_Venomite
Error: System.NullReferenceException: Object reference not set to an instance of an object
[Ref 5992DB11] Duplicate stacktrace, see ref for original
EvolvedOrgansRedux : AddDefsForEachModdedRace
Problematic race: HL_VDE_AwakenedDryad_Carrier
Error: System.NullReferenceException: Object reference not set to an instance of an object
[Ref 5992DB11] Duplicate stacktrace, see ref for original
EvolvedOrgansRedux : AddDefsForEachModdedRace
Problematic race: HL_VDE_AwakenedDryad_Clawer
Error: System.NullReferenceException: Object reference not set to an instance of an object
[Ref 5992DB11] Duplicate stacktrace, see ref for original
EvolvedOrgansRedux : AddDefsForEachModdedRace
Problematic race: HL_VDE_AwakenedDryad_Barkskin
Error: System.NullReferenceException: Object reference not set to an instance of an object
[Ref 5992DB11] Duplicate stacktrace, see ref for original
EvolvedOrgansRedux : AddDefsForEachModdedRace
Problematic race: HL_VDE_AwakenedDryad_Woodmaker
Error: System.NullReferenceException: Object reference not set to an instance of an object
[Ref 5992DB11] Duplicate stacktrace, see ref for original
EvolvedOrgansRedux : AddDefsForEachModdedRace
Problematic race: HL_VDE_AwakenedDryad_Medicinemaker
Error: System.NullReferenceException: Object reference not set to an instance of an object
[Ref 5992DB11] Duplicate stacktrace, see ref for original
EvolvedOrgansRedux : AddDefsForEachModdedRace
Problematic race: HL_VDE_AwakenedDryad_Berrymaker
Error: System.NullReferenceException: Object reference not set to an instance of an object
[Ref 5992DB11] Duplicate stacktrace, see ref for original
EvolvedOrgansRedux : AddDefsForEachModdedRace
Problematic race: HL_VDE_AwakenedDryad_Stonedigger
Error: System.NullReferenceException: Object reference not set to an instance of an object
[Ref 5992DB11] Duplicate stacktrace, see ref for original
EvolvedOrgansRedux : AddDefsForEachModdedRace
Problematic race: HL_VDE_AwakenedDryad_Nectarmaker
Error: System.NullReferenceException: Object reference not set to an instance of an object
[Ref 5992DB11] Duplicate stacktrace, see ref for original
EvolvedOrgansRedux : AddDefsForEachModdedRace
Problematic race: HL_VDE_AwakenedDryad_Spitter
Error: System.NullReferenceException: Object reference not set to an instance of an object
[Ref 5992DB11] Duplicate stacktrace, see ref for original
EvolvedOrgansRedux : AddDefsForEachModdedRace
Problematic race: HL_VDE_AwakenedDryad_Gaubricmaker
Error: System.NullReferenceException: Object reference not set to an instance of an object
[Ref 5992DB11] Duplicate stacktrace, see ref for original
EvolvedOrgansRedux : AddDefsForEachModdedRace
Problematic race: HL_VDE_Dryad_Stonedigger
Error: System.NullReferenceException: Object reference not set to an instance of an object
[Ref 5992DB11] Duplicate stacktrace, see ref for original
EvolvedOrgansRedux : AddDefsForEachModdedRace
Problematic race: HL_VDE_Dryad_Spitter
Error: System.NullReferenceException: Object reference not set to an instance of an object
[Ref 5992DB11] Duplicate stacktrace, see ref for original
EvolvedOrgansRedux : AddDefsForEachModdedRace
Problematic race: HL_VDE_Dryad_Gaubricmaker
Error: System.NullReferenceException: Object reference not set to an instance of an object
[Ref 5992DB11] Duplicate stacktrace, see ref for original
EvolvedOrgansRedux : AddDefsForEachModdedRace
Problematic race: HL_VDE_Dryad_Nectarmaker
Error: System.NullReferenceException: Object reference not set to an instance of an object
[Ref 5992DB11] Duplicate stacktrace, see ref for original
EvolvedOrgansRedux : AddDefsForEachModdedRace
Problematic race: HL_VQE_IceCrawler
Error: System.NullReferenceException: Object reference not set to an instance of an object
[Ref 5992DB11] Duplicate stacktrace, see ref for original
EvolvedOrgansRedux : AddDefsForEachModdedRace
Problematic race: HL_VQE_Megamidge
Error: System.NullReferenceException: Object reference not set to an instance of an object
[Ref 5992DB11] Duplicate stacktrace, see ref for original
EvolvedOrgansRedux : AddDefsForEachModdedRace
Problematic race: HL_VRE_CompanionDryad
Error: System.NullReferenceException: Object reference not set to an instance of an object
[Ref 5992DB11] Duplicate stacktrace, see ref for original
EvolvedOrgansRedux : AddDefsForEachModdedRace
Problematic race: HL_TM_DemonR
Error: System.NullReferenceException: Object reference not set to an instance of an object
[Ref 5992DB11] Duplicate stacktrace, see ref for original
EvolvedOrgansRedux : AddDefsForEachModdedRace
Problematic race: HL_TM_LesserDemonR
Error: System.NullReferenceException: Object reference not set to an instance of an object
[Ref 5992DB11] Duplicate stacktrace, see ref for original
EvolvedOrgansRedux : AddDefsForEachModdedRace
Problematic race: HL_TM_Dire_WolfR
Error: System.NullReferenceException: Object reference not set to an instance of an object
[Ref 5992DB11] Duplicate stacktrace, see ref for original
EvolvedOrgansRedux : AddDefsForEachModdedRace
Problematic race: HL_TM_LesserEarth_ElementalR
Error: System.NullReferenceException: Object reference not set to an instance of an object
[Ref 5992DB11] Duplicate stacktrace, see ref for original
EvolvedOrgansRedux : AddDefsForEachModdedRace
Problematic race: HL_TM_Earth_ElementalR
Error: System.NullReferenceException: Object reference not set to an instance of an object
[Ref 5992DB11] Duplicate stacktrace, see ref for original
EvolvedOrgansRedux : AddDefsForEachModdedRace
Problematic race: HL_TM_GreaterEarth_ElementalR
Error: System.NullReferenceException: Object reference not set to an instance of an object
[Ref 5992DB11] Duplicate stacktrace, see ref for original
EvolvedOrgansRedux : AddDefsForEachModdedRace
Problematic race: HL_TM_LesserFire_ElementalR
Error: System.NullReferenceException: Object reference not set to an instance of an object
[Ref 5992DB11] Duplicate stacktrace, see ref for original
EvolvedOrgansRedux : AddDefsForEachModdedRace
Problematic race: HL_TM_Fire_ElementalR
Error: System.NullReferenceException: Object reference not set to an instance of an object
[Ref 5992DB11] Duplicate stacktrace, see ref for original
EvolvedOrgansRedux : AddDefsForEachModdedRace
Problematic race: HL_TM_GreaterFire_ElementalR
Error: System.NullReferenceException: Object reference not set to an instance of an object
[Ref 5992DB11] Duplicate stacktrace, see ref for original
EvolvedOrgansRedux : AddDefsForEachModdedRace
Problematic race: HL_TM_LesserWater_ElementalR
Error: System.NullReferenceException: Object reference not set to an instance of an object
[Ref 5992DB11] Duplicate stacktrace, see ref for original
EvolvedOrgansRedux : AddDefsForEachModdedRace
Problematic race: HL_TM_Water_ElementalR
Error: System.NullReferenceException: Object reference not set to an instance of an object
[Ref 5992DB11] Duplicate stacktrace, see ref for original
EvolvedOrgansRedux : AddDefsForEachModdedRace
Problematic race: HL_TM_GreaterWater_ElementalR
Error: System.NullReferenceException: Object reference not set to an instance of an object
[Ref 5992DB11] Duplicate stacktrace, see ref for original
EvolvedOrgansRedux : AddDefsForEachModdedRace
Problematic race: HL_TM_LesserWind_ElementalR
Error: System.NullReferenceException: Object reference not set to an instance of an object
[Ref 5992DB11] Duplicate stacktrace, see ref for original
EvolvedOrgansRedux : AddDefsForEachModdedRace
Problematic race: HL_TM_Wind_ElementalR
Error: System.NullReferenceException: Object reference not set to an instance of an object
[Ref 5992DB11] Duplicate stacktrace, see ref for original
EvolvedOrgansRedux : AddDefsForEachModdedRace
Problematic race: HL_TM_GreaterWind_ElementalR
Error: System.NullReferenceException: Object reference not set to an instance of an object
[Ref 5992DB11] Duplicate stacktrace, see ref for original
EvolvedOrgansRedux : AddDefsForEachModdedRace
Problematic race: HL_TM_MinionR
Error: System.NullReferenceException: Object reference not set to an instance of an object
[Ref 5992DB11] Duplicate stacktrace, see ref for original
EvolvedOrgansRedux : AddDefsForEachModdedRace
Problematic race: HL_TM_GreaterMinionR
Error: System.NullReferenceException: Object reference not set to an instance of an object
[Ref 5992DB11] Duplicate stacktrace, see ref for original
EvolvedOrgansRedux : AddDefsForEachModdedRace
Problematic race: HL_TM_Lesser_SentinelR
Error: System.NullReferenceException: Object reference not set to an instance of an object
[Ref 5992DB11] Duplicate stacktrace, see ref for original
EvolvedOrgansRedux : AddDefsForEachModdedRace
Problematic race: HL_TM_SentinelR
Error: System.NullReferenceException: Object reference not set to an instance of an object
[Ref 5992DB11] Duplicate stacktrace, see ref for original
EvolvedOrgansRedux : AddDefsForEachModdedRace
Problematic race: HL_TM_Greater_SentinelR
Error: System.NullReferenceException: Object reference not set to an instance of an object
[Ref 5992DB11] Duplicate stacktrace, see ref for original
EvolvedOrgansRedux : AddDefsForEachModdedRace
Problematic race: HL_TM_SkeletonLichR
Error: System.NullReferenceException: Object reference not set to an instance of an object
[Ref 5992DB11] Duplicate stacktrace, see ref for original
EvolvedOrgansRedux : AddDefsForEachModdedRace
Problematic race: HL_TM_GiantSkeletonR
Error: System.NullReferenceException: Object reference not set to an instance of an object
[Ref 5992DB11] Duplicate stacktrace, see ref for original
EvolvedOrgansRedux : AddDefsForEachModdedRace
Problematic race: HL_TM_SkeletonR
Error: System.NullReferenceException: Object reference not set to an instance of an object
[Ref 5992DB11] Duplicate stacktrace, see ref for original
EvolvedOrgansRedux : AddDefsForEachModdedRace
Problematic race: HL_TM_SpiritBearR
Error: System.NullReferenceException: Object reference not set to an instance of an object
[Ref 5992DB11] Duplicate stacktrace, see ref for original
EvolvedOrgansRedux : AddDefsForEachModdedRace
Problematic race: HL_TM_SpiritMongooseR
Error: System.NullReferenceException: Object reference not set to an instance of an object
[Ref 5992DB11] Duplicate stacktrace, see ref for original
EvolvedOrgansRedux : AddDefsForEachModdedRace
Problematic race: HL_TM_SpiritCrowR
Error: System.NullReferenceException: Object reference not set to an instance of an object
[Ref 5992DB11] Duplicate stacktrace, see ref for original
EvolvedOrgansRedux : AddDefsForEachModdedRace
Problematic race: HL_TM_SpiritWolfR
Error: System.NullReferenceException: Object reference not set to an instance of an object
[Ref 5992DB11] Duplicate stacktrace, see ref for original
EvolvedOrgansRedux : AddDefsForEachModdedRace
Problematic race: HL_BiomesIslands_Flamingo
Error: System.NullReferenceException: Object reference not set to an instance of an object
[Ref 5992DB11] Duplicate stacktrace, see ref for original
EvolvedOrgansRedux : AddDefsForEachModdedRace
Problematic race: HL_BMT_LandOctopus
Error: System.NullReferenceException: Object reference not set to an instance of an object
[Ref 5992DB11] Duplicate stacktrace, see ref for original
EvolvedOrgansRedux : AddDefsForEachModdedRace
Problematic race: HL_BMT_Maxolotl
Error: System.NullReferenceException: Object reference not set to an instance of an object
[Ref 5992DB11] Duplicate stacktrace, see ref for original
EvolvedOrgansRedux : AddDefsForEachModdedRace
Problematic race: HL_Animal_Doberman
Error: System.NullReferenceException: Object reference not set to an instance of an object
[Ref 5992DB11] Duplicate stacktrace, see ref for original
EvolvedOrgansRedux : AddDefsForEachModdedRace
Problematic race: HL_NightlingF
Error: System.NullReferenceException: Object reference not set to an instance of an object
[Ref 5992DB11] Duplicate stacktrace, see ref for original
EvolvedOrgansRedux : AddDefsForEachModdedRace
Problematic race: HL_BGM_Snailfalo
Error: System.NullReferenceException: Object reference not set to an instance of an object
[Ref 5992DB11] Duplicate stacktrace, see ref for original
EvolvedOrgansRedux : AddDefsForEachModdedRace
Problematic race: HL_Stagz_Dryad_Squid
Error: System.NullReferenceException: Object reference not set to an instance of an object
[Ref 5992DB11] Duplicate stacktrace, see ref for original
EvolvedOrgansRedux : AddDefsForEachModdedRace
Problematic race: HL_RB_Snugget
Error: System.NullReferenceException: Object reference not set to an instance of an object
[Ref 5992DB11] Duplicate stacktrace, see ref for original
EvolvedOrgansRedux : AddDefsForEachModdedRace
Problematic race: HL_Mashed_Ashlands_Shieldcrab
Error: System.NullReferenceException: Object reference not set to an instance of an object
[Ref 5992DB11] Duplicate stacktrace, see ref for original
EvolvedOrgansRedux : AddDefsForEachModdedRace
Problematic race: HL_Mashed_Ashlands_NetchGlowing
Error: System.NullReferenceException: Object reference not set to an instance of an object
[Ref 5992DB11] Duplicate stacktrace, see ref for original
EvolvedOrgansRedux : AddDefsForEachModdedRace
Problematic race: HL_Mashed_Ashlands_MudcrabGlowing
Error: System.NullReferenceException: Object reference not set to an instance of an object
[Ref 5992DB11] Duplicate stacktrace, see ref for original
EvolvedOrgansRedux : AddDefsForEachModdedRace
Problematic race: HL_Mashed_Ashlands_SandcrabGlowing
Error: System.NullReferenceException: Object reference not set to an instance of an object
[Ref 5992DB11] Duplicate stacktrace, see ref for original
EvolvedOrgansRedux : AddDefsForEachModdedRace
Problematic race: HL_Mashed_Ashlands_AshHopperGlowing
Error: System.NullReferenceException: Object reference not set to an instance of an object
[Ref 5992DB11] Duplicate stacktrace, see ref for original
EvolvedOrgansRedux : AddDefsForEachModdedRace
Problematic race: HL_Mashed_Ashlands_NixHoundGlowing
Error: System.NullReferenceException: Object reference not set to an instance of an object
[Ref 5992DB11] Duplicate stacktrace, see ref for original
EvolvedOrgansRedux : AddDefsForEachModdedRace
Problematic race: HL_Mashed_Ashlands_NixOxGlowing
Error: System.NullReferenceException: Object reference not set to an instance of an object
[Ref 5992DB11] Duplicate stacktrace, see ref for original
EvolvedOrgansRedux : AddDefsForEachModdedRace
Problematic race: HL_Mashed_Ashlands_NixSteedGlowing
Error: System.NullReferenceException: Object reference not set to an instance of an object
[Ref 5992DB11] Duplicate stacktrace, see ref for original
EvolvedOrgansRedux : AddDefsForEachModdedRace
Problematic race: HL_Mashed_Ashlands_ShalkGlowing
Error: System.NullReferenceException: Object reference not set to an instance of an object
[Ref 5992DB11] Duplicate stacktrace, see ref for original
EvolvedOrgansRedux : AddDefsForEachModdedRace
Problematic race: HL_Mashed_Ashlands_Toxbug
Error: System.NullReferenceException: Object reference not set to an instance of an object
[Ref 5992DB11] Duplicate stacktrace, see ref for original
EvolvedOrgansRedux : AddDefsForEachModdedRace
Problematic race: HL_Mashed_Ashlands_RachnoidGlowing
Error: System.NullReferenceException: Object reference not set to an instance of an object
[Ref 5992DB11] Duplicate stacktrace, see ref for original
EvolvedOrgansRedux : AddDefsForEachModdedRace
Problematic race: HL_Mashed_Ashlands_AshHopper
Error: System.NullReferenceException: Object reference not set to an instance of an object
[Ref 5992DB11] Duplicate stacktrace, see ref for original
EvolvedOrgansRedux : AddDefsForEachModdedRace
Problematic race: HL_Mashed_Ashlands_BantamGuar
Error: System.NullReferenceException: Object reference not set to an instance of an object
[Ref 5992DB11] Duplicate stacktrace, see ref for original
EvolvedOrgansRedux : AddDefsForEachModdedRace
Problematic race: HL_Mashed_Ashlands_SwampJelly
Error: System.NullReferenceException: Object reference not set to an instance of an object
[Ref 5992DB11] Duplicate stacktrace, see ref for original
EvolvedOrgansRedux : AddDefsForEachModdedRace
Problematic race: HL_Mashed_Ashlands_Mudcrab
Error: System.NullReferenceException: Object reference not set to an instance of an object
[Ref 5992DB11] Duplicate stacktrace, see ref for original
EvolvedOrgansRedux : AddDefsForEachModdedRace
Problematic race: HL_Mashed_Ashlands_SandcrabBlue
Error: System.NullReferenceException: Object reference not set to an instance of an object
[Ref 5992DB11] Duplicate stacktrace, see ref for original
EvolvedOrgansRedux : AddDefsForEachModdedRace
Problematic race: HL_Mashed_Ashlands_SandcrabOrange
Error: System.NullReferenceException: Object reference not set to an instance of an object
[Ref 5992DB11] Duplicate stacktrace, see ref for original
EvolvedOrgansRedux : AddDefsForEachModdedRace
Problematic race: HL_Mashed_Ashlands_Durzog
Error: System.NullReferenceException: Object reference not set to an instance of an object
[Ref 5992DB11] Duplicate stacktrace, see ref for original
EvolvedOrgansRedux : AddDefsForEachModdedRace
Problematic race: HL_Mashed_Ashlands_Guar
Error: System.NullReferenceException: Object reference not set to an instance of an object
[Ref 5992DB11] Duplicate stacktrace, see ref for original
EvolvedOrgansRedux : AddDefsForEachModdedRace
Problematic race: HL_Mashed_Ashlands_FetcherflySwarmAnimal
Error: System.NullReferenceException: Object reference not set to an instance of an object
[Ref 5992DB11] Duplicate stacktrace, see ref for original
EvolvedOrgansRedux : AddDefsForEachModdedRace
Problematic race: HL_Mashed_Ashlands_Kagouti
Error: System.NullReferenceException: Object reference not set to an instance of an object
[Ref 5992DB11] Duplicate stacktrace, see ref for original
EvolvedOrgansRedux : AddDefsForEachModdedRace
Problematic race: HL_Mashed_Ashlands_KwamaForager
Error: System.NullReferenceException: Object reference not set to an instance of an object
[Ref 5992DB11] Duplicate stacktrace, see ref for original
EvolvedOrgansRedux : AddDefsForEachModdedRace
Problematic race: HL_Mashed_Ashlands_KwamaScrib
Error: System.NullReferenceException: Object reference not set to an instance of an object
[Ref 5992DB11] Duplicate stacktrace, see ref for original
EvolvedOrgansRedux : AddDefsForEachModdedRace
Problematic race: HL_Mashed_Ashlands_KwamaWorker
Error: System.NullReferenceException: Object reference not set to an instance of an object
[Ref 5992DB11] Duplicate stacktrace, see ref for original
EvolvedOrgansRedux : AddDefsForEachModdedRace
Problematic race: HL_Mashed_Ashlands_Netch
Error: System.NullReferenceException: Object reference not set to an instance of an object
[Ref 5992DB11] Duplicate stacktrace, see ref for original
EvolvedOrgansRedux : AddDefsForEachModdedRace
Problematic race: HL_Mashed_Ashlands_NetchRetching
Error: System.NullReferenceException: Object reference not set to an instance of an object
[Ref 5992DB11] Duplicate stacktrace, see ref for original
EvolvedOrgansRedux : AddDefsForEachModdedRace
Problematic race: HL_Mashed_Ashlands_NixHound
Error: System.NullReferenceException: Object reference not set to an instance of an object
[Ref 5992DB11] Duplicate stacktrace, see ref for original
EvolvedOrgansRedux : AddDefsForEachModdedRace
Problematic race: HL_Mashed_Ashlands_NixOx
Error: System.NullReferenceException: Object reference not set to an instance of an object
[Ref 5992DB11] Duplicate stacktrace, see ref for original
EvolvedOrgansRedux : AddDefsForEachModdedRace
Problematic race: HL_Mashed_Ashlands_NixSteed
Error: System.NullReferenceException: Object reference not set to an instance of an object
[Ref 5992DB11] Duplicate stacktrace, see ref for original
EvolvedOrgansRedux : AddDefsForEachModdedRace
Problematic race: HL_Mashed_Ashlands_Pyrantula
Error: System.NullReferenceException: Object reference not set to an instance of an object
[Ref 5992DB11] Duplicate stacktrace, see ref for original
EvolvedOrgansRedux : AddDefsForEachModdedRace
Problematic race: HL_Mashed_Ashlands_Rachnoid
Error: System.NullReferenceException: Object reference not set to an instance of an object
[Ref 5992DB11] Duplicate stacktrace, see ref for original
EvolvedOrgansRedux : AddDefsForEachModdedRace
Problematic race: HL_Mashed_Ashlands_Alit
Error: System.NullReferenceException: Object reference not set to an instance of an object
[Ref 5992DB11] Duplicate stacktrace, see ref for original
EvolvedOrgansRedux : AddDefsForEachModdedRace
Problematic race: HL_Mashed_Ashlands_CliffRacer
Error: System.NullReferenceException: Object reference not set to an instance of an object
[Ref 5992DB11] Duplicate stacktrace, see ref for original
EvolvedOrgansRedux : AddDefsForEachModdedRace
Problematic race: HL_Mashed_Ashlands_Rotumbo
Error: System.NullReferenceException: Object reference not set to an instance of an object
[Ref 5992DB11] Duplicate stacktrace, see ref for original
EvolvedOrgansRedux : AddDefsForEachModdedRace
Problematic race: HL_Mashed_Ashlands_Scuttler
Error: System.NullReferenceException: Object reference not set to an instance of an object
[Ref 5992DB11] Duplicate stacktrace, see ref for original
EvolvedOrgansRedux : AddDefsForEachModdedRace
Problematic race: HL_Mashed_Ashlands_Wormmouth
Error: System.NullReferenceException: Object reference not set to an instance of an object
[Ref 5992DB11] Duplicate stacktrace, see ref for original
EvolvedOrgansRedux : AddDefsForEachModdedRace
Problematic race: HL_Mashed_Ashlands_Shalk
Error: System.NullReferenceException: Object reference not set to an instance of an object
[Ref 5992DB11] Duplicate stacktrace, see ref for original
EvolvedOrgansRedux : AddDefsForEachModdedRace
Problematic race: HL_Mashed_Ashlands_ShalkFungal
Error: System.NullReferenceException: Object reference not set to an instance of an object
[Ref 5992DB11] Duplicate stacktrace, see ref for original
EvolvedOrgansRedux : AddDefsForEachModdedRace
Problematic race: HL_Mashed_Ashlands_Firebug
Error: System.NullReferenceException: Object reference not set to an instance of an object
[Ref 5992DB11] Duplicate stacktrace, see ref for original
EvolvedOrgansRedux : AddDefsForEachModdedRace
Problematic race: HL_Mashed_Ashlands_Thunderbug
Error: System.NullReferenceException: Object reference not set to an instance of an object
[Ref 5992DB11] Duplicate stacktrace, see ref for original
EvolvedOrgansRedux : AddDefsForEachModdedRace
Problematic race: HL_Mashed_Ashlands_SiltStrider
Error: System.NullReferenceException: Object reference not set to an instance of an object
[Ref 5992DB11] Duplicate stacktrace, see ref for original
EvolvedOrgansRedux : AddDefsForEachModdedRace
Problematic race: HL_Mashed_Ashlands_Vvardvark
Error: System.NullReferenceException: Object reference not set to an instance of an object
[Ref 5992DB11] Duplicate stacktrace, see ref for original
EvolvedOrgansRedux : AddDefsForEachModdedRace
Problematic race: HL_Mashed_Ashlands_VvardvarkMossy
Error: System.NullReferenceException: Object reference not set to an instance of an object
[Ref 5992DB11] Duplicate stacktrace, see ref for original
EvolvedOrgansRedux : AddDefsForEachModdedRace
Problematic race: HL_EtherHellhound
Error: System.NullReferenceException: Object reference not set to an instance of an object
[Ref 5992DB11] Duplicate stacktrace, see ref for original
EvolvedOrgansRedux : AddDefsForEachModdedRace
Problematic race: HL_Chaoboar
Error: System.NullReferenceException: Object reference not set to an instance of an object
[Ref 5992DB11] Duplicate stacktrace, see ref for original
EvolvedOrgansRedux : AddDefsForEachModdedRace
Problematic race: HL_Chaoboom
Error: System.NullReferenceException: Object reference not set to an instance of an object
[Ref 5992DB11] Duplicate stacktrace, see ref for original
EvolvedOrgansRedux : AddDefsForEachModdedRace
Problematic race: HL_Chaocow
Error: System.NullReferenceException: Object reference not set to an instance of an object
[Ref 5992DB11] Duplicate stacktrace, see ref for original
EvolvedOrgansRedux : AddDefsForEachModdedRace
Problematic race: HL_Chaodino
Error: System.NullReferenceException: Object reference not set to an instance of an object
[Ref 5992DB11] Duplicate stacktrace, see ref for original
EvolvedOrgansRedux : AddDefsForEachModdedRace
Problematic race: HL_Chaofox
Error: System.NullReferenceException: Object reference not set to an instance of an object
[Ref 5992DB11] Duplicate stacktrace, see ref for original
EvolvedOrgansRedux : AddDefsForEachModdedRace
Problematic race: HL_ChaofusionRhino
Error: System.NullReferenceException: Object reference not set to an instance of an object
[Ref 5992DB11] Duplicate stacktrace, see ref for original
EvolvedOrgansRedux : AddDefsForEachModdedRace
Problematic race: HL_ChaomeldCow
Error: System.NullReferenceException: Object reference not set to an instance of an object
[Ref 5992DB11] Duplicate stacktrace, see ref for original
EvolvedOrgansRedux : AddDefsForEachModdedRace
Problematic race: HL_ChaomeldDog
Error: System.NullReferenceException: Object reference not set to an instance of an object
[Ref 5992DB11] Duplicate stacktrace, see ref for original
EvolvedOrgansRedux : AddDefsForEachModdedRace
Problematic race: HL_ChaomeldDragon
Error: System.NullReferenceException: Object reference not set to an instance of an object
[Ref 5992DB11] Duplicate stacktrace, see ref for original
EvolvedOrgansRedux : AddDefsForEachModdedRace
Problematic race: HL_PM_Chaothrumbo
Error: System.NullReferenceException: Object reference not set to an instance of an object
[Ref 5992DB11] Duplicate stacktrace, see ref for original
EvolvedOrgansRedux : AddDefsForEachModdedRace
Problematic race: HL_RG_Hemolope
Error: System.NullReferenceException: Object reference not set to an instance of an object
[Ref 5992DB11] Duplicate stacktrace, see ref for original
EvolvedOrgansRedux : AddDefsForEachModdedRace
Problematic race: HL_RG_Rabbit
Error: System.NullReferenceException: Object reference not set to an instance of an object
[Ref 5992DB11] Duplicate stacktrace, see ref for original
EvolvedOrgansRedux : AddDefsForEachModdedRace
Problematic race: HL_RG_WoollyStegosaurus
Error: System.NullReferenceException: Object reference not set to an instance of an object
[Ref 5992DB11] Duplicate stacktrace, see ref for original
EvolvedOrgansRedux : AddDefsForEachModdedRace
Problematic race: HL_RG_Neutrolope
Error: System.NullReferenceException: Object reference not set to an instance of an object
[Ref 5992DB11] Duplicate stacktrace, see ref for original
EvolvedOrgansRedux : AddDefsForEachModdedRace
Problematic race: HL_RG_Rimclaw
Error: System.NullReferenceException: Object reference not set to an instance of an object
[Ref 5992DB11] Duplicate stacktrace, see ref for original
EvolvedOrgansRedux : AddDefsForEachModdedRace
Problematic race: HL_RG_KiwiBird
Error: System.NullReferenceException: Object reference not set to an instance of an object
[Ref 5992DB11] Duplicate stacktrace, see ref for original
EvolvedOrgansRedux : AddDefsForEachModdedRace
Problematic race: HL_VPER_WarriorSpirit
Error: System.NullReferenceException: Object reference not set to an instance of an object
[Ref 5992DB11] Duplicate stacktrace, see ref for original
EvolvedOrgansRedux : AddDefsForEachModdedRace
Problematic race: HL_VPE_MontrSTNL
Error: System.NullReferenceException: Object reference not set to an instance of an object
[Ref CF57F13B]
  at Verse.ThingFilter.SetAllow (Verse.ThingDef thingDef, System.Boolean allow) [0x0002a] in <61e4173561894da49d210260257b5097>:0 
  at EvolvedOrgansRedux.AddEvorBodyPartsToModdedRaces.AddMeatToRecipesFromModdedRace (Verse.RaceProperties raceProperties) [0x00060] in <5b331944abda461496fd055dc82f6a1a>:0 
EvolvedOrgansRedux.AddEvorBodyPartsToModdedRaces..cctor()
EvolvedOrgansRedux : AddDefsForEachModdedRace
Problematic race: HL_BMT_BarbedPangolin
Error: System.NullReferenceException: Object reference not set to an instance of an object
[Ref 5992DB11] Duplicate stacktrace, see ref for original
EvolvedOrgansRedux : AddDefsForEachModdedRace
Problematic race: HL_BMT_BiliousVarog
Error: System.NullReferenceException: Object reference not set to an instance of an object
[Ref 5992DB11] Duplicate stacktrace, see ref for original
EvolvedOrgansRedux : AddDefsForEachModdedRace
Problematic race: HL_BMT_BloodletterPetrel
Error: System.NullReferenceException: Object reference not set to an instance of an object
[Ref 5992DB11] Duplicate stacktrace, see ref for original
EvolvedOrgansRedux : AddDefsForEachModdedRace
Problematic race: HL_BMT_BunkerBug
Error: System.NullReferenceException: Object reference not set to an instance of an object
[Ref 5992DB11] Duplicate stacktrace, see ref for original
EvolvedOrgansRedux : AddDefsForEachModdedRace
Problematic race: HL_BMT_CarrionVulture
Error: System.NullReferenceException: Object reference not set to an instance of an object
[Ref 5992DB11] Duplicate stacktrace, see ref for original
EvolvedOrgansRedux : AddDefsForEachModdedRace
Problematic race: HL_BMT_FamineLocust
Error: System.NullReferenceException: Object reference not set to an instance of an object
[Ref 5992DB11] Duplicate stacktrace, see ref for original
EvolvedOrgansRedux : AddDefsForEachModdedRace
Problematic race: HL_BMT_FenridStoat
Error: System.NullReferenceException: Object reference not set to an instance of an object
[Ref 5992DB11] Duplicate stacktrace, see ref for original
EvolvedOrgansRedux : AddDefsForEachModdedRace
Problematic race: HL_BMT_Polluwog
Error: System.NullReferenceException: Object reference not set to an instance of an object
[Ref 5992DB11] Duplicate stacktrace, see ref for original
EvolvedOrgansRedux : AddDefsForEachModdedRace
Problematic race: HL_BMT_GastroToad
Error: System.NullReferenceException: Object reference not set to an instance of an object
[Ref 5992DB11] Duplicate stacktrace, see ref for original
EvolvedOrgansRedux : AddDefsForEachModdedRace
Problematic race: HL_BMT_Glowtail
Error: System.NullReferenceException: Object reference not set to an instance of an object
[Ref 5992DB11] Duplicate stacktrace, see ref for original
EvolvedOrgansRedux : AddDefsForEachModdedRace
Problematic race: HL_BMT_Maligoat
Error: System.NullReferenceException: Object reference not set to an instance of an object
[Ref 5992DB11] Duplicate stacktrace, see ref for original
EvolvedOrgansRedux : AddDefsForEachModdedRace
Problematic race: HL_BMT_Creature_Mantrap
Error: System.NullReferenceException: Object reference not set to an instance of an object
[Ref 5992DB11] Duplicate stacktrace, see ref for original
EvolvedOrgansRedux : AddDefsForEachModdedRace
Problematic race: HL_BMT_Megakrill
Error: System.NullReferenceException: Object reference not set to an instance of an object
[Ref 5992DB11] Duplicate stacktrace, see ref for original
EvolvedOrgansRedux : AddDefsForEachModdedRace
Problematic race: HL_BMT_MegaphoridLarva
Error: System.NullReferenceException: Object reference not set to an instance of an object
[Ref 5992DB11] Duplicate stacktrace, see ref for original
EvolvedOrgansRedux : AddDefsForEachModdedRace
Problematic race: HL_BMT_Megaphorid
Error: System.NullReferenceException: Object reference not set to an instance of an object
[Ref 5992DB11] Duplicate stacktrace, see ref for original
EvolvedOrgansRedux : AddDefsForEachModdedRace
Problematic race: HL_BMT_Megaroach
Error: System.NullReferenceException: Object reference not set to an instance of an object
[Ref 5992DB11] Duplicate stacktrace, see ref for original
EvolvedOrgansRedux : AddDefsForEachModdedRace
Problematic race: HL_BMT_MucklurkerCatfish
Error: System.NullReferenceException: Object reference not set to an instance of an object
[Ref 5992DB11] Duplicate stacktrace, see ref for original
EvolvedOrgansRedux : AddDefsForEachModdedRace
Problematic race: HL_BMT_MutagenicNorphea
Error: System.NullReferenceException: Object reference not set to an instance of an object
[Ref 5992DB11] Duplicate stacktrace, see ref for original
EvolvedOrgansRedux : AddDefsForEachModdedRace
Problematic race: HL_BMT_MutatingTumorfishSpawn
Error: System.NullReferenceException: Object reference not set to an instance of an object
[Ref 5992DB11] Duplicate stacktrace, see ref for original
EvolvedOrgansRedux : AddDefsForEachModdedRace
Problematic race: HL_BMT_MutatingTumorfishFry
Error: System.NullReferenceException: Object reference not set to an instance of an object
[Ref 5992DB11] Duplicate stacktrace, see ref for original
EvolvedOrgansRedux : AddDefsForEachModdedRace
Problematic race: HL_BMT_MutatingTumorfishAdult
Error: System.NullReferenceException: Object reference not set to an instance of an object
[Ref 5992DB11] Duplicate stacktrace, see ref for original
EvolvedOrgansRedux : AddDefsForEachModdedRace
Problematic race: HL_BMT_PustuleHornet
Error: System.NullReferenceException: Object reference not set to an instance of an object
[Ref 5992DB11] Duplicate stacktrace, see ref for original
EvolvedOrgansRedux : AddDefsForEachModdedRace
Problematic race: HL_BMT_PustuleHornetSpawned
Error: System.NullReferenceException: Object reference not set to an instance of an object
[Ref 5992DB11] Duplicate stacktrace, see ref for original
EvolvedOrgansRedux : AddDefsForEachModdedRace
Problematic race: HL_BMT_ColonyPustuleHornet
Error: System.NullReferenceException: Object reference not set to an instance of an object
[Ref 5992DB11] Duplicate stacktrace, see ref for original
EvolvedOrgansRedux : AddDefsForEachModdedRace
Problematic race: HL_BMT_PustuleHornetQueen
Error: System.NullReferenceException: Object reference not set to an instance of an object
[Ref 5992DB11] Duplicate stacktrace, see ref for original
EvolvedOrgansRedux : AddDefsForEachModdedRace
Problematic race: HL_BMT_ColonyPustuleHornetQueen
Error: System.NullReferenceException: Object reference not set to an instance of an object
[Ref 5992DB11] Duplicate stacktrace, see ref for original
EvolvedOrgansRedux : AddDefsForEachModdedRace
Problematic race: HL_BMT_Sacapillar
Error: System.NullReferenceException: Object reference not set to an instance of an object
[Ref 5992DB11] Duplicate stacktrace, see ref for original
EvolvedOrgansRedux : AddDefsForEachModdedRace
Problematic race: HL_BMT_Screecher
Error: System.NullReferenceException: Object reference not set to an instance of an object
[Ref 5992DB11] Duplicate stacktrace, see ref for original
EvolvedOrgansRedux : AddDefsForEachModdedRace
Problematic race: HL_BMT_SludgeCrawler
Error: System.NullReferenceException: Object reference not set to an instance of an object
[Ref 5992DB11] Duplicate stacktrace, see ref for original
EvolvedOrgansRedux : AddDefsForEachModdedRace
Problematic race: HL_BMT_SmogMothLarvae
Error: System.NullReferenceException: Object reference not set to an instance of an object
[Ref 5992DB11] Duplicate stacktrace, see ref for original
EvolvedOrgansRedux : AddDefsForEachModdedRace
Problematic race: HL_BMT_SmogPupa
Error: System.NullReferenceException: Object reference not set to an instance of an object
[Ref 5992DB11] Duplicate stacktrace, see ref for original
EvolvedOrgansRedux : AddDefsForEachModdedRace
Problematic race: HL_BMT_SmogMoth
Error: System.NullReferenceException: Object reference not set to an instance of an object
[Ref 5992DB11] Duplicate stacktrace, see ref for original
EvolvedOrgansRedux : AddDefsForEachModdedRace
Problematic race: HL_BMT_Swarmcaller
Error: System.NullReferenceException: Object reference not set to an instance of an object
[Ref 5992DB11] Duplicate stacktrace, see ref for original
EvolvedOrgansRedux : AddDefsForEachModdedRace
Problematic race: HL_BMT_TaintedTurtle
Error: System.NullReferenceException: Object reference not set to an instance of an object
[Ref 5992DB11] Duplicate stacktrace, see ref for original
EvolvedOrgansRedux : AddDefsForEachModdedRace
Problematic race: HL_BMT_ToxSheep
Error: System.NullReferenceException: Object reference not set to an instance of an object
[Ref 5992DB11] Duplicate stacktrace, see ref for original
EvolvedOrgansRedux : AddDefsForEachModdedRace
Problematic race: HL_BMT_TripleSnapper
Error: System.NullReferenceException: Object reference not set to an instance of an object
[Ref 5992DB11] Duplicate stacktrace, see ref for original
EvolvedOrgansRedux : AddDefsForEachModdedRace
Problematic race: HL_BMT_Varmot
Error: System.NullReferenceException: Object reference not set to an instance of an object
[Ref 5992DB11] Duplicate stacktrace, see ref for original
EvolvedOrgansRedux : AddDefsForEachModdedRace
Problematic race: HL_BMT_WasteHound
Error: System.NullReferenceException: Object reference not set to an instance of an object
[Ref 5992DB11] Duplicate stacktrace, see ref for original
EvolvedOrgansRedux : AddDefsForEachModdedRace
Problematic race: HL_DankPyon_Hampshire
Error: System.NullReferenceException: Object reference not set to an instance of an object
[Ref 5992DB11] Duplicate stacktrace, see ref for original
EvolvedOrgansRedux : AddDefsForEachModdedRace
Problematic race: HL_DankPyon_Gloucestershire
Error: System.NullReferenceException: Object reference not set to an instance of an object
[Ref 5992DB11] Duplicate stacktrace, see ref for original
EvolvedOrgansRedux : AddDefsForEachModdedRace
Problematic race: HL_DankPyon_NorthernBoar
Error: System.NullReferenceException: Object reference not set to an instance of an object
[Ref 5992DB11] Duplicate stacktrace, see ref for original
EvolvedOrgansRedux : AddDefsForEachModdedRace
Problematic race: HL_DankPyon_Ravelder
Error: System.NullReferenceException: Object reference not set to an instance of an object
[Ref 5992DB11] Duplicate stacktrace, see ref for original
EvolvedOrgansRedux : AddDefsForEachModdedRace
Problematic race: HL_DankPyon_Angus
Error: System.NullReferenceException: Object reference not set to an instance of an object
[Ref 5992DB11] Duplicate stacktrace, see ref for original
EvolvedOrgansRedux : AddDefsForEachModdedRace
Problematic race: HL_DankPyon_Daer
Error: System.NullReferenceException: Object reference not set to an instance of an object
[Ref 5992DB11] Duplicate stacktrace, see ref for original
EvolvedOrgansRedux : AddDefsForEachModdedRace
Problematic race: HL_DankPyon_DireBoar
Error: System.NullReferenceException: Object reference not set to an instance of an object
[Ref 5992DB11] Duplicate stacktrace, see ref for original
EvolvedOrgansRedux : AddDefsForEachModdedRace
Problematic race: HL_DankPyon_Direwolf
Error: System.NullReferenceException: Object reference not set to an instance of an object
[Ref 5992DB11] Duplicate stacktrace, see ref for original
EvolvedOrgansRedux : AddDefsForEachModdedRace
Problematic race: HL_DankPyon_Griffon
Error: System.NullReferenceException: Object reference not set to an instance of an object
[Ref 5992DB11] Duplicate stacktrace, see ref for original
EvolvedOrgansRedux : AddDefsForEachModdedRace
Problematic race: HL_DankPyon_Hyena
Error: System.NullReferenceException: Object reference not set to an instance of an object
[Ref 5992DB11] Duplicate stacktrace, see ref for original
EvolvedOrgansRedux : AddDefsForEachModdedRace
Problematic race: HL_DankPyon_Deathstinger
Error: System.NullReferenceException: Object reference not set to an instance of an object
[Ref 5992DB11] Duplicate stacktrace, see ref for original
EvolvedOrgansRedux : AddDefsForEachModdedRace
Problematic race: HL_DankPyon_Rox
Error: System.NullReferenceException: Object reference not set to an instance of an object
[Ref 5992DB11] Duplicate stacktrace, see ref for original
EvolvedOrgansRedux : AddDefsForEachModdedRace
Problematic race: HL_DankPyon_LargeCobraForest
Error: System.NullReferenceException: Object reference not set to an instance of an object
[Ref 5992DB11] Duplicate stacktrace, see ref for original
EvolvedOrgansRedux : AddDefsForEachModdedRace
Problematic race: HL_DankPyon_LargeCobraCave
Error: System.NullReferenceException: Object reference not set to an instance of an object
[Ref 5992DB11] Duplicate stacktrace, see ref for original
EvolvedOrgansRedux : AddDefsForEachModdedRace
Problematic race: HL_DankPyon_GiantConstrictorForest
Error: System.NullReferenceException: Object reference not set to an instance of an object
[Ref 5992DB11] Duplicate stacktrace, see ref for original
EvolvedOrgansRedux : AddDefsForEachModdedRace
Problematic race: HL_DankPyon_GiantConstrictorCave
Error: System.NullReferenceException: Object reference not set to an instance of an object
[Ref 5992DB11] Duplicate stacktrace, see ref for original
EvolvedOrgansRedux : AddDefsForEachModdedRace
Problematic race: HL_DankPyon_LindwurmForest
Error: System.NullReferenceException: Object reference not set to an instance of an object
[Ref 5992DB11] Duplicate stacktrace, see ref for original
EvolvedOrgansRedux : AddDefsForEachModdedRace
Problematic race: HL_DankPyon_LindwurmCave
Error: System.NullReferenceException: Object reference not set to an instance of an object
[Ref 5992DB11] Duplicate stacktrace, see ref for original
EvolvedOrgansRedux : AddDefsForEachModdedRace
Problematic race: HL_DankPyon_Webknecht
Error: System.NullReferenceException: Object reference not set to an instance of an object
[Ref 5992DB11] Duplicate stacktrace, see ref for original
EvolvedOrgansRedux : AddDefsForEachModdedRace
Problematic race: HL_OuterRim_Gizka
Error: System.NullReferenceException: Object reference not set to an instance of an object
[Ref 5992DB11] Duplicate stacktrace, see ref for original
EvolvedOrgansRedux : AddDefsForEachModdedRace
Problematic race: HL_Outland_FockattBlack
Error: System.NullReferenceException: Object reference not set to an instance of an object
[Ref 5992DB11] Duplicate stacktrace, see ref for original
EvolvedOrgansRedux : AddDefsForEachModdedRace
Problematic race: HL_Outland_FockattBlue
Error: System.NullReferenceException: Object reference not set to an instance of an object
[Ref 5992DB11] Duplicate stacktrace, see ref for original
EvolvedOrgansRedux : AddDefsForEachModdedRace
Problematic race: HL_Outland_FockattBrown
Error: System.NullReferenceException: Object reference not set to an instance of an object
[Ref 5992DB11] Duplicate stacktrace, see ref for original
EvolvedOrgansRedux : AddDefsForEachModdedRace
Problematic race: HL_Outland_FockattGrey
Error: System.NullReferenceException: Object reference not set to an instance of an object
[Ref 5992DB11] Duplicate stacktrace, see ref for original
EvolvedOrgansRedux : AddDefsForEachModdedRace
Problematic race: HL_Outland_FockattPolar
Error: System.NullReferenceException: Object reference not set to an instance of an object
[Ref 5992DB11] Duplicate stacktrace, see ref for original
EvolvedOrgansRedux : AddDefsForEachModdedRace
Problematic race: HL_SWPotF_RaceDef_ysalamir
Error: System.NullReferenceException: Object reference not set to an instance of an object
[Ref 5992DB11] Duplicate stacktrace, see ref for original
EvolvedOrgansRedux : AddDefsForEachModdedRace
Problematic race: HL_XMT_FetalHorror
Error: System.NullReferenceException: Object reference not set to an instance of an object
[Ref 5992DB11] Duplicate stacktrace, see ref for original
EvolvedOrgansRedux : AddDefsForEachModdedRace
Problematic race: HL_XMT_AbominableMaw
Error: System.NullReferenceException: Object reference not set to an instance of an object
[Ref 5992DB11] Duplicate stacktrace, see ref for original
EvolvedOrgansRedux : AddDefsForEachModdedRace
Problematic race: HL_XMT_BeautifulHarmonizer
Error: System.NullReferenceException: Object reference not set to an instance of an object
[Ref 5992DB11] Duplicate stacktrace, see ref for original
EvolvedOrgansRedux : AddDefsForEachModdedRace
Problematic race: HL_XMT_Fleshtoad
Error: System.NullReferenceException: Object reference not set to an instance of an object
[Ref 5992DB11] Duplicate stacktrace, see ref for original
EvolvedOrgansRedux : AddDefsForEachModdedRace
Problematic race: HL_XMT_Fleshspawn
Error: System.NullReferenceException: Object reference not set to an instance of an object
[Ref 5992DB11] Duplicate stacktrace, see ref for original
EvolvedOrgansRedux : AddDefsForEachModdedRace
Problematic race: HL_XMT_MedicineToad
Error: System.NullReferenceException: Object reference not set to an instance of an object
[Ref 5992DB11] Duplicate stacktrace, see ref for original
EvolvedOrgansRedux : AddDefsForEachModdedRace
Problematic race: HL_XMT_Smotherer
Error: System.NullReferenceException: Object reference not set to an instance of an object
[Ref 5992DB11] Duplicate stacktrace, see ref for original
EvolvedOrgansRedux : AddDefsForEachModdedRace
Problematic race: HL_XMT_Exterminator
Error: System.NullReferenceException: Object reference not set to an instance of an object
[Ref 5992DB11] Duplicate stacktrace, see ref for original
EvolvedOrgansRedux : AddDefsForEachModdedRace
Problematic race: HL_XMT_Howler
Error: System.NullReferenceException: Object reference not set to an instance of an object
[Ref 5992DB11] Duplicate stacktrace, see ref for original
EvolvedOrgansRedux : AddDefsForEachModdedRace
Problematic race: HL_XMT_Hivehound
Error: System.NullReferenceException: Object reference not set to an instance of an object
[Ref 5992DB11] Duplicate stacktrace, see ref for original
EvolvedOrgansRedux : AddDefsForEachModdedRace
Problematic race: HL_XMT_Barnacle
Error: System.NullReferenceException: Object reference not set to an instance of an object
[Ref 5992DB11] Duplicate stacktrace, see ref for original
EvolvedOrgansRedux : AddDefsForEachModdedRace
Problematic race: HL_XMT_Ovocloner
Error: System.NullReferenceException: Object reference not set to an instance of an object
[Ref 5992DB11] Duplicate stacktrace, see ref for original
EvolvedOrgansRedux : AddDefsForEachModdedRace
Problematic race: HL_XMT_Cloning_Egg
Error: System.NullReferenceException: Object reference not set to an instance of an object
[Ref 5992DB11] Duplicate stacktrace, see ref for original
EvolvedOrgansRedux : AddDefsForEachModdedRace
Problematic race: HL_XMT_FleshTick
Error: System.NullReferenceException: Object reference not set to an instance of an object
[Ref 5992DB11] Duplicate stacktrace, see ref for original
EvolvedOrgansRedux : AddDefsForEachModdedRace
Problematic race: HL_XMT_Petrolspore
Error: System.NullReferenceException: Object reference not set to an instance of an object
[Ref 5992DB11] Duplicate stacktrace, see ref for original
EvolvedOrgansRedux : AddDefsForEachModdedRace
Problematic race: HL_XMT_Slumberbeast
Error: System.NullReferenceException: Object reference not set to an instance of an object
[Ref 5992DB11] Duplicate stacktrace, see ref for original
EvolvedOrgansRedux : AddDefsForEachModdedRace
Problematic race: HL_XMT_Jagerbar
Error: System.NullReferenceException: Object reference not set to an instance of an object
[Ref 5992DB11] Duplicate stacktrace, see ref for original
EvolvedOrgansRedux : AddDefsForEachModdedRace
Problematic race: HL_XMT_Plaguerat
Error: System.NullReferenceException: Object reference not set to an instance of an object
[Ref 5992DB11] Duplicate stacktrace, see ref for original
EvolvedOrgansRedux : AddDefsForEachModdedRace
Problematic race: HL_XMT_Jellyrat
Error: System.NullReferenceException: Object reference not set to an instance of an object
[Ref 5992DB11] Duplicate stacktrace, see ref for original
EvolvedOrgansRedux : AddDefsForEachModdedRace
Problematic race: HL_XMT_Umbilical
Error: System.NullReferenceException: Object reference not set to an instance of an object
[Ref 5992DB11] Duplicate stacktrace, see ref for original
EvolvedOrgansRedux : AddDefsForEachModdedRace
Problematic race: HL_XMT_Sleipnir
Error: System.NullReferenceException: Object reference not set to an instance of an object
[Ref 5992DB11] Duplicate stacktrace, see ref for original
EvolvedOrgansRedux : AddDefsForEachModdedRace
Problematic race: HL_XMT_StrangleMoss
Error: System.NullReferenceException: Object reference not set to an instance of an object
[Ref 5992DB11] Duplicate stacktrace, see ref for original
EvolvedOrgansRedux : AddDefsForEachModdedRace
Problematic race: HL_XMT_Threadbeast
Error: System.NullReferenceException: Object reference not set to an instance of an object
[Ref 5992DB11] Duplicate stacktrace, see ref for original
EvolvedOrgansRedux : AddDefsForEachModdedRace
Problematic race: HL_XMT_Hammerpede
Error: System.NullReferenceException: Object reference not set to an instance of an object
[Ref 5992DB11] Duplicate stacktrace, see ref for original
EvolvedOrgansRedux : AddDefsForEachModdedRace
Problematic race: HL_XMT_AcidAphid
Error: System.NullReferenceException: Object reference not set to an instance of an object
[Ref 5992DB11] Duplicate stacktrace, see ref for original
EvolvedOrgansRedux : AddDefsForEachModdedRace
Problematic race: HL_XMT_Larva
Error: System.NullReferenceException: Object reference not set to an instance of an object
[Ref 5992DB11] Duplicate stacktrace, see ref for original
EvolvedOrgansRedux : AddDefsForEachModdedRace
Problematic race: HL_XMT_Droplet
Error: System.NullReferenceException: Object reference not set to an instance of an object
[Ref 5992DB11] Duplicate stacktrace, see ref for original
EvolvedOrgansRedux : AddDefsForEachModdedRace
Problematic race: HL_XMT_Starbeast_Pod
Error: System.NullReferenceException: Object reference not set to an instance of an object
[Ref 5992DB11] Duplicate stacktrace, see ref for original
EvolvedOrgansRedux : AddDefsForEachModdedRace
Problematic race: HL_XMT_Humanoid_Pod
Error: System.NullReferenceException: Object reference not set to an instance of an object
[Ref 5992DB11] Duplicate stacktrace, see ref for original
EvolvedOrgansRedux : AddDefsForEachModdedRace
Problematic race: HL_XMT_Advanced_Humanoid_Pod
Error: System.NullReferenceException: Object reference not set to an instance of an object
[Ref 5992DB11] Duplicate stacktrace, see ref for original
EvolvedOrgansRedux : AddDefsForEachModdedRace
Problematic race: HL_XMT_Thrumbo_Pod
Error: System.NullReferenceException: Object reference not set to an instance of an object
[Ref 5992DB11] Duplicate stacktrace, see ref for original
EvolvedOrgansRedux : AddDefsForEachModdedRace
Problematic race: HL_XMT_Advanced_Thrumbo_Pod
Error: System.NullReferenceException: Object reference not set to an instance of an object
[Ref 5992DB11] Duplicate stacktrace, see ref for original
EvolvedOrgansRedux : AddDefsForEachModdedRace
Problematic race: HL_XMT_Reptile_Pod
Error: System.NullReferenceException: Object reference not set to an instance of an object
[Ref 5992DB11] Duplicate stacktrace, see ref for original
EvolvedOrgansRedux : AddDefsForEachModdedRace
Problematic race: HL_XMT_Advanced_Reptile_Pod
Error: System.NullReferenceException: Object reference not set to an instance of an object
[Ref 5992DB11] Duplicate stacktrace, see ref for original
EvolvedOrgansRedux : AddDefsForEachModdedRace
Problematic race: HL_XMT_Feline_Pod
Error: System.NullReferenceException: Object reference not set to an instance of an object
[Ref 5992DB11] Duplicate stacktrace, see ref for original
EvolvedOrgansRedux : AddDefsForEachModdedRace
Problematic race: HL_XMT_Advanced_Feline_Pod
Error: System.NullReferenceException: Object reference not set to an instance of an object
[Ref 5992DB11] Duplicate stacktrace, see ref for original
EvolvedOrgansRedux : AddDefsForEachModdedRace
Problematic race: HL_XMT_Canine_Pod
Error: System.NullReferenceException: Object reference not set to an instance of an object
[Ref 5992DB11] Duplicate stacktrace, see ref for original
EvolvedOrgansRedux : AddDefsForEachModdedRace
Problematic race: HL_XMT_Advanced_Canine_Pod
Error: System.NullReferenceException: Object reference not set to an instance of an object
[Ref 5992DB11] Duplicate stacktrace, see ref for original
EvolvedOrgansRedux : AddDefsForEachModdedRace
Problematic race: HL_XMT_Avian_Pod
Error: System.NullReferenceException: Object reference not set to an instance of an object
[Ref 5992DB11] Duplicate stacktrace, see ref for original
EvolvedOrgansRedux : AddDefsForEachModdedRace
Problematic race: HL_XMT_Advanced_Avian_Pod
Error: System.NullReferenceException: Object reference not set to an instance of an object
[Ref 5992DB11] Duplicate stacktrace, see ref for original
EvolvedOrgansRedux : AddDefsForEachModdedRace
Problematic race: HL_XMT_Booma_Pod
Error: System.NullReferenceException: Object reference not set to an instance of an object
[Ref 5992DB11] Duplicate stacktrace, see ref for original
EvolvedOrgansRedux : AddDefsForEachModdedRace
Problematic race: HL_XMT_Advanced_Booma_Pod
Error: System.NullReferenceException: Object reference not set to an instance of an object
[Ref 5992DB11] Duplicate stacktrace, see ref for original
EvolvedOrgansRedux : AddDefsForEachModdedRace
Problematic race: HL_XMT_Ursine_Pod
Error: System.NullReferenceException: Object reference not set to an instance of an object
[Ref 5992DB11] Duplicate stacktrace, see ref for original
EvolvedOrgansRedux : AddDefsForEachModdedRace
Problematic race: HL_XMT_Advanced_Ursine_Pod
Error: System.NullReferenceException: Object reference not set to an instance of an object
[Ref 5992DB11] Duplicate stacktrace, see ref for original
EvolvedOrgansRedux : AddDefsForEachModdedRace
Problematic race: HL_XMT_Rodent_Pod
Error: System.NullReferenceException: Object reference not set to an instance of an object
[Ref 5992DB11] Duplicate stacktrace, see ref for original
EvolvedOrgansRedux : AddDefsForEachModdedRace
Problematic race: HL_XMT_Advanced_Rodent_Pod
Error: System.NullReferenceException: Object reference not set to an instance of an object
[Ref 5992DB11] Duplicate stacktrace, see ref for original
EvolvedOrgansRedux : AddDefsForEachModdedRace
Problematic race: HL_XMT_Advanced_Equine_Pod
Error: System.NullReferenceException: Object reference not set to an instance of an object
[Ref 5992DB11] Duplicate stacktrace, see ref for original
EvolvedOrgansRedux : AddDefsForEachModdedRace
Problematic race: HL_XMT_Equine_Pod
Error: System.NullReferenceException: Object reference not set to an instance of an object
[Ref 5992DB11] Duplicate stacktrace, see ref for original
EvolvedOrgansRedux : AddDefsForEachModdedRace
Problematic race: HL_XMT_Bovine_Pod
Error: System.NullReferenceException: Object reference not set to an instance of an object
[Ref 5992DB11] Duplicate stacktrace, see ref for original
EvolvedOrgansRedux : AddDefsForEachModdedRace
Problematic race: HL_XMT_Advanced_Bovine_Pod
Error: System.NullReferenceException: Object reference not set to an instance of an object
[Ref 5992DB11] Duplicate stacktrace, see ref for original
EvolvedOrgansRedux : AddDefsForEachModdedRace
Problematic race: HL_XMT_Insect_Pod
Error: System.NullReferenceException: Object reference not set to an instance of an object
[Ref 5992DB11] Duplicate stacktrace, see ref for original
EvolvedOrgansRedux : AddDefsForEachModdedRace
Problematic race: HL_XMT_Advanced_Insect_Pod
Error: System.NullReferenceException: Object reference not set to an instance of an object
[Ref 5992DB11] Duplicate stacktrace, see ref for original
EvolvedOrgansRedux : AddDefsForEachModdedRace
Problematic race: HL_VFEI2_BlackEmpress
Error: System.NullReferenceException: Object reference not set to an instance of an object
[Ref 5992DB11] Duplicate stacktrace, see ref for original
EvolvedOrgansRedux : AddDefsForEachModdedRace
Problematic race: HL_VFEI2_BlackQueen
Error: System.NullReferenceException: Object reference not set to an instance of an object
[Ref 5992DB11] Duplicate stacktrace, see ref for original
EvolvedOrgansRedux : AddDefsForEachModdedRace
Problematic race: HL_VFEI2_BlackSwarmling
Error: System.NullReferenceException: Object reference not set to an instance of an object
[Ref 5992DB11] Duplicate stacktrace, see ref for original
EvolvedOrgansRedux : AddDefsForEachModdedRace
Problematic race: HL_AA_BlackScarab_Temporary
Error: System.NullReferenceException: Object reference not set to an instance of an object
[Ref 5992DB11] Duplicate stacktrace, see ref for original
EvolvedOrgansRedux : AddDefsForEachModdedRace
Problematic race: HL_AA_BlackSpelopede_Temporary
Error: System.NullReferenceException: Object reference not set to an instance of an object
[Ref 5992DB11] Duplicate stacktrace, see ref for original
EvolvedOrgansRedux : AddDefsForEachModdedRace
Problematic race: HL_AA_BlackSpider_Temporary
Error: System.NullReferenceException: Object reference not set to an instance of an object
[Ref 5992DB11] Duplicate stacktrace, see ref for original
EvolvedOrgansRedux : AddDefsForEachModdedRace
Problematic race: HL_AA_MammothWorm_Temporary
Error: System.NullReferenceException: Object reference not set to an instance of an object
[Ref 5992DB11] Duplicate stacktrace, see ref for original
EvolvedOrgansRedux : AddDefsForEachModdedRace
Problematic race: HL_AA_BlackLarvae
Error: System.NullReferenceException: Object reference not set to an instance of an object
[Ref 5992DB11] Duplicate stacktrace, see ref for original
EvolvedOrgansRedux : AddDefsForEachModdedRace
Problematic race: HL_AAVPE_BlackQueen
Error: System.NullReferenceException: Object reference not set to an instance of an object
[Ref 5992DB11] Duplicate stacktrace, see ref for original
EvolvedOrgansRedux : AddDefsForEachModdedRace
Problematic race: HL_AA_OcularOriginator
Error: System.NullReferenceException: Object reference not set to an instance of an object
[Ref 5992DB11] Duplicate stacktrace, see ref for original
EvolvedOrgansRedux : AddDefsForEachModdedRace
Problematic race: HL_AA_Summoned_Eyeling
Error: System.NullReferenceException: Object reference not set to an instance of an object
[Ref 5992DB11] Duplicate stacktrace, see ref for original
EvolvedOrgansRedux : AddDefsForEachModdedRace
Problematic race: HL_AA_AcanthamoebaGiganteaSmall
Error: System.NullReferenceException: Object reference not set to an instance of an object
[Ref 5992DB11] Duplicate stacktrace, see ref for original
EvolvedOrgansRedux : AddDefsForEachModdedRace
Problematic race: HL_AA_AcanthamoebaGiganteaLarge
Error: System.NullReferenceException: Object reference not set to an instance of an object
[Ref 5992DB11] Duplicate stacktrace, see ref for original
EvolvedOrgansRedux : AddDefsForEachModdedRace
Problematic race: HL_AA_AcanthamoebaGiganteaHuge
Error: System.NullReferenceException: Object reference not set to an instance of an object
[Ref 5992DB11] Duplicate stacktrace, see ref for original
EvolvedOrgansRedux : AddDefsForEachModdedRace
Problematic race: HL_AA_Aerofleet
Error: System.NullReferenceException: Object reference not set to an instance of an object
[Ref 5992DB11] Duplicate stacktrace, see ref for original
EvolvedOrgansRedux : AddDefsForEachModdedRace
Problematic race: HL_AA_ColossalAerofleet
Error: System.NullReferenceException: Object reference not set to an instance of an object
[Ref 5992DB11] Duplicate stacktrace, see ref for original
EvolvedOrgansRedux : AddDefsForEachModdedRace
Problematic race: HL_AA_Agaripawn
Error: System.NullReferenceException: Object reference not set to an instance of an object
[Ref 5992DB11] Duplicate stacktrace, see ref for original
EvolvedOrgansRedux : AddDefsForEachModdedRace
Problematic race: HL_AA_Agaripod
Error: System.NullReferenceException: Object reference not set to an instance of an object
[Ref 5992DB11] Duplicate stacktrace, see ref for original
EvolvedOrgansRedux : AddDefsForEachModdedRace
Problematic race: HL_AA_AngelMothLarva
Error: System.NullReferenceException: Object reference not set to an instance of an object
[Ref 5992DB11] Duplicate stacktrace, see ref for original
EvolvedOrgansRedux : AddDefsForEachModdedRace
Problematic race: HL_AA_AngelMoth
Error: System.NullReferenceException: Object reference not set to an instance of an object
[Ref 5992DB11] Duplicate stacktrace, see ref for original
EvolvedOrgansRedux : AddDefsForEachModdedRace
Problematic race: HL_AA_AnimaColossus
Error: System.NullReferenceException: Object reference not set to an instance of an object
[Ref 5992DB11] Duplicate stacktrace, see ref for original
EvolvedOrgansRedux : AddDefsForEachModdedRace
Problematic race: HL_AA_Animalisk
Error: System.NullReferenceException: Object reference not set to an instance of an object
[Ref 5992DB11] Duplicate stacktrace, see ref for original
EvolvedOrgansRedux : AddDefsForEachModdedRace
Problematic race: HL_AA_AnimusVox
Error: System.NullReferenceException: Object reference not set to an instance of an object
[Ref 5992DB11] Duplicate stacktrace, see ref for original
EvolvedOrgansRedux : AddDefsForEachModdedRace
Problematic race: HL_AA_ArcticLion
Error: System.NullReferenceException: Object reference not set to an instance of an object
[Ref 5992DB11] Duplicate stacktrace, see ref for original
EvolvedOrgansRedux : AddDefsForEachModdedRace
Problematic race: HL_AA_LarvalAtispec
Error: System.NullReferenceException: Object reference not set to an instance of an object
[Ref 5992DB11] Duplicate stacktrace, see ref for original
EvolvedOrgansRedux : AddDefsForEachModdedRace
Problematic race: HL_AA_Atispec
Error: System.NullReferenceException: Object reference not set to an instance of an object
[Ref 5992DB11] Duplicate stacktrace, see ref for original
EvolvedOrgansRedux : AddDefsForEachModdedRace
Problematic race: HL_AA_AuroraSylph
Error: System.NullReferenceException: Object reference not set to an instance of an object
[Ref 5992DB11] Duplicate stacktrace, see ref for original
EvolvedOrgansRedux : AddDefsForEachModdedRace
Problematic race: HL_AA_Barbslinger
Error: System.NullReferenceException: Object reference not set to an instance of an object
[Ref 5992DB11] Duplicate stacktrace, see ref for original
EvolvedOrgansRedux : AddDefsForEachModdedRace
Problematic race: HL_AA_BedBug
Error: System.NullReferenceException: Object reference not set to an instance of an object
[Ref 5992DB11] Duplicate stacktrace, see ref for original
EvolvedOrgansRedux : AddDefsForEachModdedRace
Problematic race: HL_AA_Behemoth
Error: System.NullReferenceException: Object reference not set to an instance of an object
[Ref 5992DB11] Duplicate stacktrace, see ref for original
EvolvedOrgansRedux : AddDefsForEachModdedRace
Problematic race: HL_AA_BlackScarab
Error: System.NullReferenceException: Object reference not set to an instance of an object
[Ref 5992DB11] Duplicate stacktrace, see ref for original
EvolvedOrgansRedux : AddDefsForEachModdedRace
Problematic race: HL_AA_BlackSpelopede
Error: System.NullReferenceException: Object reference not set to an instance of an object
[Ref 5992DB11] Duplicate stacktrace, see ref for original
EvolvedOrgansRedux : AddDefsForEachModdedRace
Problematic race: HL_AA_BlackSpider
Error: System.NullReferenceException: Object reference not set to an instance of an object
[Ref 5992DB11] Duplicate stacktrace, see ref for original
EvolvedOrgansRedux : AddDefsForEachModdedRace
Problematic race: HL_AA_Blizzarisk
Error: System.NullReferenceException: Object reference not set to an instance of an object
[Ref 5992DB11] Duplicate stacktrace, see ref for original
EvolvedOrgansRedux : AddDefsForEachModdedRace
Problematic race: HL_AA_BlizzariskClutchMother
Error: System.NullReferenceException: Object reference not set to an instance of an object
[Ref 5992DB11] Duplicate stacktrace, see ref for original
EvolvedOrgansRedux : AddDefsForEachModdedRace
Problematic race: HL_AA_BloodShrimp
Error: System.NullReferenceException: Object reference not set to an instance of an object
[Ref 5992DB11] Duplicate stacktrace, see ref for original
EvolvedOrgansRedux : AddDefsForEachModdedRace
Problematic race: HL_AA_Bobeene
Error: System.NullReferenceException: Object reference not set to an instance of an object
[Ref 5992DB11] Duplicate stacktrace, see ref for original
EvolvedOrgansRedux : AddDefsForEachModdedRace
Problematic race: HL_AA_BoulderMit
Error: System.NullReferenceException: Object reference not set to an instance of an object
[Ref 5992DB11] Duplicate stacktrace, see ref for original
EvolvedOrgansRedux : AddDefsForEachModdedRace
Problematic race: HL_AA_SummitCrab
Error: System.NullReferenceException: Object reference not set to an instance of an object
[Ref 5992DB11] Duplicate stacktrace, see ref for original
EvolvedOrgansRedux : AddDefsForEachModdedRace
Problematic race: HL_AA_Bumbledrone
Error: System.NullReferenceException: Object reference not set to an instance of an object
[Ref 5992DB11] Duplicate stacktrace, see ref for original
EvolvedOrgansRedux : AddDefsForEachModdedRace
Problematic race: HL_AA_BumbledroneHierophant
Error: System.NullReferenceException: Object reference not set to an instance of an object
[Ref 5992DB11] Duplicate stacktrace, see ref for original
EvolvedOrgansRedux : AddDefsForEachModdedRace
Problematic race: HL_AA_BumbledroneQueen
Error: System.NullReferenceException: Object reference not set to an instance of an object
[Ref 5992DB11] Duplicate stacktrace, see ref for original
EvolvedOrgansRedux : AddDefsForEachModdedRace
Problematic race: HL_AA_Cactipine
Error: System.NullReferenceException: Object reference not set to an instance of an object
[Ref 5992DB11] Duplicate stacktrace, see ref for original
EvolvedOrgansRedux : AddDefsForEachModdedRace
Problematic race: HL_AA_ChameleonYak
Error: System.NullReferenceException: Object reference not set to an instance of an object
[Ref 5992DB11] Duplicate stacktrace, see ref for original
EvolvedOrgansRedux : AddDefsForEachModdedRace
Problematic race: HL_AA_ChemfuelMyrmidon
Error: System.NullReferenceException: Object reference not set to an instance of an object
[Ref 5992DB11] Duplicate stacktrace, see ref for original
EvolvedOrgansRedux : AddDefsForEachModdedRace
Problematic race: HL_AA_Cinderlisk
Error: System.NullReferenceException: Object reference not set to an instance of an object
[Ref 5992DB11] Duplicate stacktrace, see ref for original
EvolvedOrgansRedux : AddDefsForEachModdedRace
Problematic race: HL_AA_CrepuscularBeetle
Error: System.NullReferenceException: Object reference not set to an instance of an object
[Ref 5992DB11] Duplicate stacktrace, see ref for original
EvolvedOrgansRedux : AddDefsForEachModdedRace
Problematic race: HL_AA_CrescendoAnole
Error: System.NullReferenceException: Object reference not set to an instance of an object
[Ref 5992DB11] Duplicate stacktrace, see ref for original
EvolvedOrgansRedux : AddDefsForEachModdedRace
Problematic race: HL_AA_CrystallineCaracal
Error: System.NullReferenceException: Object reference not set to an instance of an object
[Ref 5992DB11] Duplicate stacktrace, see ref for original
EvolvedOrgansRedux : AddDefsForEachModdedRace
Problematic race: HL_AA_CrystalMit
Error: System.NullReferenceException: Object reference not set to an instance of an object
[Ref 5992DB11] Duplicate stacktrace, see ref for original
EvolvedOrgansRedux : AddDefsForEachModdedRace
Problematic race: HL_AA_Darkbeast
Error: System.NullReferenceException: Object reference not set to an instance of an object
[Ref 5992DB11] Duplicate stacktrace, see ref for original
EvolvedOrgansRedux : AddDefsForEachModdedRace
Problematic race: HL_AA_DarkVandal
Error: System.NullReferenceException: Object reference not set to an instance of an object
[Ref 5992DB11] Duplicate stacktrace, see ref for original
EvolvedOrgansRedux : AddDefsForEachModdedRace
Problematic race: HL_AA_DecayDrake
Error: System.NullReferenceException: Object reference not set to an instance of an object
[Ref 5992DB11] Duplicate stacktrace, see ref for original
EvolvedOrgansRedux : AddDefsForEachModdedRace
Problematic race: HL_AA_DesertAve
Error: System.NullReferenceException: Object reference not set to an instance of an object
[Ref 5992DB11] Duplicate stacktrace, see ref for original
EvolvedOrgansRedux : AddDefsForEachModdedRace
Problematic race: HL_AA_DevilSheep
Error: System.NullReferenceException: Object reference not set to an instance of an object
[Ref 5992DB11] Duplicate stacktrace, see ref for original
EvolvedOrgansRedux : AddDefsForEachModdedRace
Problematic race: HL_AA_DrainerLarva
Error: System.NullReferenceException: Object reference not set to an instance of an object
[Ref 5992DB11] Duplicate stacktrace, see ref for original
EvolvedOrgansRedux : AddDefsForEachModdedRace
Problematic race: HL_AA_Drainer
Error: System.NullReferenceException: Object reference not set to an instance of an object
[Ref 5992DB11] Duplicate stacktrace, see ref for original
EvolvedOrgansRedux : AddDefsForEachModdedRace
Problematic race: HL_AA_Dunealisk
Error: System.NullReferenceException: Object reference not set to an instance of an object
[Ref 5992DB11] Duplicate stacktrace, see ref for original
EvolvedOrgansRedux : AddDefsForEachModdedRace
Problematic race: HL_AA_DunealiskClutchMother
Error: System.NullReferenceException: Object reference not set to an instance of an object
[Ref 5992DB11] Duplicate stacktrace, see ref for original
EvolvedOrgansRedux : AddDefsForEachModdedRace
Problematic race: HL_AA_DuskProwler
Error: System.NullReferenceException: Object reference not set to an instance of an object
[Ref 5992DB11] Duplicate stacktrace, see ref for original
EvolvedOrgansRedux : AddDefsForEachModdedRace
Problematic race: HL_AA_DuskRat
Error: System.NullReferenceException: Object reference not set to an instance of an object
[Ref 5992DB11] Duplicate stacktrace, see ref for original
EvolvedOrgansRedux : AddDefsForEachModdedRace
Problematic race: HL_AA_EmpressButterflyLarva
Error: System.NullReferenceException: Object reference not set to an instance of an object
[Ref 5992DB11] Duplicate stacktrace, see ref for original
EvolvedOrgansRedux : AddDefsForEachModdedRace
Problematic race: HL_AA_EmpressButterfly
Error: System.NullReferenceException: Object reference not set to an instance of an object
[Ref 5992DB11] Duplicate stacktrace, see ref for original
EvolvedOrgansRedux : AddDefsForEachModdedRace
Problematic race: HL_AA_EngorgedTentacularAberration
Error: System.NullReferenceException: Object reference not set to an instance of an object
[Ref 5992DB11] Duplicate stacktrace, see ref for original
EvolvedOrgansRedux : AddDefsForEachModdedRace
Problematic race: HL_AA_Erin
Error: System.NullReferenceException: Object reference not set to an instance of an object
[Ref 5992DB11] Duplicate stacktrace, see ref for original
EvolvedOrgansRedux : AddDefsForEachModdedRace
Problematic race: HL_AA_Eyeling
Error: System.NullReferenceException: Object reference not set to an instance of an object
[Ref 5992DB11] Duplicate stacktrace, see ref for original
EvolvedOrgansRedux : AddDefsForEachModdedRace
Problematic race: HL_AA_Feralisk
Error: System.NullReferenceException: Object reference not set to an instance of an object
[Ref 5992DB11] Duplicate stacktrace, see ref for original
EvolvedOrgansRedux : AddDefsForEachModdedRace
Problematic race: HL_AA_FeraliskClutchMother
Error: System.NullReferenceException: Object reference not set to an instance of an object
[Ref 5992DB11] Duplicate stacktrace, see ref for original
EvolvedOrgansRedux : AddDefsForEachModdedRace
Problematic race: HL_AA_FireWasp
Error: System.NullReferenceException: Object reference not set to an instance of an object
[Ref 5992DB11] Duplicate stacktrace, see ref for original
EvolvedOrgansRedux : AddDefsForEachModdedRace
Problematic race: HL_AA_FissionMouse
Error: System.NullReferenceException: Object reference not set to an instance of an object
[Ref 5992DB11] Duplicate stacktrace, see ref for original
EvolvedOrgansRedux : AddDefsForEachModdedRace
Problematic race: HL_AA_FissionMouseSecond
Error: System.NullReferenceException: Object reference not set to an instance of an object
[Ref 5992DB11] Duplicate stacktrace, see ref for original
EvolvedOrgansRedux : AddDefsForEachModdedRace
Problematic race: HL_AA_FissionMouseThird
Error: System.NullReferenceException: Object reference not set to an instance of an object
[Ref 5992DB11] Duplicate stacktrace, see ref for original
EvolvedOrgansRedux : AddDefsForEachModdedRace
Problematic race: HL_AA_FlamingoPhoenix
Error: System.NullReferenceException: Object reference not set to an instance of an object
[Ref 5992DB11] Duplicate stacktrace, see ref for original
EvolvedOrgansRedux : AddDefsForEachModdedRace
Problematic race: HL_AA_FrostAve
Error: System.NullReferenceException: Object reference not set to an instance of an object
[Ref 5992DB11] Duplicate stacktrace, see ref for original
EvolvedOrgansRedux : AddDefsForEachModdedRace
Problematic race: HL_AA_FrostboundBehemoth
Error: System.NullReferenceException: Object reference not set to an instance of an object
[Ref 5992DB11] Duplicate stacktrace, see ref for original
EvolvedOrgansRedux : AddDefsForEachModdedRace
Problematic race: HL_AA_Frostling
Error: System.NullReferenceException: Object reference not set to an instance of an object
[Ref 5992DB11] Duplicate stacktrace, see ref for original
EvolvedOrgansRedux : AddDefsForEachModdedRace
Problematic race: HL_AA_FrostLynx
Error: System.NullReferenceException: Object reference not set to an instance of an object
[Ref 5992DB11] Duplicate stacktrace, see ref for original
EvolvedOrgansRedux : AddDefsForEachModdedRace
Problematic race: HL_AA_Frostmite
Error: System.NullReferenceException: Object reference not set to an instance of an object
[Ref 5992DB11] Duplicate stacktrace, see ref for original
EvolvedOrgansRedux : AddDefsForEachModdedRace
Problematic race: HL_AA_Gallatross
Error: System.NullReferenceException: Object reference not set to an instance of an object
[Ref 5992DB11] Duplicate stacktrace, see ref for original
EvolvedOrgansRedux : AddDefsForEachModdedRace
Problematic race: HL_AA_GallatrossMoribund
Error: System.NullReferenceException: Object reference not set to an instance of an object
[Ref 5992DB11] Duplicate stacktrace, see ref for original
EvolvedOrgansRedux : AddDefsForEachModdedRace
Problematic race: HL_AA_Genix
Error: System.NullReferenceException: Object reference not set to an instance of an object
[Ref 5992DB11] Duplicate stacktrace, see ref for original
EvolvedOrgansRedux : AddDefsForEachModdedRace
Problematic race: HL_AA_GiantCrownedSilkie
Error: System.NullReferenceException: Object reference not set to an instance of an object
[Ref 5992DB11] Duplicate stacktrace, see ref for original
EvolvedOrgansRedux : AddDefsForEachModdedRace
Problematic race: HL_AA_Gigantelope
Error: System.NullReferenceException: Object reference not set to an instance of an object
[Ref 5992DB11] Duplicate stacktrace, see ref for original
EvolvedOrgansRedux : AddDefsForEachModdedRace
Problematic race: HL_AA_GreatDevourer
Error: System.NullReferenceException: Object reference not set to an instance of an object
[Ref 5992DB11] Duplicate stacktrace, see ref for original
EvolvedOrgansRedux : AddDefsForEachModdedRace
Problematic race: HL_AA_GreenGoo
Error: System.NullReferenceException: Object reference not set to an instance of an object
[Ref 5992DB11] Duplicate stacktrace, see ref for original
EvolvedOrgansRedux : AddDefsForEachModdedRace
Problematic race: HL_AA_GreyCoatedMouflon
Error: System.NullReferenceException: Object reference not set to an instance of an object
[Ref 5992DB11] Duplicate stacktrace, see ref for original
EvolvedOrgansRedux : AddDefsForEachModdedRace
Problematic race: HL_AA_Groundrunner
Error: System.NullReferenceException: Object reference not set to an instance of an object
[Ref 5992DB11] Duplicate stacktrace, see ref for original
EvolvedOrgansRedux : AddDefsForEachModdedRace
Problematic race: HL_AA_Helixien
Error: System.NullReferenceException: Object reference not set to an instance of an object
[Ref 5992DB11] Duplicate stacktrace, see ref for original
EvolvedOrgansRedux : AddDefsForEachModdedRace
Problematic race: HL_AA_InfectedAerofleet
Error: System.NullReferenceException: Object reference not set to an instance of an object
[Ref 5992DB11] Duplicate stacktrace, see ref for original
EvolvedOrgansRedux : AddDefsForEachModdedRace
Problematic race: HL_AA_IronhuskBeetle
Error: System.NullReferenceException: Object reference not set to an instance of an object
[Ref 5992DB11] Duplicate stacktrace, see ref for original
EvolvedOrgansRedux : AddDefsForEachModdedRace
Problematic race: HL_AA_Junglelisk
Error: System.NullReferenceException: Object reference not set to an instance of an object
[Ref 5992DB11] Duplicate stacktrace, see ref for original
EvolvedOrgansRedux : AddDefsForEachModdedRace
Problematic race: HL_AA_Lockjaw
Error: System.NullReferenceException: Object reference not set to an instance of an object
[Ref 5992DB11] Duplicate stacktrace, see ref for original
EvolvedOrgansRedux : AddDefsForEachModdedRace
Problematic race: HL_AA_Locusts
Error: System.NullReferenceException: Object reference not set to an instance of an object
[Ref 5992DB11] Duplicate stacktrace, see ref for original
EvolvedOrgansRedux : AddDefsForEachModdedRace
Problematic race: HL_AA_LuciferBug
Error: System.NullReferenceException: Object reference not set to an instance of an object
[Ref 5992DB11] Duplicate stacktrace, see ref for original
EvolvedOrgansRedux : AddDefsForEachModdedRace
Problematic race: HL_AA_MammothWorm
Error: System.NullReferenceException: Object reference not set to an instance of an object
[Ref 5992DB11] Duplicate stacktrace, see ref for original
EvolvedOrgansRedux : AddDefsForEachModdedRace
Problematic race: HL_AA_Mantrap
Error: System.NullReferenceException: Object reference not set to an instance of an object
[Ref 5992DB11] Duplicate stacktrace, see ref for original
EvolvedOrgansRedux : AddDefsForEachModdedRace
Problematic race: HL_AA_MatureFleshbeast
Error: System.NullReferenceException: Object reference not set to an instance of an object
[Ref 5992DB11] Duplicate stacktrace, see ref for original
EvolvedOrgansRedux : AddDefsForEachModdedRace
Problematic race: HL_AA_MeadowAve
Error: System.NullReferenceException: Object reference not set to an instance of an object
[Ref 5992DB11] Duplicate stacktrace, see ref for original
EvolvedOrgansRedux : AddDefsForEachModdedRace
Problematic race: HL_AA_MegaLouse
Error: System.NullReferenceException: Object reference not set to an instance of an object
[Ref 5992DB11] Duplicate stacktrace, see ref for original
EvolvedOrgansRedux : AddDefsForEachModdedRace
Problematic race: HL_AA_Metallovore
Error: System.NullReferenceException: Object reference not set to an instance of an object
[Ref 5992DB11] Duplicate stacktrace, see ref for original
EvolvedOrgansRedux : AddDefsForEachModdedRace
Problematic race: HL_AA_Murkling
Error: System.NullReferenceException: Object reference not set to an instance of an object
[Ref 5992DB11] Duplicate stacktrace, see ref for original
EvolvedOrgansRedux : AddDefsForEachModdedRace
Problematic race: HL_AA_MycoidColossus
Error: System.NullReferenceException: Object reference not set to an instance of an object
[Ref 5992DB11] Duplicate stacktrace, see ref for original
EvolvedOrgansRedux : AddDefsForEachModdedRace
Problematic race: HL_AA_Needlepost
Error: System.NullReferenceException: Object reference not set to an instance of an object
[Ref 5992DB11] Duplicate stacktrace, see ref for original
EvolvedOrgansRedux : AddDefsForEachModdedRace
Problematic race: HL_AA_Needleroll
Error: System.NullReferenceException: Object reference not set to an instance of an object
[Ref 5992DB11] Duplicate stacktrace, see ref for original
EvolvedOrgansRedux : AddDefsForEachModdedRace
Problematic race: HL_AA_NightMule
Error: System.NullReferenceException: Object reference not set to an instance of an object
[Ref 5992DB11] Duplicate stacktrace, see ref for original
EvolvedOrgansRedux : AddDefsForEachModdedRace
Problematic race: HL_AA_NightAve
Error: System.NullReferenceException: Object reference not set to an instance of an object
[Ref 5992DB11] Duplicate stacktrace, see ref for original
EvolvedOrgansRedux : AddDefsForEachModdedRace
Problematic race: HL_AA_Nightling
Error: System.NullReferenceException: Object reference not set to an instance of an object
[Ref 5992DB11] Duplicate stacktrace, see ref for original
EvolvedOrgansRedux : AddDefsForEachModdedRace
Problematic race: HL_AA_NightRam
Error: System.NullReferenceException: Object reference not set to an instance of an object
[Ref 5992DB11] Duplicate stacktrace, see ref for original
EvolvedOrgansRedux : AddDefsForEachModdedRace
Problematic race: HL_AA_OcularJelly
Error: System.NullReferenceException: Object reference not set to an instance of an object
[Ref 5992DB11] Duplicate stacktrace, see ref for original
EvolvedOrgansRedux : AddDefsForEachModdedRace
Problematic race: HL_AA_OcularNightling
Error: System.NullReferenceException: Object reference not set to an instance of an object
[Ref 5992DB11] Duplicate stacktrace, see ref for original
EvolvedOrgansRedux : AddDefsForEachModdedRace
Problematic race: HL_AA_OvergrownColossus
Error: System.NullReferenceException: Object reference not set to an instance of an object
[Ref 5992DB11] Duplicate stacktrace, see ref for original
EvolvedOrgansRedux : AddDefsForEachModdedRace
Problematic race: HL_AA_PebbleMit
Error: System.NullReferenceException: Object reference not set to an instance of an object
[Ref 5992DB11] Duplicate stacktrace, see ref for original
EvolvedOrgansRedux : AddDefsForEachModdedRace
Problematic race: HL_AA_PedigreedRaptor
Error: System.NullReferenceException: Object reference not set to an instance of an object
[Ref 5992DB11] Duplicate stacktrace, see ref for original
EvolvedOrgansRedux : AddDefsForEachModdedRace
Problematic race: HL_AA_PhoenixOwlcat
Error: System.NullReferenceException: Object reference not set to an instance of an object
[Ref 5992DB11] Duplicate stacktrace, see ref for original
EvolvedOrgansRedux : AddDefsForEachModdedRace
Problematic race: HL_AA_Plasmorph
Error: System.NullReferenceException: Object reference not set to an instance of an object
[Ref 5992DB11] Duplicate stacktrace, see ref for original
EvolvedOrgansRedux : AddDefsForEachModdedRace
Problematic race: HL_AA_Radyak
Error: System.NullReferenceException: Object reference not set to an instance of an object
[Ref 5992DB11] Duplicate stacktrace, see ref for original
EvolvedOrgansRedux : AddDefsForEachModdedRace
Problematic race: HL_AA_RaptorShrimp
Error: System.NullReferenceException: Object reference not set to an instance of an object
[Ref 5992DB11] Duplicate stacktrace, see ref for original
EvolvedOrgansRedux : AddDefsForEachModdedRace
Problematic race: HL_AA_Ravager
Error: System.NullReferenceException: Object reference not set to an instance of an object
[Ref 5992DB11] Duplicate stacktrace, see ref for original
EvolvedOrgansRedux : AddDefsForEachModdedRace
Problematic race: HL_AA_RayHound
Error: System.NullReferenceException: Object reference not set to an instance of an object
[Ref 5992DB11] Duplicate stacktrace, see ref for original
EvolvedOrgansRedux : AddDefsForEachModdedRace
Problematic race: HL_AA_Razorjack
Error: System.NullReferenceException: Object reference not set to an instance of an object
[Ref 5992DB11] Duplicate stacktrace, see ref for original
EvolvedOrgansRedux : AddDefsForEachModdedRace
Problematic race: HL_AA_RedGoo
Error: System.NullReferenceException: Object reference not set to an instance of an object
[Ref 5992DB11] Duplicate stacktrace, see ref for original
EvolvedOrgansRedux : AddDefsForEachModdedRace
Problematic race: HL_AA_RedSpore
Error: System.NullReferenceException: Object reference not set to an instance of an object
[Ref 5992DB11] Duplicate stacktrace, see ref for original
EvolvedOrgansRedux : AddDefsForEachModdedRace
Problematic race: HL_AA_RipperHound
Error: System.NullReferenceException: Object reference not set to an instance of an object
[Ref 5992DB11] Duplicate stacktrace, see ref for original
EvolvedOrgansRedux : AddDefsForEachModdedRace
Problematic race: HL_AA_RoughPlatedMonitor
Error: System.NullReferenceException: Object reference not set to an instance of an object
[Ref 5992DB11] Duplicate stacktrace, see ref for original
EvolvedOrgansRedux : AddDefsForEachModdedRace
Problematic race: HL_AA_RoyalAve
Error: System.NullReferenceException: Object reference not set to an instance of an object
[Ref 5992DB11] Duplicate stacktrace, see ref for original
EvolvedOrgansRedux : AddDefsForEachModdedRace
Problematic race: HL_AA_SandLion
Error: System.NullReferenceException: Object reference not set to an instance of an object
[Ref 5992DB11] Duplicate stacktrace, see ref for original
EvolvedOrgansRedux : AddDefsForEachModdedRace
Problematic race: HL_AA_SandProwler
Error: System.NullReferenceException: Object reference not set to an instance of an object
[Ref 5992DB11] Duplicate stacktrace, see ref for original
EvolvedOrgansRedux : AddDefsForEachModdedRace
Problematic race: HL_AA_SandSquid
Error: System.NullReferenceException: Object reference not set to an instance of an object
[Ref 5992DB11] Duplicate stacktrace, see ref for original
EvolvedOrgansRedux : AddDefsForEachModdedRace
Problematic race: HL_AA_ShadowCharger
Error: System.NullReferenceException: Object reference not set to an instance of an object
[Ref 5992DB11] Duplicate stacktrace, see ref for original
EvolvedOrgansRedux : AddDefsForEachModdedRace
Problematic race: HL_AA_ShockGoat
Error: System.NullReferenceException: Object reference not set to an instance of an object
[Ref 5992DB11] Duplicate stacktrace, see ref for original
EvolvedOrgansRedux : AddDefsForEachModdedRace
Problematic race: HL_AA_Skiphound
Error: System.NullReferenceException: Object reference not set to an instance of an object
[Ref 5992DB11] Duplicate stacktrace, see ref for original
EvolvedOrgansRedux : AddDefsForEachModdedRace
Problematic race: HL_AA_Skyeel
Error: System.NullReferenceException: Object reference not set to an instance of an object
[Ref 5992DB11] Duplicate stacktrace, see ref for original
EvolvedOrgansRedux : AddDefsForEachModdedRace
Problematic race: HL_AA_Slurrypede
Error: System.NullReferenceException: Object reference not set to an instance of an object
[Ref 5992DB11] Duplicate stacktrace, see ref for original
EvolvedOrgansRedux : AddDefsForEachModdedRace
Problematic race: HL_AA_SmallButterfly
Error: System.NullReferenceException: Object reference not set to an instance of an object
[Ref 5992DB11] Duplicate stacktrace, see ref for original
EvolvedOrgansRedux : AddDefsForEachModdedRace
Problematic race: HL_AA_SpinedGow
Error: System.NullReferenceException: Object reference not set to an instance of an object
[Ref 5992DB11] Duplicate stacktrace, see ref for original
EvolvedOrgansRedux : AddDefsForEachModdedRace
Problematic race: HL_AA_Swarmling
Error: System.NullReferenceException: Object reference not set to an instance of an object
[Ref 5992DB11] Duplicate stacktrace, see ref for original
EvolvedOrgansRedux : AddDefsForEachModdedRace
Problematic race: HL_AA_TarGuzzler
Error: System.NullReferenceException: Object reference not set to an instance of an object
[Ref 5992DB11] Duplicate stacktrace, see ref for original
EvolvedOrgansRedux : AddDefsForEachModdedRace
Problematic race: HL_AA_TeratogenicOriginator
Error: System.NullReferenceException: Object reference not set to an instance of an object
[Ref 5992DB11] Duplicate stacktrace, see ref for original
EvolvedOrgansRedux : AddDefsForEachModdedRace
Problematic race: HL_AA_Terramorph
Error: System.NullReferenceException: Object reference not set to an instance of an object
[Ref 5992DB11] Duplicate stacktrace, see ref for original
EvolvedOrgansRedux : AddDefsForEachModdedRace
Problematic race: HL_AA_TetraSlug
Error: System.NullReferenceException: Object reference not set to an instance of an object
[Ref 5992DB11] Duplicate stacktrace, see ref for original
EvolvedOrgansRedux : AddDefsForEachModdedRace
Problematic race: HL_AA_Thermadon
Error: System.NullReferenceException: Object reference not set to an instance of an object
[Ref 5992DB11] Duplicate stacktrace, see ref for original
EvolvedOrgansRedux : AddDefsForEachModdedRace
Problematic race: HL_AA_Thunderbeast
Error: System.NullReferenceException: Object reference not set to an instance of an object
[Ref 5992DB11] Duplicate stacktrace, see ref for original
EvolvedOrgansRedux : AddDefsForEachModdedRace
Problematic race: HL_AA_Thunderox
Error: System.NullReferenceException: Object reference not set to an instance of an object
[Ref 5992DB11] Duplicate stacktrace, see ref for original
EvolvedOrgansRedux : AddDefsForEachModdedRace
Problematic race: HL_AA_UnblinkingEye
Error: System.NullReferenceException: Object reference not set to an instance of an object
[Ref 5992DB11] Duplicate stacktrace, see ref for original
EvolvedOrgansRedux : AddDefsForEachModdedRace
Problematic race: HL_AA_Wildpawn
Error: System.NullReferenceException: Object reference not set to an instance of an object
[Ref 5992DB11] Duplicate stacktrace, see ref for original
EvolvedOrgansRedux : AddDefsForEachModdedRace
Problematic race: HL_AA_Wildpod
Error: System.NullReferenceException: Object reference not set to an instance of an object
[Ref 5992DB11] Duplicate stacktrace, see ref for original
EvolvedOrgansRedux : AddDefsForEachModdedRace
Problematic race: HL_AA_WindBeast
Error: System.NullReferenceException: Object reference not set to an instance of an object
[Ref 5992DB11] Duplicate stacktrace, see ref for original
EvolvedOrgansRedux : AddDefsForEachModdedRace
Problematic race: HL_BMT_AaroxisDendoriaLarvae
Error: System.NullReferenceException: Object reference not set to an instance of an object
[Ref 5992DB11] Duplicate stacktrace, see ref for original
EvolvedOrgansRedux : AddDefsForEachModdedRace
Problematic race: HL_BMT_AaroxisDendoriaPupa
Error: System.NullReferenceException: Object reference not set to an instance of an object
[Ref 5992DB11] Duplicate stacktrace, see ref for original
EvolvedOrgansRedux : AddDefsForEachModdedRace
Problematic race: HL_BMT_AaroxisDendoria
Error: System.NullReferenceException: Object reference not set to an instance of an object
[Ref 5992DB11] Duplicate stacktrace, see ref for original
EvolvedOrgansRedux : AddDefsForEachModdedRace
Problematic race: HL_BMT_AcidSlug
Error: System.NullReferenceException: Object reference not set to an instance of an object
[Ref 5992DB11] Duplicate stacktrace, see ref for original
EvolvedOrgansRedux : AddDefsForEachModdedRace
Problematic race: HL_BMT_Basilisk
Error: System.NullReferenceException: Object reference not set to an instance of an object
[Ref 5992DB11] Duplicate stacktrace, see ref for original
EvolvedOrgansRedux : AddDefsForEachModdedRace
Problematic race: HL_BMT_BeardedYak
Error: System.NullReferenceException: Object reference not set to an instance of an object
[Ref 5992DB11] Duplicate stacktrace, see ref for original
EvolvedOrgansRedux : AddDefsForEachModdedRace
Problematic race: HL_BMT_BloodropLarvae
Error: System.NullReferenceException: Object reference not set to an instance of an object
[Ref 5992DB11] Duplicate stacktrace, see ref for original
EvolvedOrgansRedux : AddDefsForEachModdedRace
Problematic race: HL_BMT_BloodropPupa
Error: System.NullReferenceException: Object reference not set to an instance of an object
[Ref 5992DB11] Duplicate stacktrace, see ref for original
EvolvedOrgansRedux : AddDefsForEachModdedRace
Problematic race: HL_BMT_BloodropMoth
Error: System.NullReferenceException: Object reference not set to an instance of an object
[Ref 5992DB11] Duplicate stacktrace, see ref for original
EvolvedOrgansRedux : AddDefsForEachModdedRace
Problematic race: HL_BMT_BovineBeetleLarvae
Error: System.NullReferenceException: Object reference not set to an instance of an object
[Ref 5992DB11] Duplicate stacktrace, see ref for original
EvolvedOrgansRedux : AddDefsForEachModdedRace
Problematic race: HL_BMT_BovineBeetlePupa
Error: System.NullReferenceException: Object reference not set to an instance of an object
[Ref 5992DB11] Duplicate stacktrace, see ref for original
EvolvedOrgansRedux : AddDefsForEachModdedRace
Problematic race: HL_BMT_BovineBeetle
Error: System.NullReferenceException: Object reference not set to an instance of an object
[Ref 5992DB11] Duplicate stacktrace, see ref for original
EvolvedOrgansRedux : AddDefsForEachModdedRace
Problematic race: HL_BMT_CactusCrab
Error: System.NullReferenceException: Object reference not set to an instance of an object
[Ref 5992DB11] Duplicate stacktrace, see ref for original
EvolvedOrgansRedux : AddDefsForEachModdedRace
Problematic race: HL_BMT_CaveCricket
Error: System.NullReferenceException: Object reference not set to an instance of an object
[Ref 5992DB11] Duplicate stacktrace, see ref for original
EvolvedOrgansRedux : AddDefsForEachModdedRace
Problematic race: HL_BMT_CaveLemming
Error: System.NullReferenceException: Object reference not set to an instance of an object
[Ref 5992DB11] Duplicate stacktrace, see ref for original
EvolvedOrgansRedux : AddDefsForEachModdedRace
Problematic race: HL_BMT_CaveSpider
Error: System.NullReferenceException: Object reference not set to an instance of an object
[Ref 5992DB11] Duplicate stacktrace, see ref for original
EvolvedOrgansRedux : AddDefsForEachModdedRace
Problematic race: HL_BMT_ChemSnail
Error: System.NullReferenceException: Object reference not set to an instance of an object
[Ref 5992DB11] Duplicate stacktrace, see ref for original
EvolvedOrgansRedux : AddDefsForEachModdedRace
Problematic race: HL_BMT_CrestedDragon
Error: System.NullReferenceException: Object reference not set to an instance of an object
[Ref 5992DB11] Duplicate stacktrace, see ref for original
EvolvedOrgansRedux : AddDefsForEachModdedRace
Problematic race: HL_BMT_CrystalBeetleLarvae
Error: System.NullReferenceException: Object reference not set to an instance of an object
[Ref 5992DB11] Duplicate stacktrace, see ref for original
EvolvedOrgansRedux : AddDefsForEachModdedRace
Problematic race: HL_BMT_CrystalBeetlePupa
Error: System.NullReferenceException: Object reference not set to an instance of an object
[Ref 5992DB11] Duplicate stacktrace, see ref for original
EvolvedOrgansRedux : AddDefsForEachModdedRace
Problematic race: HL_BMT_CrystalBeetle
Error: System.NullReferenceException: Object reference not set to an instance of an object
[Ref 5992DB11] Duplicate stacktrace, see ref for original
EvolvedOrgansRedux : AddDefsForEachModdedRace
Problematic race: HL_BMT_CrystalCrab
Error: System.NullReferenceException: Object reference not set to an instance of an object
[Ref 5992DB11] Duplicate stacktrace, see ref for original
EvolvedOrgansRedux : AddDefsForEachModdedRace
Problematic race: HL_BMT_CrystalFairyMole
Error: System.NullReferenceException: Object reference not set to an instance of an object
[Ref 5992DB11] Duplicate stacktrace, see ref for original
EvolvedOrgansRedux : AddDefsForEachModdedRace
Problematic race: HL_BMT_CrystalMantis
Error: System.NullReferenceException: Object reference not set to an instance of an object
[Ref 5992DB11] Duplicate stacktrace, see ref for original
EvolvedOrgansRedux : AddDefsForEachModdedRace
Problematic race: HL_BMT_Crystalope
Error: System.NullReferenceException: Object reference not set to an instance of an object
[Ref 5992DB11] Duplicate stacktrace, see ref for original
EvolvedOrgansRedux : AddDefsForEachModdedRace
Problematic race: HL_BMT_DarkAxolotl
Error: System.NullReferenceException: Object reference not set to an instance of an object
[Ref 5992DB11] Duplicate stacktrace, see ref for original
EvolvedOrgansRedux : AddDefsForEachModdedRace
Problematic race: HL_BMT_Diggerpede
Error: System.NullReferenceException: Object reference not set to an instance of an object
[Ref 5992DB11] Duplicate stacktrace, see ref for original
EvolvedOrgansRedux : AddDefsForEachModdedRace
Problematic race: HL_BMT_FacetMothLarvae
Error: System.NullReferenceException: Object reference not set to an instance of an object
[Ref 5992DB11] Duplicate stacktrace, see ref for original
EvolvedOrgansRedux : AddDefsForEachModdedRace
Problematic race: HL_BMT_FacetMothPupa
Error: System.NullReferenceException: Object reference not set to an instance of an object
[Ref 5992DB11] Duplicate stacktrace, see ref for original
EvolvedOrgansRedux : AddDefsForEachModdedRace
Problematic race: HL_BMT_FacetMoth
Error: System.NullReferenceException: Object reference not set to an instance of an object
[Ref 5992DB11] Duplicate stacktrace, see ref for original
EvolvedOrgansRedux : AddDefsForEachModdedRace
Problematic race: HL_BMT_FireSalamander
Error: System.NullReferenceException: Object reference not set to an instance of an object
[Ref 5992DB11] Duplicate stacktrace, see ref for original
EvolvedOrgansRedux : AddDefsForEachModdedRace
Problematic race: HL_BMT_FleeceSpider
Error: System.NullReferenceException: Object reference not set to an instance of an object
[Ref 5992DB11] Duplicate stacktrace, see ref for original
EvolvedOrgansRedux : AddDefsForEachModdedRace
Problematic race: HL_BMT_FoundryBeetleLarvae
Error: System.NullReferenceException: Object reference not set to an instance of an object
[Ref 5992DB11] Duplicate stacktrace, see ref for original
EvolvedOrgansRedux : AddDefsForEachModdedRace
Problematic race: HL_BMT_FoundryBeetlePupa
Error: System.NullReferenceException: Object reference not set to an instance of an object
[Ref 5992DB11] Duplicate stacktrace, see ref for original
EvolvedOrgansRedux : AddDefsForEachModdedRace
Problematic race: HL_BMT_FoundryBeetle
Error: System.NullReferenceException: Object reference not set to an instance of an object
[Ref 5992DB11] Duplicate stacktrace, see ref for original
EvolvedOrgansRedux : AddDefsForEachModdedRace
Problematic race: HL_BMT_FreezerFrog
Error: System.NullReferenceException: Object reference not set to an instance of an object
[Ref 5992DB11] Duplicate stacktrace, see ref for original
EvolvedOrgansRedux : AddDefsForEachModdedRace
Problematic race: HL_BMT_FrostweaverSpider
Error: System.NullReferenceException: Object reference not set to an instance of an object
[Ref 5992DB11] Duplicate stacktrace, see ref for original
EvolvedOrgansRedux : AddDefsForEachModdedRace
Problematic race: HL_BMT_FungalFerret
Error: System.NullReferenceException: Object reference not set to an instance of an object
[Ref 5992DB11] Duplicate stacktrace, see ref for original
EvolvedOrgansRedux : AddDefsForEachModdedRace
Problematic race: HL_BMT_FungalMantis
Error: System.NullReferenceException: Object reference not set to an instance of an object
[Ref 5992DB11] Duplicate stacktrace, see ref for original
EvolvedOrgansRedux : AddDefsForEachModdedRace
Problematic race: HL_BMT_FungalWeevil
Error: System.NullReferenceException: Object reference not set to an instance of an object
[Ref 5992DB11] Duplicate stacktrace, see ref for original
EvolvedOrgansRedux : AddDefsForEachModdedRace
Problematic race: HL_BMT_Gembug
Error: System.NullReferenceException: Object reference not set to an instance of an object
[Ref 5992DB11] Duplicate stacktrace, see ref for original
EvolvedOrgansRedux : AddDefsForEachModdedRace
Problematic race: HL_BMT_GiantSlug
Error: System.NullReferenceException: Object reference not set to an instance of an object
[Ref 5992DB11] Duplicate stacktrace, see ref for original
EvolvedOrgansRedux : AddDefsForEachModdedRace
Problematic race: HL_BMT_GiantSnail
Error: System.NullReferenceException: Object reference not set to an instance of an object
[Ref 5992DB11] Duplicate stacktrace, see ref for original
EvolvedOrgansRedux : AddDefsForEachModdedRace
Problematic race: HL_BMT_GlarralPenguin
Error: System.NullReferenceException: Object reference not set to an instance of an object
[Ref 5992DB11] Duplicate stacktrace, see ref for original
EvolvedOrgansRedux : AddDefsForEachModdedRace
Problematic race: HL_BMT_GlowSlug
Error: System.NullReferenceException: Object reference not set to an instance of an object
[Ref 5992DB11] Duplicate stacktrace, see ref for original
EvolvedOrgansRedux : AddDefsForEachModdedRace
Problematic race: HL_BMT_GoetoTadpole
Error: System.NullReferenceException: Object reference not set to an instance of an object
[Ref 5992DB11] Duplicate stacktrace, see ref for original
EvolvedOrgansRedux : AddDefsForEachModdedRace
Problematic race: HL_BMT_GoetoToad
Error: System.NullReferenceException: Object reference not set to an instance of an object
[Ref 5992DB11] Duplicate stacktrace, see ref for original
EvolvedOrgansRedux : AddDefsForEachModdedRace
Problematic race: HL_BMT_HoarfrostMastodon
Error: System.NullReferenceException: Object reference not set to an instance of an object
[Ref 5992DB11] Duplicate stacktrace, see ref for original
EvolvedOrgansRedux : AddDefsForEachModdedRace
Problematic race: HL_BMT_HungeringHydra
Error: System.NullReferenceException: Object reference not set to an instance of an object
[Ref 5992DB11] Duplicate stacktrace, see ref for original
EvolvedOrgansRedux : AddDefsForEachModdedRace
Problematic race: HL_BMT_ImperialToad
Error: System.NullReferenceException: Object reference not set to an instance of an object
[Ref 5992DB11] Duplicate stacktrace, see ref for original
EvolvedOrgansRedux : AddDefsForEachModdedRace
Problematic race: HL_BMT_Jellypot
Error: System.NullReferenceException: Object reference not set to an instance of an object
[Ref 5992DB11] Duplicate stacktrace, see ref for original
EvolvedOrgansRedux : AddDefsForEachModdedRace
Problematic race: HL_BMT_JewelBeetleLarvae
Error: System.NullReferenceException: Object reference not set to an instance of an object
[Ref 5992DB11] Duplicate stacktrace, see ref for original
EvolvedOrgansRedux : AddDefsForEachModdedRace
Problematic race: HL_BMT_JewelBeetlePupa
Error: System.NullReferenceException: Object reference not set to an instance of an object
[Ref 5992DB11] Duplicate stacktrace, see ref for original
EvolvedOrgansRedux : AddDefsForEachModdedRace
Problematic race: HL_BMT_JewelBeetle
Error: System.NullReferenceException: Object reference not set to an instance of an object
[Ref 5992DB11] Duplicate stacktrace, see ref for original
EvolvedOrgansRedux : AddDefsForEachModdedRace
Problematic race: HL_BMT_MaceDrake
Error: System.NullReferenceException: Object reference not set to an instance of an object
[Ref 5992DB11] Duplicate stacktrace, see ref for original
EvolvedOrgansRedux : AddDefsForEachModdedRace
Problematic race: HL_BMT_Maguana
Error: System.NullReferenceException: Object reference not set to an instance of an object
[Ref 5992DB11] Duplicate stacktrace, see ref for original
EvolvedOrgansRedux : AddDefsForEachModdedRace
Problematic race: HL_BMT_Megapleura
Error: System.NullReferenceException: Object reference not set to an instance of an object
[Ref 5992DB11] Duplicate stacktrace, see ref for original
EvolvedOrgansRedux : AddDefsForEachModdedRace
Problematic race: HL_BMT_MetalloSnail
Error: System.NullReferenceException: Object reference not set to an instance of an object
[Ref 5992DB11] Duplicate stacktrace, see ref for original
EvolvedOrgansRedux : AddDefsForEachModdedRace
Problematic race: HL_BMT_Mole
Error: System.NullReferenceException: Object reference not set to an instance of an object
[Ref 5992DB11] Duplicate stacktrace, see ref for original
EvolvedOrgansRedux : AddDefsForEachModdedRace
Problematic race: HL_BMT_Molebear
Error: System.NullReferenceException: Object reference not set to an instance of an object
[Ref 5992DB11] Duplicate stacktrace, see ref for original
EvolvedOrgansRedux : AddDefsForEachModdedRace
Problematic race: HL_BMT_MossBeetleLarvae
Error: System.NullReferenceException: Object reference not set to an instance of an object
[Ref 5992DB11] Duplicate stacktrace, see ref for original
EvolvedOrgansRedux : AddDefsForEachModdedRace
Problematic race: HL_BMT_MossBeetlePupa
Error: System.NullReferenceException: Object reference not set to an instance of an object
[Ref 5992DB11] Duplicate stacktrace, see ref for original
EvolvedOrgansRedux : AddDefsForEachModdedRace
Problematic race: HL_BMT_MossBeetle
Error: System.NullReferenceException: Object reference not set to an instance of an object
[Ref 5992DB11] Duplicate stacktrace, see ref for original
EvolvedOrgansRedux : AddDefsForEachModdedRace
Problematic race: HL_BMT_MossyFennec
Error: System.NullReferenceException: Object reference not set to an instance of an object
[Ref 5992DB11] Duplicate stacktrace, see ref for original
EvolvedOrgansRedux : AddDefsForEachModdedRace
Problematic race: HL_BMT_Pillbug
Error: System.NullReferenceException: Object reference not set to an instance of an object
[Ref 5992DB11] Duplicate stacktrace, see ref for original
EvolvedOrgansRedux : AddDefsForEachModdedRace
Problematic race: HL_BMT_PodWorm
Error: System.NullReferenceException: Object reference not set to an instance of an object
[Ref 5992DB11] Duplicate stacktrace, see ref for original
EvolvedOrgansRedux : AddDefsForEachModdedRace
Problematic race: HL_BMT_Rimebeak
Error: System.NullReferenceException: Object reference not set to an instance of an object
[Ref 5992DB11] Duplicate stacktrace, see ref for original
EvolvedOrgansRedux : AddDefsForEachModdedRace
Problematic race: HL_BMT_RoyalRhinoLarvae
Error: System.NullReferenceException: Object reference not set to an instance of an object
[Ref 5992DB11] Duplicate stacktrace, see ref for original
EvolvedOrgansRedux : AddDefsForEachModdedRace
Problematic race: HL_BMT_RoyalRhinoPupa
Error: System.NullReferenceException: Object reference not set to an instance of an object
[Ref 5992DB11] Duplicate stacktrace, see ref for original
EvolvedOrgansRedux : AddDefsForEachModdedRace
Problematic race: HL_BMT_RoyalRhino
Error: System.NullReferenceException: Object reference not set to an instance of an object
[Ref 5992DB11] Duplicate stacktrace, see ref for original
EvolvedOrgansRedux : AddDefsForEachModdedRace
Problematic race: HL_BMT_SandLeaper
Error: System.NullReferenceException: Object reference not set to an instance of an object
[Ref 5992DB11] Duplicate stacktrace, see ref for original
EvolvedOrgansRedux : AddDefsForEachModdedRace
Problematic race: HL_BMT_SandPillar
Error: System.NullReferenceException: Object reference not set to an instance of an object
[Ref 5992DB11] Duplicate stacktrace, see ref for original
EvolvedOrgansRedux : AddDefsForEachModdedRace
Problematic race: HL_BMT_ShatterjawBeetleLarvae
Error: System.NullReferenceException: Object reference not set to an instance of an object
[Ref 5992DB11] Duplicate stacktrace, see ref for original
EvolvedOrgansRedux : AddDefsForEachModdedRace
Problematic race: HL_BMT_ShatterjawBeetlePupa
Error: System.NullReferenceException: Object reference not set to an instance of an object
[Ref 5992DB11] Duplicate stacktrace, see ref for original
EvolvedOrgansRedux : AddDefsForEachModdedRace
Problematic race: HL_BMT_ShatterjawBeetle
Error: System.NullReferenceException: Object reference not set to an instance of an object
[Ref 5992DB11] Duplicate stacktrace, see ref for original
EvolvedOrgansRedux : AddDefsForEachModdedRace
Problematic race: HL_BMT_ShimmershellSnail
Error: System.NullReferenceException: Object reference not set to an instance of an object
[Ref 5992DB11] Duplicate stacktrace, see ref for original
EvolvedOrgansRedux : AddDefsForEachModdedRace
Problematic race: HL_BMT_SilverSheep
Error: System.NullReferenceException: Object reference not set to an instance of an object
[Ref 5992DB11] Duplicate stacktrace, see ref for original
EvolvedOrgansRedux : AddDefsForEachModdedRace
Problematic race: HL_BMT_SmolderstingScorpion
Error: System.NullReferenceException: Object reference not set to an instance of an object
[Ref 5992DB11] Duplicate stacktrace, see ref for original
EvolvedOrgansRedux : AddDefsForEachModdedRace
Problematic race: HL_BMT_Snowstalker
Error: System.NullReferenceException: Object reference not set to an instance of an object
[Ref 5992DB11] Duplicate stacktrace, see ref for original
EvolvedOrgansRedux : AddDefsForEachModdedRace
Problematic race: HL_BMT_SonarRabbit
Error: System.NullReferenceException: Object reference not set to an instance of an object
[Ref 5992DB11] Duplicate stacktrace, see ref for original
EvolvedOrgansRedux : AddDefsForEachModdedRace
Problematic race: HL_BMT_Stoneback
Error: System.NullReferenceException: Object reference not set to an instance of an object
[Ref 5992DB11] Duplicate stacktrace, see ref for original
EvolvedOrgansRedux : AddDefsForEachModdedRace
Problematic race: HL_BMT_Thrumbungus
Error: System.NullReferenceException: Object reference not set to an instance of an object
[Ref 5992DB11] Duplicate stacktrace, see ref for original
EvolvedOrgansRedux : AddDefsForEachModdedRace
Problematic race: HL_BMT_TruffleMole
Error: System.NullReferenceException: Object reference not set to an instance of an object
[Ref 5992DB11] Duplicate stacktrace, see ref for original
EvolvedOrgansRedux : AddDefsForEachModdedRace
Problematic race: HL_BMT_Xyrion
Error: System.NullReferenceException: Object reference not set to an instance of an object
[Ref 5992DB11] Duplicate stacktrace, see ref for original
EvolvedOrgansRedux : AddDefsForEachModdedRace
Problematic race: HL_BMT_Yooka
Error: System.NullReferenceException: Object reference not set to an instance of an object
[Ref 5992DB11] Duplicate stacktrace, see ref for original
EvolvedOrgansRedux : AddDefsForEachModdedRace
Problematic race: HL_Outland_Oxect
Error: System.NullReferenceException: Object reference not set to an instance of an object
[Ref 5992DB11] Duplicate stacktrace, see ref for original
EvolvedOrgansRedux : AddDefsForEachModdedRace
Problematic race: HL_BotchJob_UndeadCat
Error: System.NullReferenceException: Object reference not set to an instance of an object
[Ref 5992DB11] Duplicate stacktrace, see ref for original
EvolvedOrgansRedux : AddDefsForEachModdedRace
Problematic race: HL_BotchJob_UndeadDragon
Error: System.NullReferenceException: Object reference not set to an instance of an object
[Ref 5992DB11] Duplicate stacktrace, see ref for original
EvolvedOrgansRedux : AddDefsForEachModdedRace
Problematic race: HL_BotchJob_UndeadHorse
Error: System.NullReferenceException: Object reference not set to an instance of an object
[Ref 5992DB11] Duplicate stacktrace, see ref for original
EvolvedOrgansRedux : AddDefsForEachModdedRace
Problematic race: HL_BotchJob_UndeadWarg
Error: System.NullReferenceException: Object reference not set to an instance of an object
[Ref 5992DB11] Duplicate stacktrace, see ref for original
EvolvedOrgansRedux : AddDefsForEachModdedRace
Problematic race: HL_AG_OcularSlinger
Error: System.NullReferenceException: Object reference not set to an instance of an object
[Ref 5992DB11] Duplicate stacktrace, see ref for original
EvolvedOrgansRedux : AddDefsForEachModdedRace
Problematic race: HL_REDS_SpiritAnimal
Error: System.NullReferenceException: Object reference not set to an instance of an object
[Ref 5992DB11] Duplicate stacktrace, see ref for original
EvolvedOrgansRedux : AddDefsForEachModdedRace
Problematic race: HL_REDS_SpiritWolfEcho
Error: System.NullReferenceException: Object reference not set to an instance of an object
[Ref 5992DB11] Duplicate stacktrace, see ref for original
EvolvedOrgansRedux : AddDefsForEachModdedRace
Problematic race: Corpse_BS_Centaur
Error: System.NullReferenceException: Object reference not set to an instance of an object
[Ref 5992DB11] Duplicate stacktrace, see ref for original
EvolvedOrgansRedux : AddDefsForEachModdedRace
Problematic race: UnnaturalCorpse_BS_Centaur
Error: System.NullReferenceException: Object reference not set to an instance of an object
[Ref 5992DB11] Duplicate stacktrace, see ref for original
EvolvedOrgansRedux : AddDefsForEachModdedRace
Problematic race: Corpse_BS_UrbMech
Error: System.NullReferenceException: Object reference not set to an instance of an object
[Ref 5992DB11] Duplicate stacktrace, see ref for original
EvolvedOrgansRedux : AddDefsForEachModdedRace
Problematic race: Corpse_BS_JustAHead
Error: System.NullReferenceException: Object reference not set to an instance of an object
[Ref 5992DB11] Duplicate stacktrace, see ref for original
EvolvedOrgansRedux : AddDefsForEachModdedRace
Problematic race: UnnaturalCorpse_BS_JustAHead
Error: System.NullReferenceException: Object reference not set to an instance of an object
[Ref 5992DB11] Duplicate stacktrace, see ref for original
EvolvedOrgansRedux : AddDefsForEachModdedRace
Problematic race: Corpse_Garry_Sewn
Error: System.NullReferenceException: Object reference not set to an instance of an object
[Ref 5992DB11] Duplicate stacktrace, see ref for original
EvolvedOrgansRedux : AddDefsForEachModdedRace
Problematic race: Corpse_PMP_PersonaMechanoid
Error: System.NullReferenceException: Object reference not set to an instance of an object
[Ref 5992DB11] Duplicate stacktrace, see ref for original
EvolvedOrgansRedux : AddDefsForEachModdedRace
Problematic race: UnnaturalCorpse_PMP_PersonaMechanoid
Error: System.NullReferenceException: Object reference not set to an instance of an object
[Ref 5992DB11] Duplicate stacktrace, see ref for original
EvolvedOrgansRedux : AddDefsForEachModdedRace
Problematic race: Corpse_Mechanent
Error: System.NullReferenceException: Object reference not set to an instance of an object
[Ref 5992DB11] Duplicate stacktrace, see ref for original
EvolvedOrgansRedux : AddDefsForEachModdedRace
Problematic race: Corpse_Personae_
Error: System.NullReferenceException: Object reference not set to an instance of an object
[Ref 5992DB11] Duplicate stacktrace, see ref for original
EvolvedOrgansRedux : AddDefsForEachModdedRace
Problematic race: Corpse_HL_Bear_Grizzly
Error: System.NullReferenceException: Object reference not set to an instance of an object
[Ref 5992DB11] Duplicate stacktrace, see ref for original
EvolvedOrgansRedux : AddDefsForEachModdedRace
Problematic race: Corpse_HL_Bear_Polar
Error: System.NullReferenceException: Object reference not set to an instance of an object
[Ref 5992DB11] Duplicate stacktrace, see ref for original
EvolvedOrgansRedux : AddDefsForEachModdedRace
Problematic race: Corpse_HL_Ostrich
Error: System.NullReferenceException: Object reference not set to an instance of an object
[Ref 5992DB11] Duplicate stacktrace, see ref for original
EvolvedOrgansRedux : AddDefsForEachModdedRace
Problematic race: Corpse_HL_Emu
Error: System.NullReferenceException: Object reference not set to an instance of an object
[Ref 5992DB11] Duplicate stacktrace, see ref for original
EvolvedOrgansRedux : AddDefsForEachModdedRace
Problematic race: Corpse_HL_Cassowary
Error: System.NullReferenceException: Object reference not set to an instance of an object
[Ref 5992DB11] Duplicate stacktrace, see ref for original
EvolvedOrgansRedux : AddDefsForEachModdedRace
Problematic race: Corpse_HL_Cougar
Error: System.NullReferenceException: Object reference not set to an instance of an object
[Ref 5992DB11] Duplicate stacktrace, see ref for original
EvolvedOrgansRedux : AddDefsForEachModdedRace
Problematic race: Corpse_HL_Panther
Error: System.NullReferenceException: Object reference not set to an instance of an object
[Ref 5992DB11] Duplicate stacktrace, see ref for original
EvolvedOrgansRedux : AddDefsForEachModdedRace
Problematic race: Corpse_HL_Lynx
Error: System.NullReferenceException: Object reference not set to an instance of an object
[Ref 5992DB11] Duplicate stacktrace, see ref for original
EvolvedOrgansRedux : AddDefsForEachModdedRace
Problematic race: Corpse_HL_Cat
Error: System.NullReferenceException: Object reference not set to an instance of an object
[Ref 5992DB11] Duplicate stacktrace, see ref for original
EvolvedOrgansRedux : AddDefsForEachModdedRace
Problematic race: Corpse_HL_YorkshireTerrier
Error: System.NullReferenceException: Object reference not set to an instance of an object
[Ref 5992DB11] Duplicate stacktrace, see ref for original
EvolvedOrgansRedux : AddDefsForEachModdedRace
Problematic race: Corpse_HL_GuineaPig
Error: System.NullReferenceException: Object reference not set to an instance of an object
[Ref 5992DB11] Duplicate stacktrace, see ref for original
EvolvedOrgansRedux : AddDefsForEachModdedRace
Problematic race: Corpse_HL_LabradorRetriever
Error: System.NullReferenceException: Object reference not set to an instance of an object
[Ref 5992DB11] Duplicate stacktrace, see ref for original
EvolvedOrgansRedux : AddDefsForEachModdedRace
Problematic race: Corpse_HL_Husky
Error: System.NullReferenceException: Object reference not set to an instance of an object
[Ref 5992DB11] Duplicate stacktrace, see ref for original
EvolvedOrgansRedux : AddDefsForEachModdedRace
Problematic race: Corpse_HL_Chicken
Error: System.NullReferenceException: Object reference not set to an instance of an object
[Ref 5992DB11] Duplicate stacktrace, see ref for original
EvolvedOrgansRedux : AddDefsForEachModdedRace
Problematic race: Corpse_HL_Duck
Error: System.NullReferenceException: Object reference not set to an instance of an object
[Ref 5992DB11] Duplicate stacktrace, see ref for original
EvolvedOrgansRedux : AddDefsForEachModdedRace
Problematic race: Corpse_HL_Turkey
Error: System.NullReferenceException: Object reference not set to an instance of an object
[Ref 5992DB11] Duplicate stacktrace, see ref for original
EvolvedOrgansRedux : AddDefsForEachModdedRace
Problematic race: Corpse_HL_Goose
Error: System.NullReferenceException: Object reference not set to an instance of an object
[Ref 5992DB11] Duplicate stacktrace, see ref for original
EvolvedOrgansRedux : AddDefsForEachModdedRace
Problematic race: Corpse_HL_Cow
Error: System.NullReferenceException: Object reference not set to an instance of an object
[Ref 5992DB11] Duplicate stacktrace, see ref for original
EvolvedOrgansRedux : AddDefsForEachModdedRace
Problematic race: Corpse_HL_Boomalope
Error: System.NullReferenceException: Object reference not set to an instance of an object
[Ref 5992DB11] Duplicate stacktrace, see ref for original
EvolvedOrgansRedux : AddDefsForEachModdedRace
Problematic race: Corpse_HL_Muffalo
Error: System.NullReferenceException: Object reference not set to an instance of an object
[Ref 5992DB11] Duplicate stacktrace, see ref for original
EvolvedOrgansRedux : AddDefsForEachModdedRace
Problematic race: Corpse_HL_Bison
Error: System.NullReferenceException: Object reference not set to an instance of an object
[Ref 5992DB11] Duplicate stacktrace, see ref for original
EvolvedOrgansRedux : AddDefsForEachModdedRace
Problematic race: Corpse_HL_Dromedary
Error: System.NullReferenceException: Object reference not set to an instance of an object
[Ref 5992DB11] Duplicate stacktrace, see ref for original
EvolvedOrgansRedux : AddDefsForEachModdedRace
Problematic race: Corpse_HL_Goat
Error: System.NullReferenceException: Object reference not set to an instance of an object
[Ref 5992DB11] Duplicate stacktrace, see ref for original
EvolvedOrgansRedux : AddDefsForEachModdedRace
Problematic race: Corpse_HL_Elk
Error: System.NullReferenceException: Object reference not set to an instance of an object
[Ref 5992DB11] Duplicate stacktrace, see ref for original
EvolvedOrgansRedux : AddDefsForEachModdedRace
Problematic race: Corpse_HL_Yak
Error: System.NullReferenceException: Object reference not set to an instance of an object
[Ref 5992DB11] Duplicate stacktrace, see ref for original
EvolvedOrgansRedux : AddDefsForEachModdedRace
Problematic race: Corpse_HL_Caribou
Error: System.NullReferenceException: Object reference not set to an instance of an object
[Ref 5992DB11] Duplicate stacktrace, see ref for original
EvolvedOrgansRedux : AddDefsForEachModdedRace
Problematic race: Corpse_HL_Horse
Error: System.NullReferenceException: Object reference not set to an instance of an object
[Ref 5992DB11] Duplicate stacktrace, see ref for original
EvolvedOrgansRedux : AddDefsForEachModdedRace
Problematic race: Corpse_HL_Donkey
Error: System.NullReferenceException: Object reference not set to an instance of an object
[Ref 5992DB11] Duplicate stacktrace, see ref for original
EvolvedOrgansRedux : AddDefsForEachModdedRace
Problematic race: Corpse_HL_Elephant
Error: System.NullReferenceException: Object reference not set to an instance of an object
[Ref 5992DB11] Duplicate stacktrace, see ref for original
EvolvedOrgansRedux : AddDefsForEachModdedRace
Problematic race: Corpse_HL_Rhinoceros
Error: System.NullReferenceException: Object reference not set to an instance of an object
[Ref 5992DB11] Duplicate stacktrace, see ref for original
EvolvedOrgansRedux : AddDefsForEachModdedRace
Problematic race: Corpse_HL_Hare
Error: System.NullReferenceException: Object reference not set to an instance of an object
[Ref 5992DB11] Duplicate stacktrace, see ref for original
EvolvedOrgansRedux : AddDefsForEachModdedRace
Problematic race: Corpse_HL_Snowhare
Error: System.NullReferenceException: Object reference not set to an instance of an object
[Ref 5992DB11] Duplicate stacktrace, see ref for original
EvolvedOrgansRedux : AddDefsForEachModdedRace
Problematic race: Corpse_HL_Megascarab
Error: System.NullReferenceException: Object reference not set to an instance of an object
[Ref 5992DB11] Duplicate stacktrace, see ref for original
EvolvedOrgansRedux : AddDefsForEachModdedRace
Problematic race: Corpse_HL_Spelopede
Error: System.NullReferenceException: Object reference not set to an instance of an object
[Ref 5992DB11] Duplicate stacktrace, see ref for original
EvolvedOrgansRedux : AddDefsForEachModdedRace
Problematic race: Corpse_HL_Megaspider
Error: System.NullReferenceException: Object reference not set to an instance of an object
[Ref 5992DB11] Duplicate stacktrace, see ref for original
EvolvedOrgansRedux : AddDefsForEachModdedRace
Problematic race: Corpse_HL_Thrumbo
Error: System.NullReferenceException: Object reference not set to an instance of an object
[Ref 5992DB11] Duplicate stacktrace, see ref for original
EvolvedOrgansRedux : AddDefsForEachModdedRace
Problematic race: Corpse_HL_Cobra
Error: System.NullReferenceException: Object reference not set to an instance of an object
[Ref 5992DB11] Duplicate stacktrace, see ref for original
EvolvedOrgansRedux : AddDefsForEachModdedRace
Problematic race: Corpse_HL_Tortoise
Error: System.NullReferenceException: Object reference not set to an instance of an object
[Ref 5992DB11] Duplicate stacktrace, see ref for original
EvolvedOrgansRedux : AddDefsForEachModdedRace
Problematic race: Corpse_HL_Alphabeaver
Error: System.NullReferenceException: Object reference not set to an instance of an object
[Ref 5992DB11] Duplicate stacktrace, see ref for original
EvolvedOrgansRedux : AddDefsForEachModdedRace
Problematic race: Corpse_HL_Pig
Error: System.NullReferenceException: Object reference not set to an instance of an object
[Ref 5992DB11] Duplicate stacktrace, see ref for original
EvolvedOrgansRedux : AddDefsForEachModdedRace
Problematic race: Corpse_HL_WildBoar
Error: System.NullReferenceException: Object reference not set to an instance of an object
[Ref 5992DB11] Duplicate stacktrace, see ref for original
EvolvedOrgansRedux : AddDefsForEachModdedRace
Problematic race: Corpse_HL_Ibex
Error: System.NullReferenceException: Object reference not set to an instance of an object
[Ref 5992DB11] Duplicate stacktrace, see ref for original
EvolvedOrgansRedux : AddDefsForEachModdedRace
Problematic race: Corpse_HL_Deer
Error: System.NullReferenceException: Object reference not set to an instance of an object
[Ref 5992DB11] Duplicate stacktrace, see ref for original
EvolvedOrgansRedux : AddDefsForEachModdedRace
Problematic race: Corpse_HL_Gazelle
Error: System.NullReferenceException: Object reference not set to an instance of an object
[Ref 5992DB11] Duplicate stacktrace, see ref for original
EvolvedOrgansRedux : AddDefsForEachModdedRace
Problematic race: Corpse_HL_Chinchilla
Error: System.NullReferenceException: Object reference not set to an instance of an object
[Ref 5992DB11] Duplicate stacktrace, see ref for original
EvolvedOrgansRedux : AddDefsForEachModdedRace
Problematic race: Corpse_HL_Sheep
Error: System.NullReferenceException: Object reference not set to an instance of an object
[Ref 5992DB11] Duplicate stacktrace, see ref for original
EvolvedOrgansRedux : AddDefsForEachModdedRace
Problematic race: Corpse_HL_Alpaca
Error: System.NullReferenceException: Object reference not set to an instance of an object
[Ref 5992DB11] Duplicate stacktrace, see ref for original
EvolvedOrgansRedux : AddDefsForEachModdedRace
Problematic race: Corpse_HL_Megasloth
Error: System.NullReferenceException: Object reference not set to an instance of an object
[Ref 5992DB11] Duplicate stacktrace, see ref for original
EvolvedOrgansRedux : AddDefsForEachModdedRace
Problematic race: Corpse_HL_Capybara
Error: System.NullReferenceException: Object reference not set to an instance of an object
[Ref 5992DB11] Duplicate stacktrace, see ref for original
EvolvedOrgansRedux : AddDefsForEachModdedRace
Problematic race: Corpse_HL_Squirrel
Error: System.NullReferenceException: Object reference not set to an instance of an object
[Ref 5992DB11] Duplicate stacktrace, see ref for original
EvolvedOrgansRedux : AddDefsForEachModdedRace
Problematic race: Corpse_HL_Rat
Error: System.NullReferenceException: Object reference not set to an instance of an object
[Ref 5992DB11] Duplicate stacktrace, see ref for original
EvolvedOrgansRedux : AddDefsForEachModdedRace
Problematic race: Corpse_HL_Boomrat
Error: System.NullReferenceException: Object reference not set to an instance of an object
[Ref 5992DB11] Duplicate stacktrace, see ref for original
EvolvedOrgansRedux : AddDefsForEachModdedRace
Problematic race: Corpse_HL_Raccoon
Error: System.NullReferenceException: Object reference not set to an instance of an object
[Ref 5992DB11] Duplicate stacktrace, see ref for original
EvolvedOrgansRedux : AddDefsForEachModdedRace
Problematic race: Corpse_HL_Iguana
Error: System.NullReferenceException: Object reference not set to an instance of an object
[Ref 5992DB11] Duplicate stacktrace, see ref for original
EvolvedOrgansRedux : AddDefsForEachModdedRace
Problematic race: Corpse_HL_Warg
Error: System.NullReferenceException: Object reference not set to an instance of an object
[Ref 5992DB11] Duplicate stacktrace, see ref for original
EvolvedOrgansRedux : AddDefsForEachModdedRace
Problematic race: Corpse_HL_Wolf_Timber
Error: System.NullReferenceException: Object reference not set to an instance of an object
[Ref 5992DB11] Duplicate stacktrace, see ref for original
EvolvedOrgansRedux : AddDefsForEachModdedRace
Problematic race: Corpse_HL_Wolf_Arctic
Error: System.NullReferenceException: Object reference not set to an instance of an object
[Ref 5992DB11] Duplicate stacktrace, see ref for original
EvolvedOrgansRedux : AddDefsForEachModdedRace
Problematic race: Corpse_HL_Fox_Fennec
Error: System.NullReferenceException: Object reference not set to an instance of an object
[Ref 5992DB11] Duplicate stacktrace, see ref for original
EvolvedOrgansRedux : AddDefsForEachModdedRace
Problematic race: Corpse_HL_Fox_Red
Error: System.NullReferenceException: Object reference not set to an instance of an object
[Ref 5992DB11] Duplicate stacktrace, see ref for original
EvolvedOrgansRedux : AddDefsForEachModdedRace
Problematic race: Corpse_HL_Fox_Arctic
Error: System.NullReferenceException: Object reference not set to an instance of an object
[Ref 5992DB11] Duplicate stacktrace, see ref for original
EvolvedOrgansRedux : AddDefsForEachModdedRace
Problematic race: Corpse_HL_Dryad_Basic
Error: System.NullReferenceException: Object reference not set to an instance of an object
[Ref 5992DB11] Duplicate stacktrace, see ref for original
EvolvedOrgansRedux : AddDefsForEachModdedRace
Problematic race: Corpse_HL_Dryad_Woodmaker
Error: System.NullReferenceException: Object reference not set to an instance of an object
[Ref 5992DB11] Duplicate stacktrace, see ref for original
EvolvedOrgansRedux : AddDefsForEachModdedRace
Problematic race: Corpse_HL_Dryad_Berrymaker
Error: System.NullReferenceException: Object reference not set to an instance of an object
[Ref 5992DB11] Duplicate stacktrace, see ref for original
EvolvedOrgansRedux : AddDefsForEachModdedRace
Problematic race: Corpse_HL_Dryad_Medicinemaker
Error: System.NullReferenceException: Object reference not set to an instance of an object
[Ref 5992DB11] Duplicate stacktrace, see ref for original
EvolvedOrgansRedux : AddDefsForEachModdedRace
Problematic race: Corpse_HL_Dryad_Gaumaker
Error: System.NullReferenceException: Object reference not set to an instance of an object
[Ref 5992DB11] Duplicate stacktrace, see ref for original
EvolvedOrgansRedux : AddDefsForEachModdedRace
Problematic race: Corpse_HL_Dryad_Carrier
Error: System.NullReferenceException: Object reference not set to an instance of an object
[Ref 5992DB11] Duplicate stacktrace, see ref for original
EvolvedOrgansRedux : AddDefsForEachModdedRace
Problematic race: Corpse_HL_Dryad_Clawer
Error: System.NullReferenceException: Object reference not set to an instance of an object
[Ref 5992DB11] Duplicate stacktrace, see ref for original
EvolvedOrgansRedux : AddDefsForEachModdedRace
Problematic race: Corpse_HL_Dryad_Barkskin
Error: System.NullReferenceException: Object reference not set to an instance of an object
[Ref 5992DB11] Duplicate stacktrace, see ref for original
EvolvedOrgansRedux : AddDefsForEachModdedRace
Problematic race: Corpse_HL_WasteRat
Error: System.NullReferenceException: Object reference not set to an instance of an object
[Ref 5992DB11] Duplicate stacktrace, see ref for original
EvolvedOrgansRedux : AddDefsForEachModdedRace
Problematic race: Corpse_HL_Toxalope
Error: System.NullReferenceException: Object reference not set to an instance of an object
[Ref 5992DB11] Duplicate stacktrace, see ref for original
EvolvedOrgansRedux : AddDefsForEachModdedRace
Problematic race: Corpse_HL_BogHound
Error: System.NullReferenceException: Object reference not set to an instance of an object
[Ref 5992DB11] Duplicate stacktrace, see ref for original
EvolvedOrgansRedux : AddDefsForEachModdedRace
Problematic race: Corpse_HL_MonitorLizard
Error: System.NullReferenceException: Object reference not set to an instance of an object
[Ref 5992DB11] Duplicate stacktrace, see ref for original
EvolvedOrgansRedux : AddDefsForEachModdedRace
Problematic race: Corpse_HL_PrairieDog
Error: System.NullReferenceException: Object reference not set to an instance of an object
[Ref 5992DB11] Duplicate stacktrace, see ref for original
EvolvedOrgansRedux : AddDefsForEachModdedRace
Problematic race: Corpse_HL_Porcupine
Error: System.NullReferenceException: Object reference not set to an instance of an object
[Ref 5992DB11] Duplicate stacktrace, see ref for original
EvolvedOrgansRedux : AddDefsForEachModdedRace
Problematic race: Corpse_HL_Mastodon
Error: System.NullReferenceException: Object reference not set to an instance of an object
[Ref 5992DB11] Duplicate stacktrace, see ref for original
EvolvedOrgansRedux : AddDefsForEachModdedRace
Problematic race: Corpse_HL_Cat_Scimitar
Error: System.NullReferenceException: Object reference not set to an instance of an object
[Ref 5992DB11] Duplicate stacktrace, see ref for original
EvolvedOrgansRedux : AddDefsForEachModdedRace
Problematic race: Corpse_HL_Wolverine
Error: System.NullReferenceException: Object reference not set to an instance of an object
[Ref 5992DB11] Duplicate stacktrace, see ref for original
EvolvedOrgansRedux : AddDefsForEachModdedRace
Problematic race: Corpse_HL_Wolf_Great
Error: System.NullReferenceException: Object reference not set to an instance of an object
[Ref 5992DB11] Duplicate stacktrace, see ref for original
EvolvedOrgansRedux : AddDefsForEachModdedRace
Problematic race: Corpse_HL_Moose
Error: System.NullReferenceException: Object reference not set to an instance of an object
[Ref 5992DB11] Duplicate stacktrace, see ref for original
EvolvedOrgansRedux : AddDefsForEachModdedRace
Problematic race: Corpse_HL_AlphaThrumbo
Error: System.NullReferenceException: Object reference not set to an instance of an object
[Ref 5992DB11] Duplicate stacktrace, see ref for original
EvolvedOrgansRedux : AddDefsForEachModdedRace
Problematic race: Corpse_HL_Muskox
Error: System.NullReferenceException: Object reference not set to an instance of an object
[Ref 5992DB11] Duplicate stacktrace, see ref for original
EvolvedOrgansRedux : AddDefsForEachModdedRace
Problematic race: Corpse_HL_Tiger
Error: System.NullReferenceException: Object reference not set to an instance of an object
[Ref 5992DB11] Duplicate stacktrace, see ref for original
EvolvedOrgansRedux : AddDefsForEachModdedRace
Problematic race: Corpse_HL_Mink
Error: System.NullReferenceException: Object reference not set to an instance of an object
[Ref 5992DB11] Duplicate stacktrace, see ref for original
EvolvedOrgansRedux : AddDefsForEachModdedRace
Problematic race: Corpse_HL_Badger
Error: System.NullReferenceException: Object reference not set to an instance of an object
[Ref 5992DB11] Duplicate stacktrace, see ref for original
EvolvedOrgansRedux : AddDefsForEachModdedRace
Problematic race: Corpse_HL_Panda
Error: System.NullReferenceException: Object reference not set to an instance of an object
[Ref 5992DB11] Duplicate stacktrace, see ref for original
EvolvedOrgansRedux : AddDefsForEachModdedRace
Problematic race: Corpse_HL_Hippo
Error: System.NullReferenceException: Object reference not set to an instance of an object
[Ref 5992DB11] Duplicate stacktrace, see ref for original
EvolvedOrgansRedux : AddDefsForEachModdedRace
Problematic race: Corpse_HL_Megavole
Error: System.NullReferenceException: Object reference not set to an instance of an object
[Ref 5992DB11] Duplicate stacktrace, see ref for original
EvolvedOrgansRedux : AddDefsForEachModdedRace
Problematic race: Corpse_HL_Armadillo
Error: System.NullReferenceException: Object reference not set to an instance of an object
[Ref 5992DB11] Duplicate stacktrace, see ref for original
EvolvedOrgansRedux : AddDefsForEachModdedRace
Problematic race: Corpse_HL_Alligator
Error: System.NullReferenceException: Object reference not set to an instance of an object
[Ref 5992DB11] Duplicate stacktrace, see ref for original
EvolvedOrgansRedux : AddDefsForEachModdedRace
Problematic race: Corpse_HL_Bullfrog
Error: System.NullReferenceException: Object reference not set to an instance of an object
[Ref 5992DB11] Duplicate stacktrace, see ref for original
EvolvedOrgansRedux : AddDefsForEachModdedRace
Problematic race: Corpse_HL_ColossusToad
Error: System.NullReferenceException: Object reference not set to an instance of an object
[Ref 5992DB11] Duplicate stacktrace, see ref for original
EvolvedOrgansRedux : AddDefsForEachModdedRace
Problematic race: Corpse_HL_LavaSnail
Error: System.NullReferenceException: Object reference not set to an instance of an object
[Ref 5992DB11] Duplicate stacktrace, see ref for original
EvolvedOrgansRedux : AddDefsForEachModdedRace
Problematic race: Corpse_HL_Sparrow
Error: System.NullReferenceException: Object reference not set to an instance of an object
[Ref 5992DB11] Duplicate stacktrace, see ref for original
EvolvedOrgansRedux : AddDefsForEachModdedRace
Problematic race: Corpse_HL_Crow
Error: System.NullReferenceException: Object reference not set to an instance of an object
[Ref 5992DB11] Duplicate stacktrace, see ref for original
EvolvedOrgansRedux : AddDefsForEachModdedRace
Problematic race: Corpse_HL_Bluebird
Error: System.NullReferenceException: Object reference not set to an instance of an object
[Ref 5992DB11] Duplicate stacktrace, see ref for original
EvolvedOrgansRedux : AddDefsForEachModdedRace
Problematic race: Corpse_HL_Quail
Error: System.NullReferenceException: Object reference not set to an instance of an object
[Ref 5992DB11] Duplicate stacktrace, see ref for original
EvolvedOrgansRedux : AddDefsForEachModdedRace
Problematic race: Corpse_HL_Macaw
Error: System.NullReferenceException: Object reference not set to an instance of an object
[Ref 5992DB11] Duplicate stacktrace, see ref for original
EvolvedOrgansRedux : AddDefsForEachModdedRace
Problematic race: Corpse_HL_Flamingo
Error: System.NullReferenceException: Object reference not set to an instance of an object
[Ref 5992DB11] Duplicate stacktrace, see ref for original
EvolvedOrgansRedux : AddDefsForEachModdedRace
Problematic race: Corpse_HL_Heron
Error: System.NullReferenceException: Object reference not set to an instance of an object
[Ref 5992DB11] Duplicate stacktrace, see ref for original
EvolvedOrgansRedux : AddDefsForEachModdedRace
Problematic race: Corpse_HL_Swan
Error: System.NullReferenceException: Object reference not set to an instance of an object
[Ref 5992DB11] Duplicate stacktrace, see ref for original
EvolvedOrgansRedux : AddDefsForEachModdedRace
Problematic race: Corpse_HL_Peacock
Error: System.NullReferenceException: Object reference not set to an instance of an object
[Ref 5992DB11] Duplicate stacktrace, see ref for original
EvolvedOrgansRedux : AddDefsForEachModdedRace
Problematic race: Corpse_HL_Vulture
Error: System.NullReferenceException: Object reference not set to an instance of an object
[Ref 5992DB11] Duplicate stacktrace, see ref for original
EvolvedOrgansRedux : AddDefsForEachModdedRace
Problematic race: Corpse_HL_Penguin
Error: System.NullReferenceException: Object reference not set to an instance of an object
[Ref 5992DB11] Duplicate stacktrace, see ref for original
EvolvedOrgansRedux : AddDefsForEachModdedRace
Problematic race: Corpse_HL_Walrus
Error: System.NullReferenceException: Object reference not set to an instance of an object
[Ref 5992DB11] Duplicate stacktrace, see ref for original
EvolvedOrgansRedux : AddDefsForEachModdedRace
Problematic race: Corpse_HL_SeaLion
Error: System.NullReferenceException: Object reference not set to an instance of an object
[Ref 5992DB11] Duplicate stacktrace, see ref for original
EvolvedOrgansRedux : AddDefsForEachModdedRace
Problematic race: Corpse_HL_Seal
Error: System.NullReferenceException: Object reference not set to an instance of an object
[Ref 5992DB11] Duplicate stacktrace, see ref for original
EvolvedOrgansRedux : AddDefsForEachModdedRace
Problematic race: Corpse_HL_HermitCrab
Error: System.NullReferenceException: Object reference not set to an instance of an object
[Ref 5992DB11] Duplicate stacktrace, see ref for original
EvolvedOrgansRedux : AddDefsForEachModdedRace
Problematic race: Corpse_HL_StoneCrab
Error: System.NullReferenceException: Object reference not set to an instance of an object
[Ref 5992DB11] Duplicate stacktrace, see ref for original
EvolvedOrgansRedux : AddDefsForEachModdedRace
Problematic race: Corpse_HL_SeaTurtle
Error: System.NullReferenceException: Object reference not set to an instance of an object
[Ref 5992DB11] Duplicate stacktrace, see ref for original
EvolvedOrgansRedux : AddDefsForEachModdedRace
Problematic race: Corpse_HL_Otter
Error: System.NullReferenceException: Object reference not set to an instance of an object
[Ref 5992DB11] Duplicate stacktrace, see ref for original
EvolvedOrgansRedux : AddDefsForEachModdedRace
Problematic race: Corpse_HL_Larva
Error: System.NullReferenceException: Object reference not set to an instance of an object
[Ref 5992DB11] Duplicate stacktrace, see ref for original
EvolvedOrgansRedux : AddDefsForEachModdedRace
Problematic race: Corpse_HL_HiveQueen
Error: System.NullReferenceException: Object reference not set to an instance of an object
[Ref 5992DB11] Duplicate stacktrace, see ref for original
EvolvedOrgansRedux : AddDefsForEachModdedRace
Problematic race: Corpse_HL_Locust
Error: System.NullReferenceException: Object reference not set to an instance of an object
[Ref 5992DB11] Duplicate stacktrace, see ref for original
EvolvedOrgansRedux : AddDefsForEachModdedRace
Problematic race: Corpse_HL_Purple_Nebula_Dragon
Error: System.NullReferenceException: Object reference not set to an instance of an object
[Ref 5992DB11] Duplicate stacktrace, see ref for original
EvolvedOrgansRedux : AddDefsForEachModdedRace
Problematic race: Corpse_HL_Blue_Nebula_Dragon
Error: System.NullReferenceException: Object reference not set to an instance of an object
[Ref 5992DB11] Duplicate stacktrace, see ref for original
EvolvedOrgansRedux : AddDefsForEachModdedRace
Problematic race: Corpse_HL_Red_Nebula_Dragon
Error: System.NullReferenceException: Object reference not set to an instance of an object
[Ref 5992DB11] Duplicate stacktrace, see ref for original
EvolvedOrgansRedux : AddDefsForEachModdedRace
Problematic race: Corpse_HL_EH_Void_Dragon
Error: System.NullReferenceException: Object reference not set to an instance of an object
[Ref 5992DB11] Duplicate stacktrace, see ref for original
EvolvedOrgansRedux : AddDefsForEachModdedRace
Problematic race: Corpse_HL_Destroyer_Void_Dragon
Error: System.NullReferenceException: Object reference not set to an instance of an object
[Ref 5992DB11] Duplicate stacktrace, see ref for original
EvolvedOrgansRedux : AddDefsForEachModdedRace
Problematic race: Corpse_HL_Eater_Void_Dragon
Error: System.NullReferenceException: Object reference not set to an instance of an object
[Ref 5992DB11] Duplicate stacktrace, see ref for original
EvolvedOrgansRedux : AddDefsForEachModdedRace
Problematic race: Corpse_HL_Harbinger_Void_Dragon
Error: System.NullReferenceException: Object reference not set to an instance of an object
[Ref 5992DB11] Duplicate stacktrace, see ref for original
EvolvedOrgansRedux : AddDefsForEachModdedRace
Problematic race: Corpse_HL_Rurelion_Zol_Dragon
Error: System.NullReferenceException: Object reference not set to an instance of an object
[Ref 5992DB11] Duplicate stacktrace, see ref for original
EvolvedOrgansRedux : AddDefsForEachModdedRace
Problematic race: Corpse_HL_AM_Dryad_Ocular
Error: System.NullReferenceException: Object reference not set to an instance of an object
[Ref 5992DB11] Duplicate stacktrace, see ref for original
EvolvedOrgansRedux : AddDefsForEachModdedRace
Problematic race: Corpse_HL_AM_Dryad_Spitter
Error: System.NullReferenceException: Object reference not set to an instance of an object
[Ref 5992DB11] Duplicate stacktrace, see ref for original
EvolvedOrgansRedux : AddDefsForEachModdedRace
Problematic race: Corpse_HL_AM_Dryad_Corruptor
Error: System.NullReferenceException: Object reference not set to an instance of an object
[Ref 5992DB11] Duplicate stacktrace, see ref for original
EvolvedOrgansRedux : AddDefsForEachModdedRace
Problematic race: Corpse_HL_AM_Dryad_Unstable
Error: System.NullReferenceException: Object reference not set to an instance of an object
[Ref 5992DB11] Duplicate stacktrace, see ref for original
EvolvedOrgansRedux : AddDefsForEachModdedRace
Problematic race: Corpse_HL_AM_Dryad_Tumorous
Error: System.NullReferenceException: Object reference not set to an instance of an object
[Ref 5992DB11] Duplicate stacktrace, see ref for original
EvolvedOrgansRedux : AddDefsForEachModdedRace
Problematic race: Corpse_HL_AM_UnshackledDryad
Error: System.NullReferenceException: Object reference not set to an instance of an object
[Ref 5992DB11] Duplicate stacktrace, see ref for original
EvolvedOrgansRedux : AddDefsForEachModdedRace
Problematic race: Corpse_HL_BI_Queen
Error: System.NullReferenceException: Object reference not set to an instance of an object
[Ref 5992DB11] Duplicate stacktrace, see ref for original
EvolvedOrgansRedux : AddDefsForEachModdedRace
Problematic race: Corpse_HL_ROM_ChthonianLarva
Error: System.NullReferenceException: Object reference not set to an instance of an object
[Ref 5992DB11] Duplicate stacktrace, see ref for original
EvolvedOrgansRedux : AddDefsForEachModdedRace
Problematic race: Corpse_HL_ROM_DarkYoung
Error: System.NullReferenceException: Object reference not set to an instance of an object
[Ref 5992DB11] Duplicate stacktrace, see ref for original
EvolvedOrgansRedux : AddDefsForEachModdedRace
Problematic race: Corpse_HL_Black_Dragon
Error: System.NullReferenceException: Object reference not set to an instance of an object
[Ref 5992DB11] Duplicate stacktrace, see ref for original
EvolvedOrgansRedux : AddDefsForEachModdedRace
Problematic race: Corpse_HL_Blue_Dragon
Error: System.NullReferenceException: Object reference not set to an instance of an object
[Ref 5992DB11] Duplicate stacktrace, see ref for original
EvolvedOrgansRedux : AddDefsForEachModdedRace
Problematic race: Corpse_HL_Green_Dragon
Error: System.NullReferenceException: Object reference not set to an instance of an object
[Ref 5992DB11] Duplicate stacktrace, see ref for original
EvolvedOrgansRedux : AddDefsForEachModdedRace
Problematic race: Corpse_HL_Purple_Dragon
Error: System.NullReferenceException: Object reference not set to an instance of an object
[Ref 5992DB11] Duplicate stacktrace, see ref for original
EvolvedOrgansRedux : AddDefsForEachModdedRace
Problematic race: Corpse_HL_Red_Dragon
Error: System.NullReferenceException: Object reference not set to an instance of an object
[Ref 5992DB11] Duplicate stacktrace, see ref for original
EvolvedOrgansRedux : AddDefsForEachModdedRace
Problematic race: Corpse_HL_White_Dragon
Error: System.NullReferenceException: Object reference not set to an instance of an object
[Ref 5992DB11] Duplicate stacktrace, see ref for original
EvolvedOrgansRedux : AddDefsForEachModdedRace
Problematic race: Corpse_HL_Yellow_Dragon
Error: System.NullReferenceException: Object reference not set to an instance of an object
[Ref 5992DB11] Duplicate stacktrace, see ref for original
EvolvedOrgansRedux : AddDefsForEachModdedRace
Problematic race: Corpse_HL_DD_Drake
Error: System.NullReferenceException: Object reference not set to an instance of an object
[Ref 5992DB11] Duplicate stacktrace, see ref for original
EvolvedOrgansRedux : AddDefsForEachModdedRace
Problematic race: Corpse_HL_Gold_Dragon
Error: System.NullReferenceException: Object reference not set to an instance of an object
[Ref 5992DB11] Duplicate stacktrace, see ref for original
EvolvedOrgansRedux : AddDefsForEachModdedRace
Problematic race: Corpse_HL_Silver_Dragon
Error: System.NullReferenceException: Object reference not set to an instance of an object
[Ref 5992DB11] Duplicate stacktrace, see ref for original
EvolvedOrgansRedux : AddDefsForEachModdedRace
Problematic race: Corpse_HL_Jade_Dragon
Error: System.NullReferenceException: Object reference not set to an instance of an object
[Ref 5992DB11] Duplicate stacktrace, see ref for original
EvolvedOrgansRedux : AddDefsForEachModdedRace
Problematic race: Corpse_HL_True_Dragon
Error: System.NullReferenceException: Object reference not set to an instance of an object
[Ref 5992DB11] Duplicate stacktrace, see ref for original
EvolvedOrgansRedux : AddDefsForEachModdedRace
Problematic race: Corpse_HL_Talbuk
Error: System.NullReferenceException: Object reference not set to an instance of an object
[Ref 5992DB11] Duplicate stacktrace, see ref for original
EvolvedOrgansRedux : AddDefsForEachModdedRace
Problematic race: Corpse_HL_Garry_Stitch
Error: System.NullReferenceException: Object reference not set to an instance of an object
[Ref 5992DB11] Duplicate stacktrace, see ref for original
EvolvedOrgansRedux : AddDefsForEachModdedRace
Problematic race: Corpse_HL_dvd_AnimalFrayhound
Error: System.NullReferenceException: Object reference not set to an instance of an object
[Ref 5992DB11] Duplicate stacktrace, see ref for original
EvolvedOrgansRedux : AddDefsForEachModdedRace
Problematic race: Corpse_HL_DE_Burrower
Error: System.NullReferenceException: Object reference not set to an instance of an object
[Ref 5992DB11] Duplicate stacktrace, see ref for original
EvolvedOrgansRedux : AddDefsForEachModdedRace
Problematic race: Corpse_HL_DE_MikisMetalonEfialtis
Error: System.NullReferenceException: Object reference not set to an instance of an object
[Ref 5992DB11] Duplicate stacktrace, see ref for original
EvolvedOrgansRedux : AddDefsForEachModdedRace
Problematic race: Corpse_HL_MA_Aminox
Error: System.NullReferenceException: Object reference not set to an instance of an object
[Ref 5992DB11] Duplicate stacktrace, see ref for original
EvolvedOrgansRedux : AddDefsForEachModdedRace
Problematic race: Corpse_HL_MA_Capryak
Error: System.NullReferenceException: Object reference not set to an instance of an object
[Ref 5992DB11] Duplicate stacktrace, see ref for original
EvolvedOrgansRedux : AddDefsForEachModdedRace
Problematic race: Corpse_HL_MA_Deermoss
Error: System.NullReferenceException: Object reference not set to an instance of an object
[Ref 5992DB11] Duplicate stacktrace, see ref for original
EvolvedOrgansRedux : AddDefsForEachModdedRace
Problematic race: Corpse_HL_MA_Direhorse
Error: System.NullReferenceException: Object reference not set to an instance of an object
[Ref 5992DB11] Duplicate stacktrace, see ref for original
EvolvedOrgansRedux : AddDefsForEachModdedRace
Problematic race: Corpse_HL_MA_Dunbear
Error: System.NullReferenceException: Object reference not set to an instance of an object
[Ref 5992DB11] Duplicate stacktrace, see ref for original
EvolvedOrgansRedux : AddDefsForEachModdedRace
Problematic race: Corpse_HL_MA_Duskhorn
Error: System.NullReferenceException: Object reference not set to an instance of an object
[Ref 5992DB11] Duplicate stacktrace, see ref for original
EvolvedOrgansRedux : AddDefsForEachModdedRace
Problematic race: Corpse_HL_MA_Furpotamus
Error: System.NullReferenceException: Object reference not set to an instance of an object
[Ref 5992DB11] Duplicate stacktrace, see ref for original
EvolvedOrgansRedux : AddDefsForEachModdedRace
Problematic race: Corpse_HL_MA_Gnaut
Error: System.NullReferenceException: Object reference not set to an instance of an object
[Ref 5992DB11] Duplicate stacktrace, see ref for original
EvolvedOrgansRedux : AddDefsForEachModdedRace
Problematic race: Corpse_HL_MA_Harpeagle
Error: System.NullReferenceException: Object reference not set to an instance of an object
[Ref 5992DB11] Duplicate stacktrace, see ref for original
EvolvedOrgansRedux : AddDefsForEachModdedRace
Problematic race: Corpse_HL_MA_Hellboar
Error: System.NullReferenceException: Object reference not set to an instance of an object
[Ref 5992DB11] Duplicate stacktrace, see ref for original
EvolvedOrgansRedux : AddDefsForEachModdedRace
Problematic race: Corpse_HL_MA_Manehound
Error: System.NullReferenceException: Object reference not set to an instance of an object
[Ref 5992DB11] Duplicate stacktrace, see ref for original
EvolvedOrgansRedux : AddDefsForEachModdedRace
Problematic race: Corpse_HL_MA_Narkospider
Error: System.NullReferenceException: Object reference not set to an instance of an object
[Ref 5992DB11] Duplicate stacktrace, see ref for original
EvolvedOrgansRedux : AddDefsForEachModdedRace
Problematic race: Corpse_HL_MA_Plastemmoth
Error: System.NullReferenceException: Object reference not set to an instance of an object
[Ref 5992DB11] Duplicate stacktrace, see ref for original
EvolvedOrgansRedux : AddDefsForEachModdedRace
Problematic race: Corpse_HL_MA_PlastemmothAlpha
Error: System.NullReferenceException: Object reference not set to an instance of an object
[Ref 5992DB11] Duplicate stacktrace, see ref for original
EvolvedOrgansRedux : AddDefsForEachModdedRace
Problematic race: Corpse_HL_MA_Raptorkhan
Error: System.NullReferenceException: Object reference not set to an instance of an object
[Ref 5992DB11] Duplicate stacktrace, see ref for original
EvolvedOrgansRedux : AddDefsForEachModdedRace
Problematic race: Corpse_HL_MA_Scarodon
Error: System.NullReferenceException: Object reference not set to an instance of an object
[Ref 5992DB11] Duplicate stacktrace, see ref for original
EvolvedOrgansRedux : AddDefsForEachModdedRace
Problematic race: Corpse_HL_MA_Simbakub
Error: System.NullReferenceException: Object reference not set to an instance of an object
[Ref 5992DB11] Duplicate stacktrace, see ref for original
EvolvedOrgansRedux : AddDefsForEachModdedRace
Problematic race: Corpse_HL_MA_SimbakubAlpha
Error: System.NullReferenceException: Object reference not set to an instance of an object
[Ref 5992DB11] Duplicate stacktrace, see ref for original
EvolvedOrgansRedux : AddDefsForEachModdedRace
Problematic race: Corpse_HL_MA_Sivatherium
Error: System.NullReferenceException: Object reference not set to an instance of an object
[Ref 5992DB11] Duplicate stacktrace, see ref for original
EvolvedOrgansRedux : AddDefsForEachModdedRace
Problematic race: Corpse_HL_MA_Sporemole
Error: System.NullReferenceException: Object reference not set to an instance of an object
[Ref 5992DB11] Duplicate stacktrace, see ref for original
EvolvedOrgansRedux : AddDefsForEachModdedRace
Problematic race: Corpse_HL_MA_Worhin
Error: System.NullReferenceException: Object reference not set to an instance of an object
[Ref 5992DB11] Duplicate stacktrace, see ref for original
EvolvedOrgansRedux : AddDefsForEachModdedRace
Problematic race: Corpse_HL_Archocat
Error: System.NullReferenceException: Object reference not set to an instance of an object
[Ref 5992DB11] Duplicate stacktrace, see ref for original
EvolvedOrgansRedux : AddDefsForEachModdedRace
Problematic race: Corpse_HL_Archomutt
Error: System.NullReferenceException: Object reference not set to an instance of an object
[Ref 5992DB11] Duplicate stacktrace, see ref for original
EvolvedOrgansRedux : AddDefsForEachModdedRace
Problematic race: Corpse_HL_Archojerboa
Error: System.NullReferenceException: Object reference not set to an instance of an object
[Ref 5992DB11] Duplicate stacktrace, see ref for original
EvolvedOrgansRedux : AddDefsForEachModdedRace
Problematic race: Corpse_HL_Archoffalo
Error: System.NullReferenceException: Object reference not set to an instance of an object
[Ref 5992DB11] Duplicate stacktrace, see ref for original
EvolvedOrgansRedux : AddDefsForEachModdedRace
Problematic race: Corpse_HL_Archolope
Error: System.NullReferenceException: Object reference not set to an instance of an object
[Ref 5992DB11] Duplicate stacktrace, see ref for original
EvolvedOrgansRedux : AddDefsForEachModdedRace
Problematic race: Corpse_HL_Archothrumbo
Error: System.NullReferenceException: Object reference not set to an instance of an object
[Ref 5992DB11] Duplicate stacktrace, see ref for original
EvolvedOrgansRedux : AddDefsForEachModdedRace
Problematic race: Corpse_HL_Archotortoise
Error: System.NullReferenceException: Object reference not set to an instance of an object
[Ref 5992DB11] Duplicate stacktrace, see ref for original
EvolvedOrgansRedux : AddDefsForEachModdedRace
Problematic race: Corpse_HL_Archopanda
Error: System.NullReferenceException: Object reference not set to an instance of an object
[Ref 5992DB11] Duplicate stacktrace, see ref for original
EvolvedOrgansRedux : AddDefsForEachModdedRace
Problematic race: Corpse_HL_Archostrich
Error: System.NullReferenceException: Object reference not set to an instance of an object
[Ref 5992DB11] Duplicate stacktrace, see ref for original
EvolvedOrgansRedux : AddDefsForEachModdedRace
Problematic race: Corpse_HL_Archospider
Error: System.NullReferenceException: Object reference not set to an instance of an object
[Ref 5992DB11] Duplicate stacktrace, see ref for original
EvolvedOrgansRedux : AddDefsForEachModdedRace
Problematic race: Corpse_HL_Astromite
Error: System.NullReferenceException: Object reference not set to an instance of an object
[Ref 5992DB11] Duplicate stacktrace, see ref for original
EvolvedOrgansRedux : AddDefsForEachModdedRace
Problematic race: Corpse_HL_Stellapede
Error: System.NullReferenceException: Object reference not set to an instance of an object
[Ref 5992DB11] Duplicate stacktrace, see ref for original
EvolvedOrgansRedux : AddDefsForEachModdedRace
Problematic race: Corpse_HL_Cosmopillar
Error: System.NullReferenceException: Object reference not set to an instance of an object
[Ref 5992DB11] Duplicate stacktrace, see ref for original
EvolvedOrgansRedux : AddDefsForEachModdedRace
Problematic race: Corpse_HL_SithSorcery_Terentatek_Pawn
Error: System.NullReferenceException: Object reference not set to an instance of an object
[Ref 5992DB11] Duplicate stacktrace, see ref for original
EvolvedOrgansRedux : AddDefsForEachModdedRace
Problematic race: Corpse_HL_SC_Rockbull
Error: System.NullReferenceException: Object reference not set to an instance of an object
[Ref 5992DB11] Duplicate stacktrace, see ref for original
EvolvedOrgansRedux : AddDefsForEachModdedRace
Problematic race: Corpse_HL_SC_RockbullAlbino
Error: System.NullReferenceException: Object reference not set to an instance of an object
[Ref 5992DB11] Duplicate stacktrace, see ref for original
EvolvedOrgansRedux : AddDefsForEachModdedRace
Problematic race: Corpse_HL_SC_Creamgrub
Error: System.NullReferenceException: Object reference not set to an instance of an object
[Ref 5992DB11] Duplicate stacktrace, see ref for original
EvolvedOrgansRedux : AddDefsForEachModdedRace
Problematic race: Corpse_HL_SC_Insect_Moleroach
Error: System.NullReferenceException: Object reference not set to an instance of an object
[Ref 5992DB11] Duplicate stacktrace, see ref for original
EvolvedOrgansRedux : AddDefsForEachModdedRace
Problematic race: Corpse_HL_SC_Insect_MoleroachBlue
Error: System.NullReferenceException: Object reference not set to an instance of an object
[Ref 5992DB11] Duplicate stacktrace, see ref for original
EvolvedOrgansRedux : AddDefsForEachModdedRace
Problematic race: Corpse_HL_AEXP_Coyote
Error: System.NullReferenceException: Object reference not set to an instance of an object
[Ref 5992DB11] Duplicate stacktrace, see ref for original
EvolvedOrgansRedux : AddDefsForEachModdedRace
Problematic race: Corpse_HL_AEXP_Giraffe
Error: System.NullReferenceException: Object reference not set to an instance of an object
[Ref 5992DB11] Duplicate stacktrace, see ref for original
EvolvedOrgansRedux : AddDefsForEachModdedRace
Problematic race: Corpse_HL_AEXP_Zebra
Error: System.NullReferenceException: Object reference not set to an instance of an object
[Ref 5992DB11] Duplicate stacktrace, see ref for original
EvolvedOrgansRedux : AddDefsForEachModdedRace
Problematic race: Corpse_HL_AEXP_Wildebeest
Error: System.NullReferenceException: Object reference not set to an instance of an object
[Ref 5992DB11] Duplicate stacktrace, see ref for original
EvolvedOrgansRedux : AddDefsForEachModdedRace
Problematic race: Corpse_HL_AEXP_Crocodile
Error: System.NullReferenceException: Object reference not set to an instance of an object
[Ref 5992DB11] Duplicate stacktrace, see ref for original
EvolvedOrgansRedux : AddDefsForEachModdedRace
Problematic race: Corpse_HL_AEXP_Cheetah
Error: System.NullReferenceException: Object reference not set to an instance of an object
[Ref 5992DB11] Duplicate stacktrace, see ref for original
EvolvedOrgansRedux : AddDefsForEachModdedRace
Problematic race: Corpse_HL_AEXP_Boombat
Error: System.NullReferenceException: Object reference not set to an instance of an object
[Ref 5992DB11] Duplicate stacktrace, see ref for original
EvolvedOrgansRedux : AddDefsForEachModdedRace
Problematic race: Corpse_HL_AEXP_Koala
Error: System.NullReferenceException: Object reference not set to an instance of an object
[Ref 5992DB11] Duplicate stacktrace, see ref for original
EvolvedOrgansRedux : AddDefsForEachModdedRace
Problematic race: Corpse_HL_AEXP_Platypus
Error: System.NullReferenceException: Object reference not set to an instance of an object
[Ref 5992DB11] Duplicate stacktrace, see ref for original
EvolvedOrgansRedux : AddDefsForEachModdedRace
Problematic race: Corpse_HL_AEXP_ArcticCoyote
Error: System.NullReferenceException: Object reference not set to an instance of an object
[Ref 5992DB11] Duplicate stacktrace, see ref for original
EvolvedOrgansRedux : AddDefsForEachModdedRace
Problematic race: Corpse_HL_AEXP_BlackBear
Error: System.NullReferenceException: Object reference not set to an instance of an object
[Ref 5992DB11] Duplicate stacktrace, see ref for original
EvolvedOrgansRedux : AddDefsForEachModdedRace
Problematic race: Corpse_HL_AEXP_CatAbyssinian
Error: System.NullReferenceException: Object reference not set to an instance of an object
[Ref 5992DB11] Duplicate stacktrace, see ref for original
EvolvedOrgansRedux : AddDefsForEachModdedRace
Problematic race: Corpse_HL_AEXP_CatBengal
Error: System.NullReferenceException: Object reference not set to an instance of an object
[Ref 5992DB11] Duplicate stacktrace, see ref for original
EvolvedOrgansRedux : AddDefsForEachModdedRace
Problematic race: Corpse_HL_AEXP_CatBritishShorthair
Error: System.NullReferenceException: Object reference not set to an instance of an object
[Ref 5992DB11] Duplicate stacktrace, see ref for original
EvolvedOrgansRedux : AddDefsForEachModdedRace
Problematic race: Corpse_HL_AEXP_CatMaineCoon
Error: System.NullReferenceException: Object reference not set to an instance of an object
[Ref 5992DB11] Duplicate stacktrace, see ref for original
EvolvedOrgansRedux : AddDefsForEachModdedRace
Problematic race: Corpse_HL_AEXP_CatMunchkin
Error: System.NullReferenceException: Object reference not set to an instance of an object
[Ref 5992DB11] Duplicate stacktrace, see ref for original
EvolvedOrgansRedux : AddDefsForEachModdedRace
Problematic race: Corpse_HL_AEXP_CatNorwegianForest
Error: System.NullReferenceException: Object reference not set to an instance of an object
[Ref 5992DB11] Duplicate stacktrace, see ref for original
EvolvedOrgansRedux : AddDefsForEachModdedRace
Problematic race: Corpse_HL_AEXP_CatPersian
Error: System.NullReferenceException: Object reference not set to an instance of an object
[Ref 5992DB11] Duplicate stacktrace, see ref for original
EvolvedOrgansRedux : AddDefsForEachModdedRace
Problematic race: Corpse_HL_AEXP_CatSiamese
Error: System.NullReferenceException: Object reference not set to an instance of an object
[Ref 5992DB11] Duplicate stacktrace, see ref for original
EvolvedOrgansRedux : AddDefsForEachModdedRace
Problematic race: Corpse_HL_AEXP_CatSomali
Error: System.NullReferenceException: Object reference not set to an instance of an object
[Ref 5992DB11] Duplicate stacktrace, see ref for original
EvolvedOrgansRedux : AddDefsForEachModdedRace
Problematic race: Corpse_HL_AEXP_CatSphynx
Error: System.NullReferenceException: Object reference not set to an instance of an object
[Ref 5992DB11] Duplicate stacktrace, see ref for original
EvolvedOrgansRedux : AddDefsForEachModdedRace
Problematic race: Corpse_HL_AEXP_Hyena
Error: System.NullReferenceException: Object reference not set to an instance of an object
[Ref 5992DB11] Duplicate stacktrace, see ref for original
EvolvedOrgansRedux : AddDefsForEachModdedRace
Problematic race: Corpse_HL_AEXP_DesertTortoise
Error: System.NullReferenceException: Object reference not set to an instance of an object
[Ref 5992DB11] Duplicate stacktrace, see ref for original
EvolvedOrgansRedux : AddDefsForEachModdedRace
Problematic race: Corpse_HL_AEXP_Lion
Error: System.NullReferenceException: Object reference not set to an instance of an object
[Ref 5992DB11] Duplicate stacktrace, see ref for original
EvolvedOrgansRedux : AddDefsForEachModdedRace
Problematic race: Corpse_HL_AEXP_GilaMonster
Error: System.NullReferenceException: Object reference not set to an instance of an object
[Ref 5992DB11] Duplicate stacktrace, see ref for original
EvolvedOrgansRedux : AddDefsForEachModdedRace
Problematic race: Corpse_HL_AEXP_Beagle
Error: System.NullReferenceException: Object reference not set to an instance of an object
[Ref 5992DB11] Duplicate stacktrace, see ref for original
EvolvedOrgansRedux : AddDefsForEachModdedRace
Problematic race: Corpse_HL_AEXP_Chihuahua
Error: System.NullReferenceException: Object reference not set to an instance of an object
[Ref 5992DB11] Duplicate stacktrace, see ref for original
EvolvedOrgansRedux : AddDefsForEachModdedRace
Problematic race: Corpse_HL_AEXP_Corgi
Error: System.NullReferenceException: Object reference not set to an instance of an object
[Ref 5992DB11] Duplicate stacktrace, see ref for original
EvolvedOrgansRedux : AddDefsForEachModdedRace
Problematic race: Corpse_HL_AEXP_FrenchBulldog
Error: System.NullReferenceException: Object reference not set to an instance of an object
[Ref 5992DB11] Duplicate stacktrace, see ref for original
EvolvedOrgansRedux : AddDefsForEachModdedRace
Problematic race: Corpse_HL_AEXP_GermanShepherd
Error: System.NullReferenceException: Object reference not set to an instance of an object
[Ref 5992DB11] Duplicate stacktrace, see ref for original
EvolvedOrgansRedux : AddDefsForEachModdedRace
Problematic race: Corpse_HL_AEXP_GreatDane
Error: System.NullReferenceException: Object reference not set to an instance of an object
[Ref 5992DB11] Duplicate stacktrace, see ref for original
EvolvedOrgansRedux : AddDefsForEachModdedRace
Problematic race: Corpse_HL_AEXP_Poodle
Error: System.NullReferenceException: Object reference not set to an instance of an object
[Ref 5992DB11] Duplicate stacktrace, see ref for original
EvolvedOrgansRedux : AddDefsForEachModdedRace
Problematic race: Corpse_HL_AEXP_Pug
Error: System.NullReferenceException: Object reference not set to an instance of an object
[Ref 5992DB11] Duplicate stacktrace, see ref for original
EvolvedOrgansRedux : AddDefsForEachModdedRace
Problematic race: Corpse_HL_AEXP_Rottweiler
Error: System.NullReferenceException: Object reference not set to an instance of an object
[Ref 5992DB11] Duplicate stacktrace, see ref for original
EvolvedOrgansRedux : AddDefsForEachModdedRace
Problematic race: Corpse_HL_AEXP_Shih-Tzu
Error: System.NullReferenceException: Object reference not set to an instance of an object
[Ref 5992DB11] Duplicate stacktrace, see ref for original
EvolvedOrgansRedux : AddDefsForEachModdedRace
Problematic race: Corpse_HL_AEXP_WelshTerrier
Error: System.NullReferenceException: Object reference not set to an instance of an object
[Ref 5992DB11] Duplicate stacktrace, see ref for original
EvolvedOrgansRedux : AddDefsForEachModdedRace
Problematic race: Corpse_HL_AEXP_Camel
Error: System.NullReferenceException: Object reference not set to an instance of an object
[Ref 5992DB11] Duplicate stacktrace, see ref for original
EvolvedOrgansRedux : AddDefsForEachModdedRace
Problematic race: Corpse_HL_AEXP_Rattlesnake
Error: System.NullReferenceException: Object reference not set to an instance of an object
[Ref 5992DB11] Duplicate stacktrace, see ref for original
EvolvedOrgansRedux : AddDefsForEachModdedRace
Problematic race: Corpse_HL_AEXP_Megascorpion
Error: System.NullReferenceException: Object reference not set to an instance of an object
[Ref 5992DB11] Duplicate stacktrace, see ref for original
EvolvedOrgansRedux : AddDefsForEachModdedRace
Problematic race: Corpse_HL_AEXP_RedPanda
Error: System.NullReferenceException: Object reference not set to an instance of an object
[Ref 5992DB11] Duplicate stacktrace, see ref for original
EvolvedOrgansRedux : AddDefsForEachModdedRace
Problematic race: Corpse_HL_AEXP_WildGoose
Error: System.NullReferenceException: Object reference not set to an instance of an object
[Ref 5992DB11] Duplicate stacktrace, see ref for original
EvolvedOrgansRedux : AddDefsForEachModdedRace
Problematic race: Corpse_HL_AEXP_Beaver
Error: System.NullReferenceException: Object reference not set to an instance of an object
[Ref 5992DB11] Duplicate stacktrace, see ref for original
EvolvedOrgansRedux : AddDefsForEachModdedRace
Problematic race: Corpse_HL_AEXP_Hedgehog
Error: System.NullReferenceException: Object reference not set to an instance of an object
[Ref 5992DB11] Duplicate stacktrace, see ref for original
EvolvedOrgansRedux : AddDefsForEachModdedRace
Problematic race: Corpse_HL_AEXP_Jaguar
Error: System.NullReferenceException: Object reference not set to an instance of an object
[Ref 5992DB11] Duplicate stacktrace, see ref for original
EvolvedOrgansRedux : AddDefsForEachModdedRace
Problematic race: Corpse_HL_AEXP_Tapir
Error: System.NullReferenceException: Object reference not set to an instance of an object
[Ref 5992DB11] Duplicate stacktrace, see ref for original
EvolvedOrgansRedux : AddDefsForEachModdedRace
Problematic race: Corpse_HL_AEXP_Anaconda
Error: System.NullReferenceException: Object reference not set to an instance of an object
[Ref 5992DB11] Duplicate stacktrace, see ref for original
EvolvedOrgansRedux : AddDefsForEachModdedRace
Problematic race: Corpse_HL_AEXP_IndianElephant
Error: System.NullReferenceException: Object reference not set to an instance of an object
[Ref 5992DB11] Duplicate stacktrace, see ref for original
EvolvedOrgansRedux : AddDefsForEachModdedRace
Problematic race: Corpse_HL_AEXP_MegaWolverine
Error: System.NullReferenceException: Object reference not set to an instance of an object
[Ref 5992DB11] Duplicate stacktrace, see ref for original
EvolvedOrgansRedux : AddDefsForEachModdedRace
Problematic race: Corpse_HL_VCE_Megareindeer
Error: System.NullReferenceException: Object reference not set to an instance of an object
[Ref 5992DB11] Duplicate stacktrace, see ref for original
EvolvedOrgansRedux : AddDefsForEachModdedRace
Problematic race: Corpse_HL_VFEI2_Acidspitter
Error: System.NullReferenceException: Object reference not set to an instance of an object
[Ref 5992DB11] Duplicate stacktrace, see ref for original
EvolvedOrgansRedux : AddDefsForEachModdedRace
Problematic race: Corpse_HL_VFEI2_Boomtick
Error: System.NullReferenceException: Object reference not set to an instance of an object
[Ref 5992DB11] Duplicate stacktrace, see ref for original
EvolvedOrgansRedux : AddDefsForEachModdedRace
Problematic race: Corpse_HL_VFEI2_Durapod
Error: System.NullReferenceException: Object reference not set to an instance of an object
[Ref 5992DB11] Duplicate stacktrace, see ref for original
EvolvedOrgansRedux : AddDefsForEachModdedRace
Problematic race: Corpse_HL_VFEI2_Empress
Error: System.NullReferenceException: Object reference not set to an instance of an object
[Ref 5992DB11] Duplicate stacktrace, see ref for original
EvolvedOrgansRedux : AddDefsForEachModdedRace
Problematic race: Corpse_HL_VFEI2_Fuelmite
Error: System.NullReferenceException: Object reference not set to an instance of an object
[Ref 5992DB11] Duplicate stacktrace, see ref for original
EvolvedOrgansRedux : AddDefsForEachModdedRace
Problematic race: Corpse_HL_VFEI2_Gigalocust
Error: System.NullReferenceException: Object reference not set to an instance of an object
[Ref 5992DB11] Duplicate stacktrace, see ref for original
EvolvedOrgansRedux : AddDefsForEachModdedRace
Problematic race: Corpse_HL_VFEI2_Gigamite
Error: System.NullReferenceException: Object reference not set to an instance of an object
[Ref 5992DB11] Duplicate stacktrace, see ref for original
EvolvedOrgansRedux : AddDefsForEachModdedRace
Problematic race: Corpse_HL_VFEI2_Hellbeetle
Error: System.NullReferenceException: Object reference not set to an instance of an object
[Ref 5992DB11] Duplicate stacktrace, see ref for original
EvolvedOrgansRedux : AddDefsForEachModdedRace
Problematic race: Corpse_HL_VFEI2_Ironclad
Error: System.NullReferenceException: Object reference not set to an instance of an object
[Ref 5992DB11] Duplicate stacktrace, see ref for original
EvolvedOrgansRedux : AddDefsForEachModdedRace
Problematic race: Corpse_HL_VFEI2_Macrofly
Error: System.NullReferenceException: Object reference not set to an instance of an object
[Ref 5992DB11] Duplicate stacktrace, see ref for original
EvolvedOrgansRedux : AddDefsForEachModdedRace
Problematic race: Corpse_HL_VFEI2_Megapede
Error: System.NullReferenceException: Object reference not set to an instance of an object
[Ref 5992DB11] Duplicate stacktrace, see ref for original
EvolvedOrgansRedux : AddDefsForEachModdedRace
Problematic race: Corpse_HL_VFEI2_Megathrips
Error: System.NullReferenceException: Object reference not set to an instance of an object
[Ref 5992DB11] Duplicate stacktrace, see ref for original
EvolvedOrgansRedux : AddDefsForEachModdedRace
Problematic race: Corpse_HL_VFEI2_Megawasp
Error: System.NullReferenceException: Object reference not set to an instance of an object
[Ref 5992DB11] Duplicate stacktrace, see ref for original
EvolvedOrgansRedux : AddDefsForEachModdedRace
Problematic race: Corpse_HL_VFEI2_Patriarch
Error: System.NullReferenceException: Object reference not set to an instance of an object
[Ref 5992DB11] Duplicate stacktrace, see ref for original
EvolvedOrgansRedux : AddDefsForEachModdedRace
Problematic race: Corpse_HL_VFEI2_Queen
Error: System.NullReferenceException: Object reference not set to an instance of an object
[Ref 5992DB11] Duplicate stacktrace, see ref for original
EvolvedOrgansRedux : AddDefsForEachModdedRace
Problematic race: Corpse_HL_VFEI2_RoyalMegascarab
Error: System.NullReferenceException: Object reference not set to an instance of an object
[Ref 5992DB11] Duplicate stacktrace, see ref for original
EvolvedOrgansRedux : AddDefsForEachModdedRace
Problematic race: Corpse_HL_VFEI2_RoyalMegaspider
Error: System.NullReferenceException: Object reference not set to an instance of an object
[Ref 5992DB11] Duplicate stacktrace, see ref for original
EvolvedOrgansRedux : AddDefsForEachModdedRace
Problematic race: Corpse_HL_VFEI2_RoyalSpelopede
Error: System.NullReferenceException: Object reference not set to an instance of an object
[Ref 5992DB11] Duplicate stacktrace, see ref for original
EvolvedOrgansRedux : AddDefsForEachModdedRace
Problematic race: Corpse_HL_VFEI2_Silverfish
Error: System.NullReferenceException: Object reference not set to an instance of an object
[Ref 5992DB11] Duplicate stacktrace, see ref for original
EvolvedOrgansRedux : AddDefsForEachModdedRace
Problematic race: Corpse_HL_VFEI2_Swarmling
Error: System.NullReferenceException: Object reference not set to an instance of an object
[Ref 5992DB11] Duplicate stacktrace, see ref for original
EvolvedOrgansRedux : AddDefsForEachModdedRace
Problematic race: Corpse_HL_VFEI2_Tankroach
Error: System.NullReferenceException: Object reference not set to an instance of an object
[Ref 5992DB11] Duplicate stacktrace, see ref for original
EvolvedOrgansRedux : AddDefsForEachModdedRace
Problematic race: Corpse_HL_VFEI2_Teramantis
Error: System.NullReferenceException: Object reference not set to an instance of an object
[Ref 5992DB11] Duplicate stacktrace, see ref for original
EvolvedOrgansRedux : AddDefsForEachModdedRace
Problematic race: Corpse_HL_VFEI2_Titantick
Error: System.NullReferenceException: Object reference not set to an instance of an object
[Ref 5992DB11] Duplicate stacktrace, see ref for original
EvolvedOrgansRedux : AddDefsForEachModdedRace
Problematic race: Corpse_HL_VFEI2_Venomite
Error: System.NullReferenceException: Object reference not set to an instance of an object
[Ref 5992DB11] Duplicate stacktrace, see ref for original
EvolvedOrgansRedux : AddDefsForEachModdedRace
Problematic race: Corpse_HL_VDE_AwakenedDryad_Carrier
Error: System.NullReferenceException: Object reference not set to an instance of an object
[Ref 5992DB11] Duplicate stacktrace, see ref for original
EvolvedOrgansRedux : AddDefsForEachModdedRace
Problematic race: Corpse_HL_VDE_AwakenedDryad_Clawer
Error: System.NullReferenceException: Object reference not set to an instance of an object
[Ref 5992DB11] Duplicate stacktrace, see ref for original
EvolvedOrgansRedux : AddDefsForEachModdedRace
Problematic race: Corpse_HL_VDE_AwakenedDryad_Barkskin
Error: System.NullReferenceException: Object reference not set to an instance of an object
[Ref 5992DB11] Duplicate stacktrace, see ref for original
EvolvedOrgansRedux : AddDefsForEachModdedRace
Problematic race: Corpse_HL_VDE_AwakenedDryad_Woodmaker
Error: System.NullReferenceException: Object reference not set to an instance of an object
[Ref 5992DB11] Duplicate stacktrace, see ref for original
EvolvedOrgansRedux : AddDefsForEachModdedRace
Problematic race: Corpse_HL_VDE_AwakenedDryad_Medicinemaker
Error: System.NullReferenceException: Object reference not set to an instance of an object
[Ref 5992DB11] Duplicate stacktrace, see ref for original
EvolvedOrgansRedux : AddDefsForEachModdedRace
Problematic race: Corpse_HL_VDE_AwakenedDryad_Berrymaker
Error: System.NullReferenceException: Object reference not set to an instance of an object
[Ref 5992DB11] Duplicate stacktrace, see ref for original
EvolvedOrgansRedux : AddDefsForEachModdedRace
Problematic race: Corpse_HL_VDE_AwakenedDryad_Stonedigger
Error: System.NullReferenceException: Object reference not set to an instance of an object
[Ref 5992DB11] Duplicate stacktrace, see ref for original
EvolvedOrgansRedux : AddDefsForEachModdedRace
Problematic race: Corpse_HL_VDE_AwakenedDryad_Nectarmaker
Error: System.NullReferenceException: Object reference not set to an instance of an object
[Ref 5992DB11] Duplicate stacktrace, see ref for original
EvolvedOrgansRedux : AddDefsForEachModdedRace
Problematic race: Corpse_HL_VDE_AwakenedDryad_Spitter
Error: System.NullReferenceException: Object reference not set to an instance of an object
[Ref 5992DB11] Duplicate stacktrace, see ref for original
EvolvedOrgansRedux : AddDefsForEachModdedRace
Problematic race: Corpse_HL_VDE_AwakenedDryad_Gaubricmaker
Error: System.NullReferenceException: Object reference not set to an instance of an object
[Ref 5992DB11] Duplicate stacktrace, see ref for original
EvolvedOrgansRedux : AddDefsForEachModdedRace
Problematic race: Corpse_HL_VDE_Dryad_Stonedigger
Error: System.NullReferenceException: Object reference not set to an instance of an object
[Ref 5992DB11] Duplicate stacktrace, see ref for original
EvolvedOrgansRedux : AddDefsForEachModdedRace
Problematic race: Corpse_HL_VDE_Dryad_Spitter
Error: System.NullReferenceException: Object reference not set to an instance of an object
[Ref 5992DB11] Duplicate stacktrace, see ref for original
EvolvedOrgansRedux : AddDefsForEachModdedRace
Problematic race: Corpse_HL_VDE_Dryad_Gaubricmaker
Error: System.NullReferenceException: Object reference not set to an instance of an object
[Ref 5992DB11] Duplicate stacktrace, see ref for original
EvolvedOrgansRedux : AddDefsForEachModdedRace
Problematic race: Corpse_HL_VDE_Dryad_Nectarmaker
Error: System.NullReferenceException: Object reference not set to an instance of an object
[Ref 5992DB11] Duplicate stacktrace, see ref for original
EvolvedOrgansRedux : AddDefsForEachModdedRace
Problematic race: Corpse_HL_VQE_IceCrawler
Error: System.NullReferenceException: Object reference not set to an instance of an object
[Ref 5992DB11] Duplicate stacktrace, see ref for original
EvolvedOrgansRedux : AddDefsForEachModdedRace
Problematic race: Corpse_HL_VQE_Megamidge
Error: System.NullReferenceException: Object reference not set to an instance of an object
[Ref 5992DB11] Duplicate stacktrace, see ref for original
EvolvedOrgansRedux : AddDefsForEachModdedRace
Problematic race: Corpse_HL_VRE_CompanionDryad
Error: System.NullReferenceException: Object reference not set to an instance of an object
[Ref 5992DB11] Duplicate stacktrace, see ref for original
EvolvedOrgansRedux : AddDefsForEachModdedRace
Problematic race: Corpse_HL_TM_DemonR
Error: System.NullReferenceException: Object reference not set to an instance of an object
[Ref 5992DB11] Duplicate stacktrace, see ref for original
EvolvedOrgansRedux : AddDefsForEachModdedRace
Problematic race: Corpse_HL_TM_LesserDemonR
Error: System.NullReferenceException: Object reference not set to an instance of an object
[Ref 5992DB11] Duplicate stacktrace, see ref for original
EvolvedOrgansRedux : AddDefsForEachModdedRace
Problematic race: Corpse_HL_TM_Dire_WolfR
Error: System.NullReferenceException: Object reference not set to an instance of an object
[Ref 5992DB11] Duplicate stacktrace, see ref for original
EvolvedOrgansRedux : AddDefsForEachModdedRace
Problematic race: Corpse_HL_TM_LesserEarth_ElementalR
Error: System.NullReferenceException: Object reference not set to an instance of an object
[Ref 5992DB11] Duplicate stacktrace, see ref for original
EvolvedOrgansRedux : AddDefsForEachModdedRace
Problematic race: Corpse_HL_TM_Earth_ElementalR
Error: System.NullReferenceException: Object reference not set to an instance of an object
[Ref 5992DB11] Duplicate stacktrace, see ref for original
EvolvedOrgansRedux : AddDefsForEachModdedRace
Problematic race: Corpse_HL_TM_GreaterEarth_ElementalR
Error: System.NullReferenceException: Object reference not set to an instance of an object
[Ref 5992DB11] Duplicate stacktrace, see ref for original
EvolvedOrgansRedux : AddDefsForEachModdedRace
Problematic race: Corpse_HL_TM_LesserFire_ElementalR
Error: System.NullReferenceException: Object reference not set to an instance of an object
[Ref 5992DB11] Duplicate stacktrace, see ref for original
EvolvedOrgansRedux : AddDefsForEachModdedRace
Problematic race: Corpse_HL_TM_Fire_ElementalR
Error: System.NullReferenceException: Object reference not set to an instance of an object
[Ref 5992DB11] Duplicate stacktrace, see ref for original
EvolvedOrgansRedux : AddDefsForEachModdedRace
Problematic race: Corpse_HL_TM_GreaterFire_ElementalR
Error: System.NullReferenceException: Object reference not set to an instance of an object
[Ref 5992DB11] Duplicate stacktrace, see ref for original
EvolvedOrgansRedux : AddDefsForEachModdedRace
Problematic race: Corpse_HL_TM_LesserWater_ElementalR
Error: System.NullReferenceException: Object reference not set to an instance of an object
[Ref 5992DB11] Duplicate stacktrace, see ref for original
EvolvedOrgansRedux : AddDefsForEachModdedRace
Problematic race: Corpse_HL_TM_Water_ElementalR
Error: System.NullReferenceException: Object reference not set to an instance of an object
[Ref 5992DB11] Duplicate stacktrace, see ref for original
EvolvedOrgansRedux : AddDefsForEachModdedRace
Problematic race: Corpse_HL_TM_GreaterWater_ElementalR
Error: System.NullReferenceException: Object reference not set to an instance of an object
[Ref 5992DB11] Duplicate stacktrace, see ref for original
EvolvedOrgansRedux : AddDefsForEachModdedRace
Problematic race: Corpse_HL_TM_LesserWind_ElementalR
Error: System.NullReferenceException: Object reference not set to an instance of an object
[Ref 5992DB11] Duplicate stacktrace, see ref for original
EvolvedOrgansRedux : AddDefsForEachModdedRace
Problematic race: Corpse_HL_TM_Wind_ElementalR
Error: System.NullReferenceException: Object reference not set to an instance of an object
[Ref 5992DB11] Duplicate stacktrace, see ref for original
EvolvedOrgansRedux : AddDefsForEachModdedRace
Problematic race: Corpse_HL_TM_GreaterWind_ElementalR
Error: System.NullReferenceException: Object reference not set to an instance of an object
[Ref 5992DB11] Duplicate stacktrace, see ref for original
EvolvedOrgansRedux : AddDefsForEachModdedRace
Problematic race: Corpse_HL_TM_MinionR
Error: System.NullReferenceException: Object reference not set to an instance of an object
[Ref 5992DB11] Duplicate stacktrace, see ref for original
EvolvedOrgansRedux : AddDefsForEachModdedRace
Problematic race: Corpse_HL_TM_GreaterMinionR
Error: System.NullReferenceException: Object reference not set to an instance of an object
[Ref 5992DB11] Duplicate stacktrace, see ref for original
EvolvedOrgansRedux : AddDefsForEachModdedRace
Problematic race: Corpse_HL_TM_Lesser_SentinelR
Error: System.NullReferenceException: Object reference not set to an instance of an object
[Ref 5992DB11] Duplicate stacktrace, see ref for original
EvolvedOrgansRedux : AddDefsForEachModdedRace
Problematic race: Corpse_HL_TM_SentinelR
Error: System.NullReferenceException: Object reference not set to an instance of an object
[Ref 5992DB11] Duplicate stacktrace, see ref for original
EvolvedOrgansRedux : AddDefsForEachModdedRace
Problematic race: Corpse_HL_TM_Greater_SentinelR
Error: System.NullReferenceException: Object reference not set to an instance of an object
[Ref 5992DB11] Duplicate stacktrace, see ref for original
EvolvedOrgansRedux : AddDefsForEachModdedRace
Problematic race: Corpse_HL_TM_SkeletonLichR
Error: System.NullReferenceException: Object reference not set to an instance of an object
[Ref 5992DB11] Duplicate stacktrace, see ref for original
EvolvedOrgansRedux : AddDefsForEachModdedRace
Problematic race: Corpse_HL_TM_GiantSkeletonR
Error: System.NullReferenceException: Object reference not set to an instance of an object
[Ref 5992DB11] Duplicate stacktrace, see ref for original
EvolvedOrgansRedux : AddDefsForEachModdedRace
Problematic race: Corpse_HL_TM_SkeletonR
Error: System.NullReferenceException: Object reference not set to an instance of an object
[Ref 5992DB11] Duplicate stacktrace, see ref for original
EvolvedOrgansRedux : AddDefsForEachModdedRace
Problematic race: Corpse_HL_TM_SpiritBearR
Error: System.NullReferenceException: Object reference not set to an instance of an object
[Ref 5992DB11] Duplicate stacktrace, see ref for original
EvolvedOrgansRedux : AddDefsForEachModdedRace
Problematic race: Corpse_HL_TM_SpiritMongooseR
Error: System.NullReferenceException: Object reference not set to an instance of an object
[Ref 5992DB11] Duplicate stacktrace, see ref for original
EvolvedOrgansRedux : AddDefsForEachModdedRace
Problematic race: Corpse_HL_TM_SpiritCrowR
Error: System.NullReferenceException: Object reference not set to an instance of an object
[Ref 5992DB11] Duplicate stacktrace, see ref for original
EvolvedOrgansRedux : AddDefsForEachModdedRace
Problematic race: Corpse_HL_TM_SpiritWolfR
Error: System.NullReferenceException: Object reference not set to an instance of an object
[Ref 5992DB11] Duplicate stacktrace, see ref for original
EvolvedOrgansRedux : AddDefsForEachModdedRace
Problematic race: Corpse_HL_BiomesIslands_Flamingo
Error: System.NullReferenceException: Object reference not set to an instance of an object
[Ref 5992DB11] Duplicate stacktrace, see ref for original
EvolvedOrgansRedux : AddDefsForEachModdedRace
Problematic race: Corpse_HL_BMT_LandOctopus
Error: System.NullReferenceException: Object reference not set to an instance of an object
[Ref 5992DB11] Duplicate stacktrace, see ref for original
EvolvedOrgansRedux : AddDefsForEachModdedRace
Problematic race: Corpse_HL_BMT_Maxolotl
Error: System.NullReferenceException: Object reference not set to an instance of an object
[Ref 5992DB11] Duplicate stacktrace, see ref for original
EvolvedOrgansRedux : AddDefsForEachModdedRace
Problematic race: Corpse_HL_Animal_Doberman
Error: System.NullReferenceException: Object reference not set to an instance of an object
[Ref 5992DB11] Duplicate stacktrace, see ref for original
EvolvedOrgansRedux : AddDefsForEachModdedRace
Problematic race: Corpse_HL_NightlingF
Error: System.NullReferenceException: Object reference not set to an instance of an object
[Ref 5992DB11] Duplicate stacktrace, see ref for original
EvolvedOrgansRedux : AddDefsForEachModdedRace
Problematic race: Corpse_HL_BGM_Snailfalo
Error: System.NullReferenceException: Object reference not set to an instance of an object
[Ref 5992DB11] Duplicate stacktrace, see ref for original
EvolvedOrgansRedux : AddDefsForEachModdedRace
Problematic race: Corpse_HL_Stagz_Dryad_Squid
Error: System.NullReferenceException: Object reference not set to an instance of an object
[Ref 5992DB11] Duplicate stacktrace, see ref for original
EvolvedOrgansRedux : AddDefsForEachModdedRace
Problematic race: Corpse_HL_RB_Snugget
Error: System.NullReferenceException: Object reference not set to an instance of an object
[Ref 5992DB11] Duplicate stacktrace, see ref for original
EvolvedOrgansRedux : AddDefsForEachModdedRace
Problematic race: Corpse_HL_Mashed_Ashlands_Shieldcrab
Error: System.NullReferenceException: Object reference not set to an instance of an object
[Ref 5992DB11] Duplicate stacktrace, see ref for original
EvolvedOrgansRedux : AddDefsForEachModdedRace
Problematic race: Corpse_HL_Mashed_Ashlands_NetchGlowing
Error: System.NullReferenceException: Object reference not set to an instance of an object
[Ref 5992DB11] Duplicate stacktrace, see ref for original
EvolvedOrgansRedux : AddDefsForEachModdedRace
Problematic race: Corpse_HL_Mashed_Ashlands_MudcrabGlowing
Error: System.NullReferenceException: Object reference not set to an instance of an object
[Ref 5992DB11] Duplicate stacktrace, see ref for original
EvolvedOrgansRedux : AddDefsForEachModdedRace
Problematic race: Corpse_HL_Mashed_Ashlands_SandcrabGlowing
Error: System.NullReferenceException: Object reference not set to an instance of an object
[Ref 5992DB11] Duplicate stacktrace, see ref for original
EvolvedOrgansRedux : AddDefsForEachModdedRace
Problematic race: Corpse_HL_Mashed_Ashlands_AshHopperGlowing
Error: System.NullReferenceException: Object reference not set to an instance of an object
[Ref 5992DB11] Duplicate stacktrace, see ref for original
EvolvedOrgansRedux : AddDefsForEachModdedRace
Problematic race: Corpse_HL_Mashed_Ashlands_NixHoundGlowing
Error: System.NullReferenceException: Object reference not set to an instance of an object
[Ref 5992DB11] Duplicate stacktrace, see ref for original
EvolvedOrgansRedux : AddDefsForEachModdedRace
Problematic race: Corpse_HL_Mashed_Ashlands_NixOxGlowing
Error: System.NullReferenceException: Object reference not set to an instance of an object
[Ref 5992DB11] Duplicate stacktrace, see ref for original
EvolvedOrgansRedux : AddDefsForEachModdedRace
Problematic race: Corpse_HL_Mashed_Ashlands_NixSteedGlowing
Error: System.NullReferenceException: Object reference not set to an instance of an object
[Ref 5992DB11] Duplicate stacktrace, see ref for original
EvolvedOrgansRedux : AddDefsForEachModdedRace
Problematic race: Corpse_HL_Mashed_Ashlands_ShalkGlowing
Error: System.NullReferenceException: Object reference not set to an instance of an object
[Ref 5992DB11] Duplicate stacktrace, see ref for original
EvolvedOrgansRedux : AddDefsForEachModdedRace
Problematic race: Corpse_HL_Mashed_Ashlands_Toxbug
Error: System.NullReferenceException: Object reference not set to an instance of an object
[Ref 5992DB11] Duplicate stacktrace, see ref for original
EvolvedOrgansRedux : AddDefsForEachModdedRace
Problematic race: Corpse_HL_Mashed_Ashlands_RachnoidGlowing
Error: System.NullReferenceException: Object reference not set to an instance of an object
[Ref 5992DB11] Duplicate stacktrace, see ref for original
EvolvedOrgansRedux : AddDefsForEachModdedRace
Problematic race: Corpse_HL_Mashed_Ashlands_AshHopper
Error: System.NullReferenceException: Object reference not set to an instance of an object
[Ref 5992DB11] Duplicate stacktrace, see ref for original
EvolvedOrgansRedux : AddDefsForEachModdedRace
Problematic race: Corpse_HL_Mashed_Ashlands_BantamGuar
Error: System.NullReferenceException: Object reference not set to an instance of an object
[Ref 5992DB11] Duplicate stacktrace, see ref for original
EvolvedOrgansRedux : AddDefsForEachModdedRace
Problematic race: Corpse_HL_Mashed_Ashlands_SwampJelly
Error: System.NullReferenceException: Object reference not set to an instance of an object
[Ref 5992DB11] Duplicate stacktrace, see ref for original
EvolvedOrgansRedux : AddDefsForEachModdedRace
Problematic race: Corpse_HL_Mashed_Ashlands_Mudcrab
Error: System.NullReferenceException: Object reference not set to an instance of an object
[Ref 5992DB11] Duplicate stacktrace, see ref for original
EvolvedOrgansRedux : AddDefsForEachModdedRace
Problematic race: Corpse_HL_Mashed_Ashlands_SandcrabBlue
Error: System.NullReferenceException: Object reference not set to an instance of an object
[Ref 5992DB11] Duplicate stacktrace, see ref for original
EvolvedOrgansRedux : AddDefsForEachModdedRace
Problematic race: Corpse_HL_Mashed_Ashlands_SandcrabOrange
Error: System.NullReferenceException: Object reference not set to an instance of an object
[Ref 5992DB11] Duplicate stacktrace, see ref for original
EvolvedOrgansRedux : AddDefsForEachModdedRace
Problematic race: Corpse_HL_Mashed_Ashlands_Durzog
Error: System.NullReferenceException: Object reference not set to an instance of an object
[Ref 5992DB11] Duplicate stacktrace, see ref for original
EvolvedOrgansRedux : AddDefsForEachModdedRace
Problematic race: Corpse_HL_Mashed_Ashlands_Guar
Error: System.NullReferenceException: Object reference not set to an instance of an object
[Ref 5992DB11] Duplicate stacktrace, see ref for original
EvolvedOrgansRedux : AddDefsForEachModdedRace
Problematic race: Corpse_HL_Mashed_Ashlands_Kagouti
Error: System.NullReferenceException: Object reference not set to an instance of an object
[Ref 5992DB11] Duplicate stacktrace, see ref for original
EvolvedOrgansRedux : AddDefsForEachModdedRace
Problematic race: Corpse_HL_Mashed_Ashlands_KwamaForager
Error: System.NullReferenceException: Object reference not set to an instance of an object
[Ref 5992DB11] Duplicate stacktrace, see ref for original
EvolvedOrgansRedux : AddDefsForEachModdedRace
Problematic race: Corpse_HL_Mashed_Ashlands_KwamaScrib
Error: System.NullReferenceException: Object reference not set to an instance of an object
[Ref 5992DB11] Duplicate stacktrace, see ref for original
EvolvedOrgansRedux : AddDefsForEachModdedRace
Problematic race: Corpse_HL_Mashed_Ashlands_KwamaWorker
Error: System.NullReferenceException: Object reference not set to an instance of an object
[Ref 5992DB11] Duplicate stacktrace, see ref for original
EvolvedOrgansRedux : AddDefsForEachModdedRace
Problematic race: Corpse_HL_Mashed_Ashlands_Netch
Error: System.NullReferenceException: Object reference not set to an instance of an object
[Ref 5992DB11] Duplicate stacktrace, see ref for original
EvolvedOrgansRedux : AddDefsForEachModdedRace
Problematic race: Corpse_HL_Mashed_Ashlands_NetchRetching
Error: System.NullReferenceException: Object reference not set to an instance of an object
[Ref 5992DB11] Duplicate stacktrace, see ref for original
EvolvedOrgansRedux : AddDefsForEachModdedRace
Problematic race: Corpse_HL_Mashed_Ashlands_NixHound
Error: System.NullReferenceException: Object reference not set to an instance of an object
[Ref 5992DB11] Duplicate stacktrace, see ref for original
EvolvedOrgansRedux : AddDefsForEachModdedRace
Problematic race: Corpse_HL_Mashed_Ashlands_NixOx
Error: System.NullReferenceException: Object reference not set to an instance of an object
[Ref 5992DB11] Duplicate stacktrace, see ref for original
EvolvedOrgansRedux : AddDefsForEachModdedRace
Problematic race: Corpse_HL_Mashed_Ashlands_NixSteed
Error: System.NullReferenceException: Object reference not set to an instance of an object
[Ref 5992DB11] Duplicate stacktrace, see ref for original
EvolvedOrgansRedux : AddDefsForEachModdedRace
Problematic race: Corpse_HL_Mashed_Ashlands_Pyrantula
Error: System.NullReferenceException: Object reference not set to an instance of an object
[Ref 5992DB11] Duplicate stacktrace, see ref for original
EvolvedOrgansRedux : AddDefsForEachModdedRace
Problematic race: Corpse_HL_Mashed_Ashlands_Rachnoid
Error: System.NullReferenceException: Object reference not set to an instance of an object
[Ref 5992DB11] Duplicate stacktrace, see ref for original
EvolvedOrgansRedux : AddDefsForEachModdedRace
Problematic race: Corpse_HL_Mashed_Ashlands_Alit
Error: System.NullReferenceException: Object reference not set to an instance of an object
[Ref 5992DB11] Duplicate stacktrace, see ref for original
EvolvedOrgansRedux : AddDefsForEachModdedRace
Problematic race: Corpse_HL_Mashed_Ashlands_CliffRacer
Error: System.NullReferenceException: Object reference not set to an instance of an object
[Ref 5992DB11] Duplicate stacktrace, see ref for original
EvolvedOrgansRedux : AddDefsForEachModdedRace
Problematic race: Corpse_HL_Mashed_Ashlands_Rotumbo
Error: System.NullReferenceException: Object reference not set to an instance of an object
[Ref 5992DB11] Duplicate stacktrace, see ref for original
EvolvedOrgansRedux : AddDefsForEachModdedRace
Problematic race: Corpse_HL_Mashed_Ashlands_Scuttler
Error: System.NullReferenceException: Object reference not set to an instance of an object
[Ref 5992DB11] Duplicate stacktrace, see ref for original
EvolvedOrgansRedux : AddDefsForEachModdedRace
Problematic race: Corpse_HL_Mashed_Ashlands_Wormmouth
Error: System.NullReferenceException: Object reference not set to an instance of an object
[Ref 5992DB11] Duplicate stacktrace, see ref for original
EvolvedOrgansRedux : AddDefsForEachModdedRace
Problematic race: Corpse_HL_Mashed_Ashlands_Shalk
Error: System.NullReferenceException: Object reference not set to an instance of an object
[Ref 5992DB11] Duplicate stacktrace, see ref for original
EvolvedOrgansRedux : AddDefsForEachModdedRace
Problematic race: Corpse_HL_Mashed_Ashlands_ShalkFungal
Error: System.NullReferenceException: Object reference not set to an instance of an object
[Ref 5992DB11] Duplicate stacktrace, see ref for original
EvolvedOrgansRedux : AddDefsForEachModdedRace
Problematic race: Corpse_HL_Mashed_Ashlands_Firebug
Error: System.NullReferenceException: Object reference not set to an instance of an object
[Ref 5992DB11] Duplicate stacktrace, see ref for original
EvolvedOrgansRedux : AddDefsForEachModdedRace
Problematic race: Corpse_HL_Mashed_Ashlands_Thunderbug
Error: System.NullReferenceException: Object reference not set to an instance of an object
[Ref 5992DB11] Duplicate stacktrace, see ref for original
EvolvedOrgansRedux : AddDefsForEachModdedRace
Problematic race: Corpse_HL_Mashed_Ashlands_SiltStrider
Error: System.NullReferenceException: Object reference not set to an instance of an object
[Ref 5992DB11] Duplicate stacktrace, see ref for original
EvolvedOrgansRedux : AddDefsForEachModdedRace
Problematic race: Corpse_HL_Mashed_Ashlands_Vvardvark
Error: System.NullReferenceException: Object reference not set to an instance of an object
[Ref 5992DB11] Duplicate stacktrace, see ref for original
EvolvedOrgansRedux : AddDefsForEachModdedRace
Problematic race: Corpse_HL_Mashed_Ashlands_VvardvarkMossy
Error: System.NullReferenceException: Object reference not set to an instance of an object
[Ref 5992DB11] Duplicate stacktrace, see ref for original
EvolvedOrgansRedux : AddDefsForEachModdedRace
Problematic race: Corpse_HL_EtherHellhound
Error: System.NullReferenceException: Object reference not set to an instance of an object
[Ref 5992DB11] Duplicate stacktrace, see ref for original
EvolvedOrgansRedux : AddDefsForEachModdedRace
Problematic race: Corpse_HL_Chaoboar
Error: System.NullReferenceException: Object reference not set to an instance of an object
[Ref 5992DB11] Duplicate stacktrace, see ref for original
EvolvedOrgansRedux : AddDefsForEachModdedRace
Problematic race: Corpse_HL_Chaoboom
Error: System.NullReferenceException: Object reference not set to an instance of an object
[Ref 5992DB11] Duplicate stacktrace, see ref for original
EvolvedOrgansRedux : AddDefsForEachModdedRace
Problematic race: Corpse_HL_Chaocow
Error: System.NullReferenceException: Object reference not set to an instance of an object
[Ref 5992DB11] Duplicate stacktrace, see ref for original
EvolvedOrgansRedux : AddDefsForEachModdedRace
Problematic race: Corpse_HL_Chaodino
Error: System.NullReferenceException: Object reference not set to an instance of an object
[Ref 5992DB11] Duplicate stacktrace, see ref for original
EvolvedOrgansRedux : AddDefsForEachModdedRace
Problematic race: Corpse_HL_Chaofox
Error: System.NullReferenceException: Object reference not set to an instance of an object
[Ref 5992DB11] Duplicate stacktrace, see ref for original
EvolvedOrgansRedux : AddDefsForEachModdedRace
Problematic race: Corpse_HL_ChaofusionRhino
Error: System.NullReferenceException: Object reference not set to an instance of an object
[Ref 5992DB11] Duplicate stacktrace, see ref for original
EvolvedOrgansRedux : AddDefsForEachModdedRace
Problematic race: Corpse_HL_ChaomeldCow
Error: System.NullReferenceException: Object reference not set to an instance of an object
[Ref 5992DB11] Duplicate stacktrace, see ref for original
EvolvedOrgansRedux : AddDefsForEachModdedRace
Problematic race: Corpse_HL_ChaomeldDog
Error: System.NullReferenceException: Object reference not set to an instance of an object
[Ref 5992DB11] Duplicate stacktrace, see ref for original
EvolvedOrgansRedux : AddDefsForEachModdedRace
Problematic race: Corpse_HL_ChaomeldDragon
Error: System.NullReferenceException: Object reference not set to an instance of an object
[Ref 5992DB11] Duplicate stacktrace, see ref for original
EvolvedOrgansRedux : AddDefsForEachModdedRace
Problematic race: Corpse_HL_PM_Chaothrumbo
Error: System.NullReferenceException: Object reference not set to an instance of an object
[Ref 5992DB11] Duplicate stacktrace, see ref for original
EvolvedOrgansRedux : AddDefsForEachModdedRace
Problematic race: Corpse_HL_RG_Hemolope
Error: System.NullReferenceException: Object reference not set to an instance of an object
[Ref 5992DB11] Duplicate stacktrace, see ref for original
EvolvedOrgansRedux : AddDefsForEachModdedRace
Problematic race: Corpse_HL_RG_Rabbit
Error: System.NullReferenceException: Object reference not set to an instance of an object
[Ref 5992DB11] Duplicate stacktrace, see ref for original
EvolvedOrgansRedux : AddDefsForEachModdedRace
Problematic race: Corpse_HL_RG_WoollyStegosaurus
Error: System.NullReferenceException: Object reference not set to an instance of an object
[Ref 5992DB11] Duplicate stacktrace, see ref for original
EvolvedOrgansRedux : AddDefsForEachModdedRace
Problematic race: Corpse_HL_RG_Neutrolope
Error: System.NullReferenceException: Object reference not set to an instance of an object
[Ref 5992DB11] Duplicate stacktrace, see ref for original
EvolvedOrgansRedux : AddDefsForEachModdedRace
Problematic race: Corpse_HL_RG_Rimclaw
Error: System.NullReferenceException: Object reference not set to an instance of an object
[Ref 5992DB11] Duplicate stacktrace, see ref for original
EvolvedOrgansRedux : AddDefsForEachModdedRace
Problematic race: Corpse_HL_RG_KiwiBird
Error: System.NullReferenceException: Object reference not set to an instance of an object
[Ref 5992DB11] Duplicate stacktrace, see ref for original
EvolvedOrgansRedux : AddDefsForEachModdedRace
Problematic race: Corpse_HL_VPER_WarriorSpirit
Error: System.NullReferenceException: Object reference not set to an instance of an object
[Ref 5992DB11] Duplicate stacktrace, see ref for original
EvolvedOrgansRedux : AddDefsForEachModdedRace
Problematic race: Corpse_HL_BMT_BarbedPangolin
Error: System.NullReferenceException: Object reference not set to an instance of an object
[Ref 5992DB11] Duplicate stacktrace, see ref for original
EvolvedOrgansRedux : AddDefsForEachModdedRace
Problematic race: Corpse_HL_BMT_BiliousVarog
Error: System.NullReferenceException: Object reference not set to an instance of an object
[Ref 5992DB11] Duplicate stacktrace, see ref for original
EvolvedOrgansRedux : AddDefsForEachModdedRace
Problematic race: Corpse_HL_BMT_BloodletterPetrel
Error: System.NullReferenceException: Object reference not set to an instance of an object
[Ref 5992DB11] Duplicate stacktrace, see ref for original
EvolvedOrgansRedux : AddDefsForEachModdedRace
Problematic race: Corpse_HL_BMT_BunkerBug
Error: System.NullReferenceException: Object reference not set to an instance of an object
[Ref 5992DB11] Duplicate stacktrace, see ref for original
EvolvedOrgansRedux : AddDefsForEachModdedRace
Problematic race: Corpse_HL_BMT_CarrionVulture
Error: System.NullReferenceException: Object reference not set to an instance of an object
[Ref 5992DB11] Duplicate stacktrace, see ref for original
EvolvedOrgansRedux : AddDefsForEachModdedRace
Problematic race: Corpse_HL_BMT_FamineLocust
Error: System.NullReferenceException: Object reference not set to an instance of an object
[Ref 5992DB11] Duplicate stacktrace, see ref for original
EvolvedOrgansRedux : AddDefsForEachModdedRace
Problematic race: Corpse_HL_BMT_FenridStoat
Error: System.NullReferenceException: Object reference not set to an instance of an object
[Ref 5992DB11] Duplicate stacktrace, see ref for original
EvolvedOrgansRedux : AddDefsForEachModdedRace
Problematic race: Corpse_HL_BMT_Polluwog
Error: System.NullReferenceException: Object reference not set to an instance of an object
[Ref 5992DB11] Duplicate stacktrace, see ref for original
EvolvedOrgansRedux : AddDefsForEachModdedRace
Problematic race: Corpse_HL_BMT_GastroToad
Error: System.NullReferenceException: Object reference not set to an instance of an object
[Ref 5992DB11] Duplicate stacktrace, see ref for original
EvolvedOrgansRedux : AddDefsForEachModdedRace
Problematic race: Corpse_HL_BMT_Glowtail
Error: System.NullReferenceException: Object reference not set to an instance of an object
[Ref 5992DB11] Duplicate stacktrace, see ref for original
EvolvedOrgansRedux : AddDefsForEachModdedRace
Problematic race: Corpse_HL_BMT_Maligoat
Error: System.NullReferenceException: Object reference not set to an instance of an object
[Ref 5992DB11] Duplicate stacktrace, see ref for original
EvolvedOrgansRedux : AddDefsForEachModdedRace
Problematic race: Corpse_HL_BMT_Creature_Mantrap
Error: System.NullReferenceException: Object reference not set to an instance of an object
[Ref 5992DB11] Duplicate stacktrace, see ref for original
EvolvedOrgansRedux : AddDefsForEachModdedRace
Problematic race: Corpse_HL_BMT_Megakrill
Error: System.NullReferenceException: Object reference not set to an instance of an object
[Ref 5992DB11] Duplicate stacktrace, see ref for original
EvolvedOrgansRedux : AddDefsForEachModdedRace
Problematic race: Corpse_HL_BMT_MegaphoridLarva
Error: System.NullReferenceException: Object reference not set to an instance of an object
[Ref 5992DB11] Duplicate stacktrace, see ref for original
EvolvedOrgansRedux : AddDefsForEachModdedRace
Problematic race: Corpse_HL_BMT_Megaphorid
Error: System.NullReferenceException: Object reference not set to an instance of an object
[Ref 5992DB11] Duplicate stacktrace, see ref for original
EvolvedOrgansRedux : AddDefsForEachModdedRace
Problematic race: Corpse_HL_BMT_Megaroach
Error: System.NullReferenceException: Object reference not set to an instance of an object
[Ref 5992DB11] Duplicate stacktrace, see ref for original
EvolvedOrgansRedux : AddDefsForEachModdedRace
Problematic race: Corpse_HL_BMT_MucklurkerCatfish
Error: System.NullReferenceException: Object reference not set to an instance of an object
[Ref 5992DB11] Duplicate stacktrace, see ref for original
EvolvedOrgansRedux : AddDefsForEachModdedRace
Problematic race: Corpse_HL_BMT_MutagenicNorphea
Error: System.NullReferenceException: Object reference not set to an instance of an object
[Ref 5992DB11] Duplicate stacktrace, see ref for original
EvolvedOrgansRedux : AddDefsForEachModdedRace
Problematic race: Corpse_HL_BMT_MutatingTumorfishSpawn
Error: System.NullReferenceException: Object reference not set to an instance of an object
[Ref 5992DB11] Duplicate stacktrace, see ref for original
EvolvedOrgansRedux : AddDefsForEachModdedRace
Problematic race: Corpse_HL_BMT_MutatingTumorfishFry
Error: System.NullReferenceException: Object reference not set to an instance of an object
[Ref 5992DB11] Duplicate stacktrace, see ref for original
EvolvedOrgansRedux : AddDefsForEachModdedRace
Problematic race: Corpse_HL_BMT_MutatingTumorfishAdult
Error: System.NullReferenceException: Object reference not set to an instance of an object
[Ref 5992DB11] Duplicate stacktrace, see ref for original
EvolvedOrgansRedux : AddDefsForEachModdedRace
Problematic race: Corpse_HL_BMT_PustuleHornet
Error: System.NullReferenceException: Object reference not set to an instance of an object
[Ref 5992DB11] Duplicate stacktrace, see ref for original
EvolvedOrgansRedux : AddDefsForEachModdedRace
Problematic race: Corpse_HL_BMT_PustuleHornetSpawned
Error: System.NullReferenceException: Object reference not set to an instance of an object
[Ref 5992DB11] Duplicate stacktrace, see ref for original
EvolvedOrgansRedux : AddDefsForEachModdedRace
Problematic race: Corpse_HL_BMT_ColonyPustuleHornet
Error: System.NullReferenceException: Object reference not set to an instance of an object
[Ref 5992DB11] Duplicate stacktrace, see ref for original
EvolvedOrgansRedux : AddDefsForEachModdedRace
Problematic race: Corpse_HL_BMT_PustuleHornetQueen
Error: System.NullReferenceException: Object reference not set to an instance of an object
[Ref 5992DB11] Duplicate stacktrace, see ref for original
EvolvedOrgansRedux : AddDefsForEachModdedRace
Problematic race: Corpse_HL_BMT_ColonyPustuleHornetQueen
Error: System.NullReferenceException: Object reference not set to an instance of an object
[Ref 5992DB11] Duplicate stacktrace, see ref for original
EvolvedOrgansRedux : AddDefsForEachModdedRace
Problematic race: Corpse_HL_BMT_Sacapillar
Error: System.NullReferenceException: Object reference not set to an instance of an object
[Ref 5992DB11] Duplicate stacktrace, see ref for original
EvolvedOrgansRedux : AddDefsForEachModdedRace
Problematic race: Corpse_HL_BMT_Screecher
Error: System.NullReferenceException: Object reference not set to an instance of an object
[Ref 5992DB11] Duplicate stacktrace, see ref for original
EvolvedOrgansRedux : AddDefsForEachModdedRace
Problematic race: Corpse_HL_BMT_SludgeCrawler
Error: System.NullReferenceException: Object reference not set to an instance of an object
[Ref 5992DB11] Duplicate stacktrace, see ref for original
EvolvedOrgansRedux : AddDefsForEachModdedRace
Problematic race: Corpse_HL_BMT_SmogMothLarvae
Error: System.NullReferenceException: Object reference not set to an instance of an object
[Ref 5992DB11] Duplicate stacktrace, see ref for original
EvolvedOrgansRedux : AddDefsForEachModdedRace
Problematic race: Corpse_HL_BMT_SmogPupa
Error: System.NullReferenceException: Object reference not set to an instance of an object
[Ref 5992DB11] Duplicate stacktrace, see ref for original
EvolvedOrgansRedux : AddDefsForEachModdedRace
Problematic race: Corpse_HL_BMT_SmogMoth
Error: System.NullReferenceException: Object reference not set to an instance of an object
[Ref 5992DB11] Duplicate stacktrace, see ref for original
EvolvedOrgansRedux : AddDefsForEachModdedRace
Problematic race: Corpse_HL_BMT_Swarmcaller
Error: System.NullReferenceException: Object reference not set to an instance of an object
[Ref 5992DB11] Duplicate stacktrace, see ref for original
EvolvedOrgansRedux : AddDefsForEachModdedRace
Problematic race: Corpse_HL_BMT_TaintedTurtle
Error: System.NullReferenceException: Object reference not set to an instance of an object
[Ref 5992DB11] Duplicate stacktrace, see ref for original
EvolvedOrgansRedux : AddDefsForEachModdedRace
Problematic race: Corpse_HL_BMT_ToxSheep
Error: System.NullReferenceException: Object reference not set to an instance of an object
[Ref 5992DB11] Duplicate stacktrace, see ref for original
EvolvedOrgansRedux : AddDefsForEachModdedRace
Problematic race: Corpse_HL_BMT_TripleSnapper
Error: System.NullReferenceException: Object reference not set to an instance of an object
[Ref 5992DB11] Duplicate stacktrace, see ref for original
EvolvedOrgansRedux : AddDefsForEachModdedRace
Problematic race: Corpse_HL_BMT_Varmot
Error: System.NullReferenceException: Object reference not set to an instance of an object
[Ref 5992DB11] Duplicate stacktrace, see ref for original
EvolvedOrgansRedux : AddDefsForEachModdedRace
Problematic race: Corpse_HL_BMT_WasteHound
Error: System.NullReferenceException: Object reference not set to an instance of an object
[Ref 5992DB11] Duplicate stacktrace, see ref for original
EvolvedOrgansRedux : AddDefsForEachModdedRace
Problematic race: Corpse_HL_DankPyon_Hampshire
Error: System.NullReferenceException: Object reference not set to an instance of an object
[Ref 5992DB11] Duplicate stacktrace, see ref for original
EvolvedOrgansRedux : AddDefsForEachModdedRace
Problematic race: Corpse_HL_DankPyon_Gloucestershire
Error: System.NullReferenceException: Object reference not set to an instance of an object
[Ref 5992DB11] Duplicate stacktrace, see ref for original
EvolvedOrgansRedux : AddDefsForEachModdedRace
Problematic race: Corpse_HL_DankPyon_NorthernBoar
Error: System.NullReferenceException: Object reference not set to an instance of an object
[Ref 5992DB11] Duplicate stacktrace, see ref for original
EvolvedOrgansRedux : AddDefsForEachModdedRace
Problematic race: Corpse_HL_DankPyon_Ravelder
Error: System.NullReferenceException: Object reference not set to an instance of an object
[Ref 5992DB11] Duplicate stacktrace, see ref for original
EvolvedOrgansRedux : AddDefsForEachModdedRace
Problematic race: Corpse_HL_DankPyon_Angus
Error: System.NullReferenceException: Object reference not set to an instance of an object
[Ref 5992DB11] Duplicate stacktrace, see ref for original
EvolvedOrgansRedux : AddDefsForEachModdedRace
Problematic race: Corpse_HL_DankPyon_Daer
Error: System.NullReferenceException: Object reference not set to an instance of an object
[Ref 5992DB11] Duplicate stacktrace, see ref for original
EvolvedOrgansRedux : AddDefsForEachModdedRace
Problematic race: Corpse_HL_DankPyon_DireBoar
Error: System.NullReferenceException: Object reference not set to an instance of an object
[Ref 5992DB11] Duplicate stacktrace, see ref for original
EvolvedOrgansRedux : AddDefsForEachModdedRace
Problematic race: Corpse_HL_DankPyon_Direwolf
Error: System.NullReferenceException: Object reference not set to an instance of an object
[Ref 5992DB11] Duplicate stacktrace, see ref for original
EvolvedOrgansRedux : AddDefsForEachModdedRace
Problematic race: Corpse_HL_DankPyon_Griffon
Error: System.NullReferenceException: Object reference not set to an instance of an object
[Ref 5992DB11] Duplicate stacktrace, see ref for original
EvolvedOrgansRedux : AddDefsForEachModdedRace
Problematic race: Corpse_HL_DankPyon_Hyena
Error: System.NullReferenceException: Object reference not set to an instance of an object
[Ref 5992DB11] Duplicate stacktrace, see ref for original
EvolvedOrgansRedux : AddDefsForEachModdedRace
Problematic race: Corpse_HL_DankPyon_Deathstinger
Error: System.NullReferenceException: Object reference not set to an instance of an object
[Ref 5992DB11] Duplicate stacktrace, see ref for original
EvolvedOrgansRedux : AddDefsForEachModdedRace
Problematic race: Corpse_HL_DankPyon_Rox
Error: System.NullReferenceException: Object reference not set to an instance of an object
[Ref 5992DB11] Duplicate stacktrace, see ref for original
EvolvedOrgansRedux : AddDefsForEachModdedRace
Problematic race: Corpse_HL_DankPyon_LargeCobraForest
Error: System.NullReferenceException: Object reference not set to an instance of an object
[Ref 5992DB11] Duplicate stacktrace, see ref for original
EvolvedOrgansRedux : AddDefsForEachModdedRace
Problematic race: Corpse_HL_DankPyon_LargeCobraCave
Error: System.NullReferenceException: Object reference not set to an instance of an object
[Ref 5992DB11] Duplicate stacktrace, see ref for original
EvolvedOrgansRedux : AddDefsForEachModdedRace
Problematic race: Corpse_HL_DankPyon_GiantConstrictorForest
Error: System.NullReferenceException: Object reference not set to an instance of an object
[Ref 5992DB11] Duplicate stacktrace, see ref for original
EvolvedOrgansRedux : AddDefsForEachModdedRace
Problematic race: Corpse_HL_DankPyon_GiantConstrictorCave
Error: System.NullReferenceException: Object reference not set to an instance of an object
[Ref 5992DB11] Duplicate stacktrace, see ref for original
EvolvedOrgansRedux : AddDefsForEachModdedRace
Problematic race: Corpse_HL_DankPyon_LindwurmForest
Error: System.NullReferenceException: Object reference not set to an instance of an object
[Ref 5992DB11] Duplicate stacktrace, see ref for original
EvolvedOrgansRedux : AddDefsForEachModdedRace
Problematic race: Corpse_HL_DankPyon_LindwurmCave
Error: System.NullReferenceException: Object reference not set to an instance of an object
[Ref 5992DB11] Duplicate stacktrace, see ref for original
EvolvedOrgansRedux : AddDefsForEachModdedRace
Problematic race: Corpse_HL_DankPyon_Webknecht
Error: System.NullReferenceException: Object reference not set to an instance of an object
[Ref 5992DB11] Duplicate stacktrace, see ref for original
EvolvedOrgansRedux : AddDefsForEachModdedRace
Problematic race: Corpse_HL_OuterRim_Gizka
Error: System.NullReferenceException: Object reference not set to an instance of an object
[Ref 5992DB11] Duplicate stacktrace, see ref for original
EvolvedOrgansRedux : AddDefsForEachModdedRace
Problematic race: Corpse_HL_Outland_FockattBlack
Error: System.NullReferenceException: Object reference not set to an instance of an object
[Ref 5992DB11] Duplicate stacktrace, see ref for original
EvolvedOrgansRedux : AddDefsForEachModdedRace
Problematic race: Corpse_HL_Outland_FockattBlue
Error: System.NullReferenceException: Object reference not set to an instance of an object
[Ref 5992DB11] Duplicate stacktrace, see ref for original
EvolvedOrgansRedux : AddDefsForEachModdedRace
Problematic race: Corpse_HL_Outland_FockattBrown
Error: System.NullReferenceException: Object reference not set to an instance of an object
[Ref 5992DB11] Duplicate stacktrace, see ref for original
EvolvedOrgansRedux : AddDefsForEachModdedRace
Problematic race: Corpse_HL_Outland_FockattGrey
Error: System.NullReferenceException: Object reference not set to an instance of an object
[Ref 5992DB11] Duplicate stacktrace, see ref for original
EvolvedOrgansRedux : AddDefsForEachModdedRace
Problematic race: Corpse_HL_Outland_FockattPolar
Error: System.NullReferenceException: Object reference not set to an instance of an object
[Ref 5992DB11] Duplicate stacktrace, see ref for original
EvolvedOrgansRedux : AddDefsForEachModdedRace
Problematic race: Corpse_HL_SWPotF_RaceDef_ysalamir
Error: System.NullReferenceException: Object reference not set to an instance of an object
[Ref 5992DB11] Duplicate stacktrace, see ref for original
EvolvedOrgansRedux : AddDefsForEachModdedRace
Problematic race: Corpse_HL_XMT_FetalHorror
Error: System.NullReferenceException: Object reference not set to an instance of an object
[Ref 5992DB11] Duplicate stacktrace, see ref for original
EvolvedOrgansRedux : AddDefsForEachModdedRace
Problematic race: Corpse_HL_XMT_AbominableMaw
Error: System.NullReferenceException: Object reference not set to an instance of an object
[Ref 5992DB11] Duplicate stacktrace, see ref for original
EvolvedOrgansRedux : AddDefsForEachModdedRace
Problematic race: Corpse_HL_XMT_BeautifulHarmonizer
Error: System.NullReferenceException: Object reference not set to an instance of an object
[Ref 5992DB11] Duplicate stacktrace, see ref for original
EvolvedOrgansRedux : AddDefsForEachModdedRace
Problematic race: Corpse_HL_XMT_Fleshtoad
Error: System.NullReferenceException: Object reference not set to an instance of an object
[Ref 5992DB11] Duplicate stacktrace, see ref for original
EvolvedOrgansRedux : AddDefsForEachModdedRace
Problematic race: Corpse_HL_XMT_Fleshspawn
Error: System.NullReferenceException: Object reference not set to an instance of an object
[Ref 5992DB11] Duplicate stacktrace, see ref for original
EvolvedOrgansRedux : AddDefsForEachModdedRace
Problematic race: Corpse_HL_XMT_MedicineToad
Error: System.NullReferenceException: Object reference not set to an instance of an object
[Ref 5992DB11] Duplicate stacktrace, see ref for original
EvolvedOrgansRedux : AddDefsForEachModdedRace
Problematic race: Corpse_HL_XMT_Smotherer
Error: System.NullReferenceException: Object reference not set to an instance of an object
[Ref 5992DB11] Duplicate stacktrace, see ref for original
EvolvedOrgansRedux : AddDefsForEachModdedRace
Problematic race: Corpse_HL_XMT_Exterminator
Error: System.NullReferenceException: Object reference not set to an instance of an object
[Ref 5992DB11] Duplicate stacktrace, see ref for original
EvolvedOrgansRedux : AddDefsForEachModdedRace
Problematic race: Corpse_HL_XMT_Howler
Error: System.NullReferenceException: Object reference not set to an instance of an object
[Ref 5992DB11] Duplicate stacktrace, see ref for original
EvolvedOrgansRedux : AddDefsForEachModdedRace
Problematic race: Corpse_HL_XMT_Hivehound
Error: System.NullReferenceException: Object reference not set to an instance of an object
[Ref 5992DB11] Duplicate stacktrace, see ref for original
EvolvedOrgansRedux : AddDefsForEachModdedRace
Problematic race: Corpse_HL_XMT_Barnacle
Error: System.NullReferenceException: Object reference not set to an instance of an object
[Ref 5992DB11] Duplicate stacktrace, see ref for original
EvolvedOrgansRedux : AddDefsForEachModdedRace
Problematic race: Corpse_HL_XMT_Ovocloner
Error: System.NullReferenceException: Object reference not set to an instance of an object
[Ref 5992DB11] Duplicate stacktrace, see ref for original
EvolvedOrgansRedux : AddDefsForEachModdedRace
Problematic race: Corpse_HL_XMT_Cloning_Egg
Error: System.NullReferenceException: Object reference not set to an instance of an object
[Ref 5992DB11] Duplicate stacktrace, see ref for original
EvolvedOrgansRedux : AddDefsForEachModdedRace
Problematic race: Corpse_HL_XMT_FleshTick
Error: System.NullReferenceException: Object reference not set to an instance of an object
[Ref 5992DB11] Duplicate stacktrace, see ref for original
EvolvedOrgansRedux : AddDefsForEachModdedRace
Problematic race: Corpse_HL_XMT_Petrolspore
Error: System.NullReferenceException: Object reference not set to an instance of an object
[Ref 5992DB11] Duplicate stacktrace, see ref for original
EvolvedOrgansRedux : AddDefsForEachModdedRace
Problematic race: Corpse_HL_XMT_Slumberbeast
Error: System.NullReferenceException: Object reference not set to an instance of an object
[Ref 5992DB11] Duplicate stacktrace, see ref for original
EvolvedOrgansRedux : AddDefsForEachModdedRace
Problematic race: Corpse_HL_XMT_Jagerbar
Error: System.NullReferenceException: Object reference not set to an instance of an object
[Ref 5992DB11] Duplicate stacktrace, see ref for original
EvolvedOrgansRedux : AddDefsForEachModdedRace
Problematic race: Corpse_HL_XMT_Plaguerat
Error: System.NullReferenceException: Object reference not set to an instance of an object
[Ref 5992DB11] Duplicate stacktrace, see ref for original
EvolvedOrgansRedux : AddDefsForEachModdedRace
Problematic race: Corpse_HL_XMT_Jellyrat
Error: System.NullReferenceException: Object reference not set to an instance of an object
[Ref 5992DB11] Duplicate stacktrace, see ref for original
EvolvedOrgansRedux : AddDefsForEachModdedRace
Problematic race: Corpse_HL_XMT_Umbilical
Error: System.NullReferenceException: Object reference not set to an instance of an object
[Ref 5992DB11] Duplicate stacktrace, see ref for original
EvolvedOrgansRedux : AddDefsForEachModdedRace
Problematic race: Corpse_HL_XMT_Sleipnir
Error: System.NullReferenceException: Object reference not set to an instance of an object
[Ref 5992DB11] Duplicate stacktrace, see ref for original
EvolvedOrgansRedux : AddDefsForEachModdedRace
Problematic race: Corpse_HL_XMT_StrangleMoss
Error: System.NullReferenceException: Object reference not set to an instance of an object
[Ref 5992DB11] Duplicate stacktrace, see ref for original
EvolvedOrgansRedux : AddDefsForEachModdedRace
Problematic race: Corpse_HL_XMT_Threadbeast
Error: System.NullReferenceException: Object reference not set to an instance of an object
[Ref 5992DB11] Duplicate stacktrace, see ref for original
EvolvedOrgansRedux : AddDefsForEachModdedRace
Problematic race: Corpse_HL_XMT_Hammerpede
Error: System.NullReferenceException: Object reference not set to an instance of an object
[Ref 5992DB11] Duplicate stacktrace, see ref for original
EvolvedOrgansRedux : AddDefsForEachModdedRace
Problematic race: Corpse_HL_XMT_AcidAphid
Error: System.NullReferenceException: Object reference not set to an instance of an object
[Ref 5992DB11] Duplicate stacktrace, see ref for original
EvolvedOrgansRedux : AddDefsForEachModdedRace
Problematic race: Corpse_HL_XMT_Larva
Error: System.NullReferenceException: Object reference not set to an instance of an object
[Ref 5992DB11] Duplicate stacktrace, see ref for original
EvolvedOrgansRedux : AddDefsForEachModdedRace
Problematic race: Corpse_HL_XMT_Droplet
Error: System.NullReferenceException: Object reference not set to an instance of an object
[Ref 5992DB11] Duplicate stacktrace, see ref for original
EvolvedOrgansRedux : AddDefsForEachModdedRace
Problematic race: Corpse_HL_XMT_Starbeast_Pod
Error: System.NullReferenceException: Object reference not set to an instance of an object
[Ref 5992DB11] Duplicate stacktrace, see ref for original
EvolvedOrgansRedux : AddDefsForEachModdedRace
Problematic race: Corpse_HL_XMT_Humanoid_Pod
Error: System.NullReferenceException: Object reference not set to an instance of an object
[Ref 5992DB11] Duplicate stacktrace, see ref for original
EvolvedOrgansRedux : AddDefsForEachModdedRace
Problematic race: Corpse_HL_XMT_Advanced_Humanoid_Pod
Error: System.NullReferenceException: Object reference not set to an instance of an object
[Ref 5992DB11] Duplicate stacktrace, see ref for original
EvolvedOrgansRedux : AddDefsForEachModdedRace
Problematic race: Corpse_HL_XMT_Thrumbo_Pod
Error: System.NullReferenceException: Object reference not set to an instance of an object
[Ref 5992DB11] Duplicate stacktrace, see ref for original
EvolvedOrgansRedux : AddDefsForEachModdedRace
Problematic race: Corpse_HL_XMT_Advanced_Thrumbo_Pod
Error: System.NullReferenceException: Object reference not set to an instance of an object
[Ref 5992DB11] Duplicate stacktrace, see ref for original
EvolvedOrgansRedux : AddDefsForEachModdedRace
Problematic race: Corpse_HL_XMT_Reptile_Pod
Error: System.NullReferenceException: Object reference not set to an instance of an object
[Ref 5992DB11] Duplicate stacktrace, see ref for original
EvolvedOrgansRedux : AddDefsForEachModdedRace
Problematic race: Corpse_HL_XMT_Advanced_Reptile_Pod
Error: System.NullReferenceException: Object reference not set to an instance of an object
[Ref 5992DB11] Duplicate stacktrace, see ref for original
EvolvedOrgansRedux : AddDefsForEachModdedRace
Problematic race: Corpse_HL_XMT_Feline_Pod
Error: System.NullReferenceException: Object reference not set to an instance of an object
[Ref 5992DB11] Duplicate stacktrace, see ref for original
EvolvedOrgansRedux : AddDefsForEachModdedRace
Problematic race: Corpse_HL_XMT_Advanced_Feline_Pod
Error: System.NullReferenceException: Object reference not set to an instance of an object
[Ref 5992DB11] Duplicate stacktrace, see ref for original
EvolvedOrgansRedux : AddDefsForEachModdedRace
Problematic race: Corpse_HL_XMT_Canine_Pod
Error: System.NullReferenceException: Object reference not set to an instance of an object
[Ref 5992DB11] Duplicate stacktrace, see ref for original
EvolvedOrgansRedux : AddDefsForEachModdedRace
Problematic race: Corpse_HL_XMT_Advanced_Canine_Pod
Error: System.NullReferenceException: Object reference not set to an instance of an object
[Ref 5992DB11] Duplicate stacktrace, see ref for original
EvolvedOrgansRedux : AddDefsForEachModdedRace
Problematic race: Corpse_HL_XMT_Avian_Pod
Error: System.NullReferenceException: Object reference not set to an instance of an object
[Ref 5992DB11] Duplicate stacktrace, see ref for original
EvolvedOrgansRedux : AddDefsForEachModdedRace
Problematic race: Corpse_HL_XMT_Advanced_Avian_Pod
Error: System.NullReferenceException: Object reference not set to an instance of an object
[Ref 5992DB11] Duplicate stacktrace, see ref for original
EvolvedOrgansRedux : AddDefsForEachModdedRace
Problematic race: Corpse_HL_XMT_Booma_Pod
Error: System.NullReferenceException: Object reference not set to an instance of an object
[Ref 5992DB11] Duplicate stacktrace, see ref for original
EvolvedOrgansRedux : AddDefsForEachModdedRace
Problematic race: Corpse_HL_XMT_Advanced_Booma_Pod
Error: System.NullReferenceException: Object reference not set to an instance of an object
[Ref 5992DB11] Duplicate stacktrace, see ref for original
EvolvedOrgansRedux : AddDefsForEachModdedRace
Problematic race: Corpse_HL_XMT_Ursine_Pod
Error: System.NullReferenceException: Object reference not set to an instance of an object
[Ref 5992DB11] Duplicate stacktrace, see ref for original
EvolvedOrgansRedux : AddDefsForEachModdedRace
Problematic race: Corpse_HL_XMT_Advanced_Ursine_Pod
Error: System.NullReferenceException: Object reference not set to an instance of an object
[Ref 5992DB11] Duplicate stacktrace, see ref for original
EvolvedOrgansRedux : AddDefsForEachModdedRace
Problematic race: Corpse_HL_XMT_Rodent_Pod
Error: System.NullReferenceException: Object reference not set to an instance of an object
[Ref 5992DB11] Duplicate stacktrace, see ref for original
EvolvedOrgansRedux : AddDefsForEachModdedRace
Problematic race: Corpse_HL_XMT_Advanced_Rodent_Pod
Error: System.NullReferenceException: Object reference not set to an instance of an object
[Ref 5992DB11] Duplicate stacktrace, see ref for original
EvolvedOrgansRedux : AddDefsForEachModdedRace
Problematic race: Corpse_HL_XMT_Advanced_Equine_Pod
Error: System.NullReferenceException: Object reference not set to an instance of an object
[Ref 5992DB11] Duplicate stacktrace, see ref for original
EvolvedOrgansRedux : AddDefsForEachModdedRace
Problematic race: Corpse_HL_XMT_Equine_Pod
Error: System.NullReferenceException: Object reference not set to an instance of an object
[Ref 5992DB11] Duplicate stacktrace, see ref for original
EvolvedOrgansRedux : AddDefsForEachModdedRace
Problematic race: Corpse_HL_XMT_Bovine_Pod
Error: System.NullReferenceException: Object reference not set to an instance of an object
[Ref 5992DB11] Duplicate stacktrace, see ref for original
EvolvedOrgansRedux : AddDefsForEachModdedRace
Problematic race: Corpse_HL_XMT_Advanced_Bovine_Pod
Error: System.NullReferenceException: Object reference not set to an instance of an object
[Ref 5992DB11] Duplicate stacktrace, see ref for original
EvolvedOrgansRedux : AddDefsForEachModdedRace
Problematic race: Corpse_HL_XMT_Insect_Pod
Error: System.NullReferenceException: Object reference not set to an instance of an object
[Ref 5992DB11] Duplicate stacktrace, see ref for original
EvolvedOrgansRedux : AddDefsForEachModdedRace
Problematic race: Corpse_HL_XMT_Advanced_Insect_Pod
Error: System.NullReferenceException: Object reference not set to an instance of an object
[Ref 5992DB11] Duplicate stacktrace, see ref for original
EvolvedOrgansRedux : AddDefsForEachModdedRace
Problematic race: Corpse_HL_VFEI2_BlackEmpress
Error: System.NullReferenceException: Object reference not set to an instance of an object
[Ref 5992DB11] Duplicate stacktrace, see ref for original
EvolvedOrgansRedux : AddDefsForEachModdedRace
Problematic race: Corpse_HL_VFEI2_BlackQueen
Error: System.NullReferenceException: Object reference not set to an instance of an object
[Ref 5992DB11] Duplicate stacktrace, see ref for original
EvolvedOrgansRedux : AddDefsForEachModdedRace
Problematic race: Corpse_HL_VFEI2_BlackSwarmling
Error: System.NullReferenceException: Object reference not set to an instance of an object
[Ref 5992DB11] Duplicate stacktrace, see ref for original
EvolvedOrgansRedux : AddDefsForEachModdedRace
Problematic race: Corpse_HL_AA_BlackScarab_Temporary
Error: System.NullReferenceException: Object reference not set to an instance of an object
[Ref 5992DB11] Duplicate stacktrace, see ref for original
EvolvedOrgansRedux : AddDefsForEachModdedRace
Problematic race: Corpse_HL_AA_BlackSpelopede_Temporary
Error: System.NullReferenceException: Object reference not set to an instance of an object
[Ref 5992DB11] Duplicate stacktrace, see ref for original
EvolvedOrgansRedux : AddDefsForEachModdedRace
Problematic race: Corpse_HL_AA_BlackSpider_Temporary
Error: System.NullReferenceException: Object reference not set to an instance of an object
[Ref 5992DB11] Duplicate stacktrace, see ref for original
EvolvedOrgansRedux : AddDefsForEachModdedRace
Problematic race: Corpse_HL_AA_MammothWorm_Temporary
Error: System.NullReferenceException: Object reference not set to an instance of an object
[Ref 5992DB11] Duplicate stacktrace, see ref for original
EvolvedOrgansRedux : AddDefsForEachModdedRace
Problematic race: Corpse_HL_AA_BlackLarvae
Error: System.NullReferenceException: Object reference not set to an instance of an object
[Ref 5992DB11] Duplicate stacktrace, see ref for original
EvolvedOrgansRedux : AddDefsForEachModdedRace
Problematic race: Corpse_HL_AAVPE_BlackQueen
Error: System.NullReferenceException: Object reference not set to an instance of an object
[Ref 5992DB11] Duplicate stacktrace, see ref for original
EvolvedOrgansRedux : AddDefsForEachModdedRace
Problematic race: Corpse_HL_AA_OcularOriginator
Error: System.NullReferenceException: Object reference not set to an instance of an object
[Ref 5992DB11] Duplicate stacktrace, see ref for original
EvolvedOrgansRedux : AddDefsForEachModdedRace
Problematic race: Corpse_HL_AA_Summoned_Eyeling
Error: System.NullReferenceException: Object reference not set to an instance of an object
[Ref 5992DB11] Duplicate stacktrace, see ref for original
EvolvedOrgansRedux : AddDefsForEachModdedRace
Problematic race: Corpse_HL_AA_AcanthamoebaGiganteaSmall
Error: System.NullReferenceException: Object reference not set to an instance of an object
[Ref 5992DB11] Duplicate stacktrace, see ref for original
EvolvedOrgansRedux : AddDefsForEachModdedRace
Problematic race: Corpse_HL_AA_AcanthamoebaGiganteaLarge
Error: System.NullReferenceException: Object reference not set to an instance of an object
[Ref 5992DB11] Duplicate stacktrace, see ref for original
EvolvedOrgansRedux : AddDefsForEachModdedRace
Problematic race: Corpse_HL_AA_AcanthamoebaGiganteaHuge
Error: System.NullReferenceException: Object reference not set to an instance of an object
[Ref 5992DB11] Duplicate stacktrace, see ref for original
EvolvedOrgansRedux : AddDefsForEachModdedRace
Problematic race: Corpse_HL_AA_Aerofleet
Error: System.NullReferenceException: Object reference not set to an instance of an object
[Ref 5992DB11] Duplicate stacktrace, see ref for original
EvolvedOrgansRedux : AddDefsForEachModdedRace
Problematic race: Corpse_HL_AA_ColossalAerofleet
Error: System.NullReferenceException: Object reference not set to an instance of an object
[Ref 5992DB11] Duplicate stacktrace, see ref for original
EvolvedOrgansRedux : AddDefsForEachModdedRace
Problematic race: Corpse_HL_AA_Agaripawn
Error: System.NullReferenceException: Object reference not set to an instance of an object
[Ref 5992DB11] Duplicate stacktrace, see ref for original
EvolvedOrgansRedux : AddDefsForEachModdedRace
Problematic race: Corpse_HL_AA_Agaripod
Error: System.NullReferenceException: Object reference not set to an instance of an object
[Ref 5992DB11] Duplicate stacktrace, see ref for original
EvolvedOrgansRedux : AddDefsForEachModdedRace
Problematic race: Corpse_HL_AA_AngelMothLarva
Error: System.NullReferenceException: Object reference not set to an instance of an object
[Ref 5992DB11] Duplicate stacktrace, see ref for original
EvolvedOrgansRedux : AddDefsForEachModdedRace
Problematic race: Corpse_HL_AA_AngelMoth
Error: System.NullReferenceException: Object reference not set to an instance of an object
[Ref 5992DB11] Duplicate stacktrace, see ref for original
EvolvedOrgansRedux : AddDefsForEachModdedRace
Problematic race: Corpse_HL_AA_AnimaColossus
Error: System.NullReferenceException: Object reference not set to an instance of an object
[Ref 5992DB11] Duplicate stacktrace, see ref for original
EvolvedOrgansRedux : AddDefsForEachModdedRace
Problematic race: Corpse_HL_AA_Animalisk
Error: System.NullReferenceException: Object reference not set to an instance of an object
[Ref 5992DB11] Duplicate stacktrace, see ref for original
EvolvedOrgansRedux : AddDefsForEachModdedRace
Problematic race: Corpse_HL_AA_AnimusVox
Error: System.NullReferenceException: Object reference not set to an instance of an object
[Ref 5992DB11] Duplicate stacktrace, see ref for original
EvolvedOrgansRedux : AddDefsForEachModdedRace
Problematic race: Corpse_HL_AA_ArcticLion
Error: System.NullReferenceException: Object reference not set to an instance of an object
[Ref 5992DB11] Duplicate stacktrace, see ref for original
EvolvedOrgansRedux : AddDefsForEachModdedRace
Problematic race: Corpse_HL_AA_LarvalAtispec
Error: System.NullReferenceException: Object reference not set to an instance of an object
[Ref 5992DB11] Duplicate stacktrace, see ref for original
EvolvedOrgansRedux : AddDefsForEachModdedRace
Problematic race: Corpse_HL_AA_Atispec
Error: System.NullReferenceException: Object reference not set to an instance of an object
[Ref 5992DB11] Duplicate stacktrace, see ref for original
EvolvedOrgansRedux : AddDefsForEachModdedRace
Problematic race: Corpse_HL_AA_AuroraSylph
Error: System.NullReferenceException: Object reference not set to an instance of an object
[Ref 5992DB11] Duplicate stacktrace, see ref for original
EvolvedOrgansRedux : AddDefsForEachModdedRace
Problematic race: Corpse_HL_AA_Barbslinger
Error: System.NullReferenceException: Object reference not set to an instance of an object
[Ref 5992DB11] Duplicate stacktrace, see ref for original
EvolvedOrgansRedux : AddDefsForEachModdedRace
Problematic race: Corpse_HL_AA_BedBug
Error: System.NullReferenceException: Object reference not set to an instance of an object
[Ref 5992DB11] Duplicate stacktrace, see ref for original
EvolvedOrgansRedux : AddDefsForEachModdedRace
Problematic race: Corpse_HL_AA_Behemoth
Error: System.NullReferenceException: Object reference not set to an instance of an object
[Ref 5992DB11] Duplicate stacktrace, see ref for original
EvolvedOrgansRedux : AddDefsForEachModdedRace
Problematic race: Corpse_HL_AA_BlackScarab
Error: System.NullReferenceException: Object reference not set to an instance of an object
[Ref 5992DB11] Duplicate stacktrace, see ref for original
EvolvedOrgansRedux : AddDefsForEachModdedRace
Problematic race: Corpse_HL_AA_BlackSpelopede
Error: System.NullReferenceException: Object reference not set to an instance of an object
[Ref 5992DB11] Duplicate stacktrace, see ref for original
EvolvedOrgansRedux : AddDefsForEachModdedRace
Problematic race: Corpse_HL_AA_BlackSpider
Error: System.NullReferenceException: Object reference not set to an instance of an object
[Ref 5992DB11] Duplicate stacktrace, see ref for original
EvolvedOrgansRedux : AddDefsForEachModdedRace
Problematic race: Corpse_HL_AA_Blizzarisk
Error: System.NullReferenceException: Object reference not set to an instance of an object
[Ref 5992DB11] Duplicate stacktrace, see ref for original
EvolvedOrgansRedux : AddDefsForEachModdedRace
Problematic race: Corpse_HL_AA_BlizzariskClutchMother
Error: System.NullReferenceException: Object reference not set to an instance of an object
[Ref 5992DB11] Duplicate stacktrace, see ref for original
EvolvedOrgansRedux : AddDefsForEachModdedRace
Problematic race: Corpse_HL_AA_BloodShrimp
Error: System.NullReferenceException: Object reference not set to an instance of an object
[Ref 5992DB11] Duplicate stacktrace, see ref for original
EvolvedOrgansRedux : AddDefsForEachModdedRace
Problematic race: Corpse_HL_AA_Bobeene
Error: System.NullReferenceException: Object reference not set to an instance of an object
[Ref 5992DB11] Duplicate stacktrace, see ref for original
EvolvedOrgansRedux : AddDefsForEachModdedRace
Problematic race: Corpse_HL_AA_BoulderMit
Error: System.NullReferenceException: Object reference not set to an instance of an object
[Ref 5992DB11] Duplicate stacktrace, see ref for original
EvolvedOrgansRedux : AddDefsForEachModdedRace
Problematic race: Corpse_HL_AA_SummitCrab
Error: System.NullReferenceException: Object reference not set to an instance of an object
[Ref 5992DB11] Duplicate stacktrace, see ref for original
EvolvedOrgansRedux : AddDefsForEachModdedRace
Problematic race: Corpse_HL_AA_Bumbledrone
Error: System.NullReferenceException: Object reference not set to an instance of an object
[Ref 5992DB11] Duplicate stacktrace, see ref for original
EvolvedOrgansRedux : AddDefsForEachModdedRace
Problematic race: Corpse_HL_AA_BumbledroneHierophant
Error: System.NullReferenceException: Object reference not set to an instance of an object
[Ref 5992DB11] Duplicate stacktrace, see ref for original
EvolvedOrgansRedux : AddDefsForEachModdedRace
Problematic race: Corpse_HL_AA_BumbledroneQueen
Error: System.NullReferenceException: Object reference not set to an instance of an object
[Ref 5992DB11] Duplicate stacktrace, see ref for original
EvolvedOrgansRedux : AddDefsForEachModdedRace
Problematic race: Corpse_HL_AA_Cactipine
Error: System.NullReferenceException: Object reference not set to an instance of an object
[Ref 5992DB11] Duplicate stacktrace, see ref for original
EvolvedOrgansRedux : AddDefsForEachModdedRace
Problematic race: Corpse_HL_AA_ChameleonYak
Error: System.NullReferenceException: Object reference not set to an instance of an object
[Ref 5992DB11] Duplicate stacktrace, see ref for original
EvolvedOrgansRedux : AddDefsForEachModdedRace
Problematic race: Corpse_HL_AA_ChemfuelMyrmidon
Error: System.NullReferenceException: Object reference not set to an instance of an object
[Ref 5992DB11] Duplicate stacktrace, see ref for original
EvolvedOrgansRedux : AddDefsForEachModdedRace
Problematic race: Corpse_HL_AA_Cinderlisk
Error: System.NullReferenceException: Object reference not set to an instance of an object
[Ref 5992DB11] Duplicate stacktrace, see ref for original
EvolvedOrgansRedux : AddDefsForEachModdedRace
Problematic race: Corpse_HL_AA_CrepuscularBeetle
Error: System.NullReferenceException: Object reference not set to an instance of an object
[Ref 5992DB11] Duplicate stacktrace, see ref for original
EvolvedOrgansRedux : AddDefsForEachModdedRace
Problematic race: Corpse_HL_AA_CrescendoAnole
Error: System.NullReferenceException: Object reference not set to an instance of an object
[Ref 5992DB11] Duplicate stacktrace, see ref for original
EvolvedOrgansRedux : AddDefsForEachModdedRace
Problematic race: Corpse_HL_AA_CrystallineCaracal
Error: System.NullReferenceException: Object reference not set to an instance of an object
[Ref 5992DB11] Duplicate stacktrace, see ref for original
EvolvedOrgansRedux : AddDefsForEachModdedRace
Problematic race: Corpse_HL_AA_CrystalMit
Error: System.NullReferenceException: Object reference not set to an instance of an object
[Ref 5992DB11] Duplicate stacktrace, see ref for original
EvolvedOrgansRedux : AddDefsForEachModdedRace
Problematic race: Corpse_HL_AA_Darkbeast
Error: System.NullReferenceException: Object reference not set to an instance of an object
[Ref 5992DB11] Duplicate stacktrace, see ref for original
EvolvedOrgansRedux : AddDefsForEachModdedRace
Problematic race: Corpse_HL_AA_DarkVandal
Error: System.NullReferenceException: Object reference not set to an instance of an object
[Ref 5992DB11] Duplicate stacktrace, see ref for original
EvolvedOrgansRedux : AddDefsForEachModdedRace
Problematic race: Corpse_HL_AA_DecayDrake
Error: System.NullReferenceException: Object reference not set to an instance of an object
[Ref 5992DB11] Duplicate stacktrace, see ref for original
EvolvedOrgansRedux : AddDefsForEachModdedRace
Problematic race: Corpse_HL_AA_DesertAve
Error: System.NullReferenceException: Object reference not set to an instance of an object
[Ref 5992DB11] Duplicate stacktrace, see ref for original
EvolvedOrgansRedux : AddDefsForEachModdedRace
Problematic race: Corpse_HL_AA_DevilSheep
Error: System.NullReferenceException: Object reference not set to an instance of an object
[Ref 5992DB11] Duplicate stacktrace, see ref for original
EvolvedOrgansRedux : AddDefsForEachModdedRace
Problematic race: Corpse_HL_AA_DrainerLarva
Error: System.NullReferenceException: Object reference not set to an instance of an object
[Ref 5992DB11] Duplicate stacktrace, see ref for original
EvolvedOrgansRedux : AddDefsForEachModdedRace
Problematic race: Corpse_HL_AA_Drainer
Error: System.NullReferenceException: Object reference not set to an instance of an object
[Ref 5992DB11] Duplicate stacktrace, see ref for original
EvolvedOrgansRedux : AddDefsForEachModdedRace
Problematic race: Corpse_HL_AA_Dunealisk
Error: System.NullReferenceException: Object reference not set to an instance of an object
[Ref 5992DB11] Duplicate stacktrace, see ref for original
EvolvedOrgansRedux : AddDefsForEachModdedRace
Problematic race: Corpse_HL_AA_DunealiskClutchMother
Error: System.NullReferenceException: Object reference not set to an instance of an object
[Ref 5992DB11] Duplicate stacktrace, see ref for original
EvolvedOrgansRedux : AddDefsForEachModdedRace
Problematic race: Corpse_HL_AA_DuskProwler
Error: System.NullReferenceException: Object reference not set to an instance of an object
[Ref 5992DB11] Duplicate stacktrace, see ref for original
EvolvedOrgansRedux : AddDefsForEachModdedRace
Problematic race: Corpse_HL_AA_DuskRat
Error: System.NullReferenceException: Object reference not set to an instance of an object
[Ref 5992DB11] Duplicate stacktrace, see ref for original
EvolvedOrgansRedux : AddDefsForEachModdedRace
Problematic race: Corpse_HL_AA_EmpressButterflyLarva
Error: System.NullReferenceException: Object reference not set to an instance of an object
[Ref 5992DB11] Duplicate stacktrace, see ref for original
EvolvedOrgansRedux : AddDefsForEachModdedRace
Problematic race: Corpse_HL_AA_EmpressButterfly
Error: System.NullReferenceException: Object reference not set to an instance of an object
[Ref 5992DB11] Duplicate stacktrace, see ref for original
EvolvedOrgansRedux : AddDefsForEachModdedRace
Problematic race: Corpse_HL_AA_EngorgedTentacularAberration
Error: System.NullReferenceException: Object reference not set to an instance of an object
[Ref 5992DB11] Duplicate stacktrace, see ref for original
EvolvedOrgansRedux : AddDefsForEachModdedRace
Problematic race: Corpse_HL_AA_Erin
Error: System.NullReferenceException: Object reference not set to an instance of an object
[Ref 5992DB11] Duplicate stacktrace, see ref for original
EvolvedOrgansRedux : AddDefsForEachModdedRace
Problematic race: Corpse_HL_AA_Eyeling
Error: System.NullReferenceException: Object reference not set to an instance of an object
[Ref 5992DB11] Duplicate stacktrace, see ref for original
EvolvedOrgansRedux : AddDefsForEachModdedRace
Problematic race: Corpse_HL_AA_Feralisk
Error: System.NullReferenceException: Object reference not set to an instance of an object
[Ref 5992DB11] Duplicate stacktrace, see ref for original
EvolvedOrgansRedux : AddDefsForEachModdedRace
Problematic race: Corpse_HL_AA_FeraliskClutchMother
Error: System.NullReferenceException: Object reference not set to an instance of an object
[Ref 5992DB11] Duplicate stacktrace, see ref for original
EvolvedOrgansRedux : AddDefsForEachModdedRace
Problematic race: Corpse_HL_AA_FireWasp
Error: System.NullReferenceException: Object reference not set to an instance of an object
[Ref 5992DB11] Duplicate stacktrace, see ref for original
EvolvedOrgansRedux : AddDefsForEachModdedRace
Problematic race: Corpse_HL_AA_FissionMouse
Error: System.NullReferenceException: Object reference not set to an instance of an object
[Ref 5992DB11] Duplicate stacktrace, see ref for original
EvolvedOrgansRedux : AddDefsForEachModdedRace
Problematic race: Corpse_HL_AA_FissionMouseSecond
Error: System.NullReferenceException: Object reference not set to an instance of an object
[Ref 5992DB11] Duplicate stacktrace, see ref for original
EvolvedOrgansRedux : AddDefsForEachModdedRace
Problematic race: Corpse_HL_AA_FissionMouseThird
Error: System.NullReferenceException: Object reference not set to an instance of an object
[Ref 5992DB11] Duplicate stacktrace, see ref for original
EvolvedOrgansRedux : AddDefsForEachModdedRace
Problematic race: Corpse_HL_AA_FlamingoPhoenix
Error: System.NullReferenceException: Object reference not set to an instance of an object
[Ref 5992DB11] Duplicate stacktrace, see ref for original
EvolvedOrgansRedux : AddDefsForEachModdedRace
Problematic race: Corpse_HL_AA_FrostAve
Error: System.NullReferenceException: Object reference not set to an instance of an object
[Ref 5992DB11] Duplicate stacktrace, see ref for original
EvolvedOrgansRedux : AddDefsForEachModdedRace
Problematic race: Corpse_HL_AA_FrostboundBehemoth
Error: System.NullReferenceException: Object reference not set to an instance of an object
[Ref 5992DB11] Duplicate stacktrace, see ref for original
EvolvedOrgansRedux : AddDefsForEachModdedRace
Problematic race: Corpse_HL_AA_Frostling
Error: System.NullReferenceException: Object reference not set to an instance of an object
[Ref 5992DB11] Duplicate stacktrace, see ref for original
EvolvedOrgansRedux : AddDefsForEachModdedRace
Problematic race: Corpse_HL_AA_FrostLynx
Error: System.NullReferenceException: Object reference not set to an instance of an object
[Ref 5992DB11] Duplicate stacktrace, see ref for original
EvolvedOrgansRedux : AddDefsForEachModdedRace
Problematic race: Corpse_HL_AA_Frostmite
Error: System.NullReferenceException: Object reference not set to an instance of an object
[Ref 5992DB11] Duplicate stacktrace, see ref for original
EvolvedOrgansRedux : AddDefsForEachModdedRace
Problematic race: Corpse_HL_AA_Gallatross
Error: System.NullReferenceException: Object reference not set to an instance of an object
[Ref 5992DB11] Duplicate stacktrace, see ref for original
EvolvedOrgansRedux : AddDefsForEachModdedRace
Problematic race: Corpse_HL_AA_GallatrossMoribund
Error: System.NullReferenceException: Object reference not set to an instance of an object
[Ref 5992DB11] Duplicate stacktrace, see ref for original
EvolvedOrgansRedux : AddDefsForEachModdedRace
Problematic race: Corpse_HL_AA_Genix
Error: System.NullReferenceException: Object reference not set to an instance of an object
[Ref 5992DB11] Duplicate stacktrace, see ref for original
EvolvedOrgansRedux : AddDefsForEachModdedRace
Problematic race: Corpse_HL_AA_GiantCrownedSilkie
Error: System.NullReferenceException: Object reference not set to an instance of an object
[Ref 5992DB11] Duplicate stacktrace, see ref for original
EvolvedOrgansRedux : AddDefsForEachModdedRace
Problematic race: Corpse_HL_AA_Gigantelope
Error: System.NullReferenceException: Object reference not set to an instance of an object
[Ref 5992DB11] Duplicate stacktrace, see ref for original
EvolvedOrgansRedux : AddDefsForEachModdedRace
Problematic race: Corpse_HL_AA_GreatDevourer
Error: System.NullReferenceException: Object reference not set to an instance of an object
[Ref 5992DB11] Duplicate stacktrace, see ref for original
EvolvedOrgansRedux : AddDefsForEachModdedRace
Problematic race: Corpse_HL_AA_GreenGoo
Error: System.NullReferenceException: Object reference not set to an instance of an object
[Ref 5992DB11] Duplicate stacktrace, see ref for original
EvolvedOrgansRedux : AddDefsForEachModdedRace
Problematic race: Corpse_HL_AA_GreyCoatedMouflon
Error: System.NullReferenceException: Object reference not set to an instance of an object
[Ref 5992DB11] Duplicate stacktrace, see ref for original
EvolvedOrgansRedux : AddDefsForEachModdedRace
Problematic race: Corpse_HL_AA_Groundrunner
Error: System.NullReferenceException: Object reference not set to an instance of an object
[Ref 5992DB11] Duplicate stacktrace, see ref for original
EvolvedOrgansRedux : AddDefsForEachModdedRace
Problematic race: Corpse_HL_AA_Helixien
Error: System.NullReferenceException: Object reference not set to an instance of an object
[Ref 5992DB11] Duplicate stacktrace, see ref for original
EvolvedOrgansRedux : AddDefsForEachModdedRace
Problematic race: Corpse_HL_AA_InfectedAerofleet
Error: System.NullReferenceException: Object reference not set to an instance of an object
[Ref 5992DB11] Duplicate stacktrace, see ref for original
EvolvedOrgansRedux : AddDefsForEachModdedRace
Problematic race: Corpse_HL_AA_IronhuskBeetle
Error: System.NullReferenceException: Object reference not set to an instance of an object
[Ref 5992DB11] Duplicate stacktrace, see ref for original
EvolvedOrgansRedux : AddDefsForEachModdedRace
Problematic race: Corpse_HL_AA_Junglelisk
Error: System.NullReferenceException: Object reference not set to an instance of an object
[Ref 5992DB11] Duplicate stacktrace, see ref for original
EvolvedOrgansRedux : AddDefsForEachModdedRace
Problematic race: Corpse_HL_AA_Lockjaw
Error: System.NullReferenceException: Object reference not set to an instance of an object
[Ref 5992DB11] Duplicate stacktrace, see ref for original
EvolvedOrgansRedux : AddDefsForEachModdedRace
Problematic race: Corpse_HL_AA_Locusts
Error: System.NullReferenceException: Object reference not set to an instance of an object
[Ref 5992DB11] Duplicate stacktrace, see ref for original
EvolvedOrgansRedux : AddDefsForEachModdedRace
Problematic race: Corpse_HL_AA_LuciferBug
Error: System.NullReferenceException: Object reference not set to an instance of an object
[Ref 5992DB11] Duplicate stacktrace, see ref for original
EvolvedOrgansRedux : AddDefsForEachModdedRace
Problematic race: Corpse_HL_AA_MammothWorm
Error: System.NullReferenceException: Object reference not set to an instance of an object
[Ref 5992DB11] Duplicate stacktrace, see ref for original
EvolvedOrgansRedux : AddDefsForEachModdedRace
Problematic race: Corpse_HL_AA_Mantrap
Error: System.NullReferenceException: Object reference not set to an instance of an object
[Ref 5992DB11] Duplicate stacktrace, see ref for original
EvolvedOrgansRedux : AddDefsForEachModdedRace
Problematic race: Corpse_HL_AA_MatureFleshbeast
Error: System.NullReferenceException: Object reference not set to an instance of an object
[Ref 5992DB11] Duplicate stacktrace, see ref for original
EvolvedOrgansRedux : AddDefsForEachModdedRace
Problematic race: Corpse_HL_AA_MeadowAve
Error: System.NullReferenceException: Object reference not set to an instance of an object
[Ref 5992DB11] Duplicate stacktrace, see ref for original
EvolvedOrgansRedux : AddDefsForEachModdedRace
Problematic race: Corpse_HL_AA_MegaLouse
Error: System.NullReferenceException: Object reference not set to an instance of an object
[Ref 5992DB11] Duplicate stacktrace, see ref for original
EvolvedOrgansRedux : AddDefsForEachModdedRace
Problematic race: Corpse_HL_AA_Metallovore
Error: System.NullReferenceException: Object reference not set to an instance of an object
[Ref 5992DB11] Duplicate stacktrace, see ref for original
EvolvedOrgansRedux : AddDefsForEachModdedRace
Problematic race: Corpse_HL_AA_Murkling
Error: System.NullReferenceException: Object reference not set to an instance of an object
[Ref 5992DB11] Duplicate stacktrace, see ref for original
EvolvedOrgansRedux : AddDefsForEachModdedRace
Problematic race: Corpse_HL_AA_MycoidColossus
Error: System.NullReferenceException: Object reference not set to an instance of an object
[Ref 5992DB11] Duplicate stacktrace, see ref for original
EvolvedOrgansRedux : AddDefsForEachModdedRace
Problematic race: Corpse_HL_AA_Needlepost
Error: System.NullReferenceException: Object reference not set to an instance of an object
[Ref 5992DB11] Duplicate stacktrace, see ref for original
EvolvedOrgansRedux : AddDefsForEachModdedRace
Problematic race: Corpse_HL_AA_Needleroll
Error: System.NullReferenceException: Object reference not set to an instance of an object
[Ref 5992DB11] Duplicate stacktrace, see ref for original
EvolvedOrgansRedux : AddDefsForEachModdedRace
Problematic race: Corpse_HL_AA_NightMule
Error: System.NullReferenceException: Object reference not set to an instance of an object
[Ref 5992DB11] Duplicate stacktrace, see ref for original
EvolvedOrgansRedux : AddDefsForEachModdedRace
Problematic race: Corpse_HL_AA_NightAve
Error: System.NullReferenceException: Object reference not set to an instance of an object
[Ref 5992DB11] Duplicate stacktrace, see ref for original
EvolvedOrgansRedux : AddDefsForEachModdedRace
Problematic race: Corpse_HL_AA_Nightling
Error: System.NullReferenceException: Object reference not set to an instance of an object
[Ref 5992DB11] Duplicate stacktrace, see ref for original
EvolvedOrgansRedux : AddDefsForEachModdedRace
Problematic race: Corpse_HL_AA_NightRam
Error: System.NullReferenceException: Object reference not set to an instance of an object
[Ref 5992DB11] Duplicate stacktrace, see ref for original
EvolvedOrgansRedux : AddDefsForEachModdedRace
Problematic race: Corpse_HL_AA_OcularJelly
Error: System.NullReferenceException: Object reference not set to an instance of an object
[Ref 5992DB11] Duplicate stacktrace, see ref for original
EvolvedOrgansRedux : AddDefsForEachModdedRace
Problematic race: Corpse_HL_AA_OcularNightling
Error: System.NullReferenceException: Object reference not set to an instance of an object
[Ref 5992DB11] Duplicate stacktrace, see ref for original
EvolvedOrgansRedux : AddDefsForEachModdedRace
Problematic race: Corpse_HL_AA_OvergrownColossus
Error: System.NullReferenceException: Object reference not set to an instance of an object
[Ref 5992DB11] Duplicate stacktrace, see ref for original
EvolvedOrgansRedux : AddDefsForEachModdedRace
Problematic race: Corpse_HL_AA_PebbleMit
Error: System.NullReferenceException: Object reference not set to an instance of an object
[Ref 5992DB11] Duplicate stacktrace, see ref for original
EvolvedOrgansRedux : AddDefsForEachModdedRace
Problematic race: Corpse_HL_AA_PedigreedRaptor
Error: System.NullReferenceException: Object reference not set to an instance of an object
[Ref 5992DB11] Duplicate stacktrace, see ref for original
EvolvedOrgansRedux : AddDefsForEachModdedRace
Problematic race: Corpse_HL_AA_PhoenixOwlcat
Error: System.NullReferenceException: Object reference not set to an instance of an object
[Ref 5992DB11] Duplicate stacktrace, see ref for original
EvolvedOrgansRedux : AddDefsForEachModdedRace
Problematic race: Corpse_HL_AA_Plasmorph
Error: System.NullReferenceException: Object reference not set to an instance of an object
[Ref 5992DB11] Duplicate stacktrace, see ref for original
EvolvedOrgansRedux : AddDefsForEachModdedRace
Problematic race: Corpse_HL_AA_Radyak
Error: System.NullReferenceException: Object reference not set to an instance of an object
[Ref 5992DB11] Duplicate stacktrace, see ref for original
EvolvedOrgansRedux : AddDefsForEachModdedRace
Problematic race: Corpse_HL_AA_RaptorShrimp
Error: System.NullReferenceException: Object reference not set to an instance of an object
[Ref 5992DB11] Duplicate stacktrace, see ref for original
EvolvedOrgansRedux : AddDefsForEachModdedRace
Problematic race: Corpse_HL_AA_Ravager
Error: System.NullReferenceException: Object reference not set to an instance of an object
[Ref 5992DB11] Duplicate stacktrace, see ref for original
EvolvedOrgansRedux : AddDefsForEachModdedRace
Problematic race: Corpse_HL_AA_RayHound
Error: System.NullReferenceException: Object reference not set to an instance of an object
[Ref 5992DB11] Duplicate stacktrace, see ref for original
EvolvedOrgansRedux : AddDefsForEachModdedRace
Problematic race: Corpse_HL_AA_Razorjack
Error: System.NullReferenceException: Object reference not set to an instance of an object
[Ref 5992DB11] Duplicate stacktrace, see ref for original
EvolvedOrgansRedux : AddDefsForEachModdedRace
Problematic race: Corpse_HL_AA_RedGoo
Error: System.NullReferenceException: Object reference not set to an instance of an object
[Ref 5992DB11] Duplicate stacktrace, see ref for original
EvolvedOrgansRedux : AddDefsForEachModdedRace
Problematic race: Corpse_HL_AA_RedSpore
Error: System.NullReferenceException: Object reference not set to an instance of an object
[Ref 5992DB11] Duplicate stacktrace, see ref for original
EvolvedOrgansRedux : AddDefsForEachModdedRace
Problematic race: Corpse_HL_AA_RipperHound
Error: System.NullReferenceException: Object reference not set to an instance of an object
[Ref 5992DB11] Duplicate stacktrace, see ref for original
EvolvedOrgansRedux : AddDefsForEachModdedRace
Problematic race: Corpse_HL_AA_RoughPlatedMonitor
Error: System.NullReferenceException: Object reference not set to an instance of an object
[Ref 5992DB11] Duplicate stacktrace, see ref for original
EvolvedOrgansRedux : AddDefsForEachModdedRace
Problematic race: Corpse_HL_AA_RoyalAve
Error: System.NullReferenceException: Object reference not set to an instance of an object
[Ref 5992DB11] Duplicate stacktrace, see ref for original
EvolvedOrgansRedux : AddDefsForEachModdedRace
Problematic race: Corpse_HL_AA_SandLion
Error: System.NullReferenceException: Object reference not set to an instance of an object
[Ref 5992DB11] Duplicate stacktrace, see ref for original
EvolvedOrgansRedux : AddDefsForEachModdedRace
Problematic race: Corpse_HL_AA_SandProwler
Error: System.NullReferenceException: Object reference not set to an instance of an object
[Ref 5992DB11] Duplicate stacktrace, see ref for original
EvolvedOrgansRedux : AddDefsForEachModdedRace
Problematic race: Corpse_HL_AA_SandSquid
Error: System.NullReferenceException: Object reference not set to an instance of an object
[Ref 5992DB11] Duplicate stacktrace, see ref for original
EvolvedOrgansRedux : AddDefsForEachModdedRace
Problematic race: Corpse_HL_AA_ShadowCharger
Error: System.NullReferenceException: Object reference not set to an instance of an object
[Ref 5992DB11] Duplicate stacktrace, see ref for original
EvolvedOrgansRedux : AddDefsForEachModdedRace
Problematic race: Corpse_HL_AA_ShockGoat
Error: System.NullReferenceException: Object reference not set to an instance of an object
[Ref 5992DB11] Duplicate stacktrace, see ref for original
EvolvedOrgansRedux : AddDefsForEachModdedRace
Problematic race: Corpse_HL_AA_Skiphound
Error: System.NullReferenceException: Object reference not set to an instance of an object
[Ref 5992DB11] Duplicate stacktrace, see ref for original
EvolvedOrgansRedux : AddDefsForEachModdedRace
Problematic race: Corpse_HL_AA_Skyeel
Error: System.NullReferenceException: Object reference not set to an instance of an object
[Ref 5992DB11] Duplicate stacktrace, see ref for original
EvolvedOrgansRedux : AddDefsForEachModdedRace
Problematic race: Corpse_HL_AA_Slurrypede
Error: System.NullReferenceException: Object reference not set to an instance of an object
[Ref 5992DB11] Duplicate stacktrace, see ref for original
EvolvedOrgansRedux : AddDefsForEachModdedRace
Problematic race: Corpse_HL_AA_SmallButterfly
Error: System.NullReferenceException: Object reference not set to an instance of an object
[Ref 5992DB11] Duplicate stacktrace, see ref for original
EvolvedOrgansRedux : AddDefsForEachModdedRace
Problematic race: Corpse_HL_AA_SpinedGow
Error: System.NullReferenceException: Object reference not set to an instance of an object
[Ref 5992DB11] Duplicate stacktrace, see ref for original
EvolvedOrgansRedux : AddDefsForEachModdedRace
Problematic race: Corpse_HL_AA_Swarmling
Error: System.NullReferenceException: Object reference not set to an instance of an object
[Ref 5992DB11] Duplicate stacktrace, see ref for original
EvolvedOrgansRedux : AddDefsForEachModdedRace
Problematic race: Corpse_HL_AA_TarGuzzler
Error: System.NullReferenceException: Object reference not set to an instance of an object
[Ref 5992DB11] Duplicate stacktrace, see ref for original
EvolvedOrgansRedux : AddDefsForEachModdedRace
Problematic race: Corpse_HL_AA_TeratogenicOriginator
Error: System.NullReferenceException: Object reference not set to an instance of an object
[Ref 5992DB11] Duplicate stacktrace, see ref for original
EvolvedOrgansRedux : AddDefsForEachModdedRace
Problematic race: Corpse_HL_AA_Terramorph
Error: System.NullReferenceException: Object reference not set to an instance of an object
[Ref 5992DB11] Duplicate stacktrace, see ref for original
EvolvedOrgansRedux : AddDefsForEachModdedRace
Problematic race: Corpse_HL_AA_TetraSlug
Error: System.NullReferenceException: Object reference not set to an instance of an object
[Ref 5992DB11] Duplicate stacktrace, see ref for original
EvolvedOrgansRedux : AddDefsForEachModdedRace
Problematic race: Corpse_HL_AA_Thermadon
Error: System.NullReferenceException: Object reference not set to an instance of an object
[Ref 5992DB11] Duplicate stacktrace, see ref for original
EvolvedOrgansRedux : AddDefsForEachModdedRace
Problematic race: Corpse_HL_AA_Thunderbeast
Error: System.NullReferenceException: Object reference not set to an instance of an object
[Ref 5992DB11] Duplicate stacktrace, see ref for original
EvolvedOrgansRedux : AddDefsForEachModdedRace
Problematic race: Corpse_HL_AA_Thunderox
Error: System.NullReferenceException: Object reference not set to an instance of an object
[Ref 5992DB11] Duplicate stacktrace, see ref for original
EvolvedOrgansRedux : AddDefsForEachModdedRace
Problematic race: Corpse_HL_AA_UnblinkingEye
Error: System.NullReferenceException: Object reference not set to an instance of an object
[Ref 5992DB11] Duplicate stacktrace, see ref for original
EvolvedOrgansRedux : AddDefsForEachModdedRace
Problematic race: Corpse_HL_AA_Wildpawn
Error: System.NullReferenceException: Object reference not set to an instance of an object
[Ref 5992DB11] Duplicate stacktrace, see ref for original
EvolvedOrgansRedux : AddDefsForEachModdedRace
Problematic race: Corpse_HL_AA_Wildpod
Error: System.NullReferenceException: Object reference not set to an instance of an object
[Ref 5992DB11] Duplicate stacktrace, see ref for original
EvolvedOrgansRedux : AddDefsForEachModdedRace
Problematic race: Corpse_HL_AA_WindBeast
Error: System.NullReferenceException: Object reference not set to an instance of an object
[Ref 5992DB11] Duplicate stacktrace, see ref for original
EvolvedOrgansRedux : AddDefsForEachModdedRace
Problematic race: Corpse_HL_BMT_AaroxisDendoriaLarvae
Error: System.NullReferenceException: Object reference not set to an instance of an object
[Ref 5992DB11] Duplicate stacktrace, see ref for original
EvolvedOrgansRedux : AddDefsForEachModdedRace
Problematic race: Corpse_HL_BMT_AaroxisDendoriaPupa
Error: System.NullReferenceException: Object reference not set to an instance of an object
[Ref 5992DB11] Duplicate stacktrace, see ref for original
EvolvedOrgansRedux : AddDefsForEachModdedRace
Problematic race: Corpse_HL_BMT_AaroxisDendoria
Error: System.NullReferenceException: Object reference not set to an instance of an object
[Ref 5992DB11] Duplicate stacktrace, see ref for original
EvolvedOrgansRedux : AddDefsForEachModdedRace
Problematic race: Corpse_HL_BMT_AcidSlug
Error: System.NullReferenceException: Object reference not set to an instance of an object
[Ref 5992DB11] Duplicate stacktrace, see ref for original
EvolvedOrgansRedux : AddDefsForEachModdedRace
Problematic race: Corpse_HL_BMT_Basilisk
Error: System.NullReferenceException: Object reference not set to an instance of an object
[Ref 5992DB11] Duplicate stacktrace, see ref for original
EvolvedOrgansRedux : AddDefsForEachModdedRace
Problematic race: Corpse_HL_BMT_BeardedYak
Error: System.NullReferenceException: Object reference not set to an instance of an object
[Ref 5992DB11] Duplicate stacktrace, see ref for original
EvolvedOrgansRedux : AddDefsForEachModdedRace
Problematic race: Corpse_HL_BMT_BloodropLarvae
Error: System.NullReferenceException: Object reference not set to an instance of an object
[Ref 5992DB11] Duplicate stacktrace, see ref for original
EvolvedOrgansRedux : AddDefsForEachModdedRace
Problematic race: Corpse_HL_BMT_BloodropPupa
Error: System.NullReferenceException: Object reference not set to an instance of an object
[Ref 5992DB11] Duplicate stacktrace, see ref for original
EvolvedOrgansRedux : AddDefsForEachModdedRace
Problematic race: Corpse_HL_BMT_BloodropMoth
Error: System.NullReferenceException: Object reference not set to an instance of an object
[Ref 5992DB11] Duplicate stacktrace, see ref for original
EvolvedOrgansRedux : AddDefsForEachModdedRace
Problematic race: Corpse_HL_BMT_BovineBeetleLarvae
Error: System.NullReferenceException: Object reference not set to an instance of an object
[Ref 5992DB11] Duplicate stacktrace, see ref for original
EvolvedOrgansRedux : AddDefsForEachModdedRace
Problematic race: Corpse_HL_BMT_BovineBeetlePupa
Error: System.NullReferenceException: Object reference not set to an instance of an object
[Ref 5992DB11] Duplicate stacktrace, see ref for original
EvolvedOrgansRedux : AddDefsForEachModdedRace
Problematic race: Corpse_HL_BMT_BovineBeetle
Error: System.NullReferenceException: Object reference not set to an instance of an object
[Ref 5992DB11] Duplicate stacktrace, see ref for original
EvolvedOrgansRedux : AddDefsForEachModdedRace
Problematic race: Corpse_HL_BMT_CactusCrab
Error: System.NullReferenceException: Object reference not set to an instance of an object
[Ref 5992DB11] Duplicate stacktrace, see ref for original
EvolvedOrgansRedux : AddDefsForEachModdedRace
Problematic race: Corpse_HL_BMT_CaveCricket
Error: System.NullReferenceException: Object reference not set to an instance of an object
[Ref 5992DB11] Duplicate stacktrace, see ref for original
EvolvedOrgansRedux : AddDefsForEachModdedRace
Problematic race: Corpse_HL_BMT_CaveLemming
Error: System.NullReferenceException: Object reference not set to an instance of an object
[Ref 5992DB11] Duplicate stacktrace, see ref for original
EvolvedOrgansRedux : AddDefsForEachModdedRace
Problematic race: Corpse_HL_BMT_CaveSpider
Error: System.NullReferenceException: Object reference not set to an instance of an object
[Ref 5992DB11] Duplicate stacktrace, see ref for original
EvolvedOrgansRedux : AddDefsForEachModdedRace
Problematic race: Corpse_HL_BMT_ChemSnail
Error: System.NullReferenceException: Object reference not set to an instance of an object
[Ref 5992DB11] Duplicate stacktrace, see ref for original
EvolvedOrgansRedux : AddDefsForEachModdedRace
Problematic race: Corpse_HL_BMT_CrestedDragon
Error: System.NullReferenceException: Object reference not set to an instance of an object
[Ref 5992DB11] Duplicate stacktrace, see ref for original
EvolvedOrgansRedux : AddDefsForEachModdedRace
Problematic race: Corpse_HL_BMT_CrystalBeetleLarvae
Error: System.NullReferenceException: Object reference not set to an instance of an object
[Ref 5992DB11] Duplicate stacktrace, see ref for original
EvolvedOrgansRedux : AddDefsForEachModdedRace
Problematic race: Corpse_HL_BMT_CrystalBeetlePupa
Error: System.NullReferenceException: Object reference not set to an instance of an object
[Ref 5992DB11] Duplicate stacktrace, see ref for original
EvolvedOrgansRedux : AddDefsForEachModdedRace
Problematic race: Corpse_HL_BMT_CrystalBeetle
Error: System.NullReferenceException: Object reference not set to an instance of an object
[Ref 5992DB11] Duplicate stacktrace, see ref for original
EvolvedOrgansRedux : AddDefsForEachModdedRace
Problematic race: Corpse_HL_BMT_CrystalCrab
Error: System.NullReferenceException: Object reference not set to an instance of an object
[Ref 5992DB11] Duplicate stacktrace, see ref for original
EvolvedOrgansRedux : AddDefsForEachModdedRace
Problematic race: Corpse_HL_BMT_CrystalFairyMole
Error: System.NullReferenceException: Object reference not set to an instance of an object
[Ref 5992DB11] Duplicate stacktrace, see ref for original
EvolvedOrgansRedux : AddDefsForEachModdedRace
Problematic race: Corpse_HL_BMT_CrystalMantis
Error: System.NullReferenceException: Object reference not set to an instance of an object
[Ref 5992DB11] Duplicate stacktrace, see ref for original
EvolvedOrgansRedux : AddDefsForEachModdedRace
Problematic race: Corpse_HL_BMT_Crystalope
Error: System.NullReferenceException: Object reference not set to an instance of an object
[Ref 5992DB11] Duplicate stacktrace, see ref for original
EvolvedOrgansRedux : AddDefsForEachModdedRace
Problematic race: Corpse_HL_BMT_DarkAxolotl
Error: System.NullReferenceException: Object reference not set to an instance of an object
[Ref 5992DB11] Duplicate stacktrace, see ref for original
EvolvedOrgansRedux : AddDefsForEachModdedRace
Problematic race: Corpse_HL_BMT_Diggerpede
Error: System.NullReferenceException: Object reference not set to an instance of an object
[Ref 5992DB11] Duplicate stacktrace, see ref for original
EvolvedOrgansRedux : AddDefsForEachModdedRace
Problematic race: Corpse_HL_BMT_FacetMothLarvae
Error: System.NullReferenceException: Object reference not set to an instance of an object
[Ref 5992DB11] Duplicate stacktrace, see ref for original
EvolvedOrgansRedux : AddDefsForEachModdedRace
Problematic race: Corpse_HL_BMT_FacetMothPupa
Error: System.NullReferenceException: Object reference not set to an instance of an object
[Ref 5992DB11] Duplicate stacktrace, see ref for original
EvolvedOrgansRedux : AddDefsForEachModdedRace
Problematic race: Corpse_HL_BMT_FacetMoth
Error: System.NullReferenceException: Object reference not set to an instance of an object
[Ref 5992DB11] Duplicate stacktrace, see ref for original
EvolvedOrgansRedux : AddDefsForEachModdedRace
Problematic race: Corpse_HL_BMT_FireSalamander
Error: System.NullReferenceException: Object reference not set to an instance of an object
[Ref 5992DB11] Duplicate stacktrace, see ref for original
EvolvedOrgansRedux : AddDefsForEachModdedRace
Problematic race: Corpse_HL_BMT_FleeceSpider
Error: System.NullReferenceException: Object reference not set to an instance of an object
[Ref 5992DB11] Duplicate stacktrace, see ref for original
EvolvedOrgansRedux : AddDefsForEachModdedRace
Problematic race: Corpse_HL_BMT_FoundryBeetleLarvae
Error: System.NullReferenceException: Object reference not set to an instance of an object
[Ref 5992DB11] Duplicate stacktrace, see ref for original
EvolvedOrgansRedux : AddDefsForEachModdedRace
Problematic race: Corpse_HL_BMT_FoundryBeetlePupa
Error: System.NullReferenceException: Object reference not set to an instance of an object
[Ref 5992DB11] Duplicate stacktrace, see ref for original
EvolvedOrgansRedux : AddDefsForEachModdedRace
Problematic race: Corpse_HL_BMT_FoundryBeetle
Error: System.NullReferenceException: Object reference not set to an instance of an object
[Ref 5992DB11] Duplicate stacktrace, see ref for original
EvolvedOrgansRedux : AddDefsForEachModdedRace
Problematic race: Corpse_HL_BMT_FreezerFrog
Error: System.NullReferenceException: Object reference not set to an instance of an object
[Ref 5992DB11] Duplicate stacktrace, see ref for original
EvolvedOrgansRedux : AddDefsForEachModdedRace
Problematic race: Corpse_HL_BMT_FrostweaverSpider
Error: System.NullReferenceException: Object reference not set to an instance of an object
[Ref 5992DB11] Duplicate stacktrace, see ref for original
EvolvedOrgansRedux : AddDefsForEachModdedRace
Problematic race: Corpse_HL_BMT_FungalFerret
Error: System.NullReferenceException: Object reference not set to an instance of an object
[Ref 5992DB11] Duplicate stacktrace, see ref for original
EvolvedOrgansRedux : AddDefsForEachModdedRace
Problematic race: Corpse_HL_BMT_FungalMantis
Error: System.NullReferenceException: Object reference not set to an instance of an object
[Ref 5992DB11] Duplicate stacktrace, see ref for original
EvolvedOrgansRedux : AddDefsForEachModdedRace
Problematic race: Corpse_HL_BMT_FungalWeevil
Error: System.NullReferenceException: Object reference not set to an instance of an object
[Ref 5992DB11] Duplicate stacktrace, see ref for original
EvolvedOrgansRedux : AddDefsForEachModdedRace
Problematic race: Corpse_HL_BMT_Gembug
Error: System.NullReferenceException: Object reference not set to an instance of an object
[Ref 5992DB11] Duplicate stacktrace, see ref for original
EvolvedOrgansRedux : AddDefsForEachModdedRace
Problematic race: Corpse_HL_BMT_GiantSlug
Error: System.NullReferenceException: Object reference not set to an instance of an object
[Ref 5992DB11] Duplicate stacktrace, see ref for original
EvolvedOrgansRedux : AddDefsForEachModdedRace
Problematic race: Corpse_HL_BMT_GiantSnail
Error: System.NullReferenceException: Object reference not set to an instance of an object
[Ref 5992DB11] Duplicate stacktrace, see ref for original
EvolvedOrgansRedux : AddDefsForEachModdedRace
Problematic race: Corpse_HL_BMT_GlarralPenguin
Error: System.NullReferenceException: Object reference not set to an instance of an object
[Ref 5992DB11] Duplicate stacktrace, see ref for original
EvolvedOrgansRedux : AddDefsForEachModdedRace
Problematic race: Corpse_HL_BMT_GlowSlug
Error: System.NullReferenceException: Object reference not set to an instance of an object
[Ref 5992DB11] Duplicate stacktrace, see ref for original
EvolvedOrgansRedux : AddDefsForEachModdedRace
Problematic race: Corpse_HL_BMT_GoetoTadpole
Error: System.NullReferenceException: Object reference not set to an instance of an object
[Ref 5992DB11] Duplicate stacktrace, see ref for original
EvolvedOrgansRedux : AddDefsForEachModdedRace
Problematic race: Corpse_HL_BMT_GoetoToad
Error: System.NullReferenceException: Object reference not set to an instance of an object
[Ref 5992DB11] Duplicate stacktrace, see ref for original
EvolvedOrgansRedux : AddDefsForEachModdedRace
Problematic race: Corpse_HL_BMT_HoarfrostMastodon
Error: System.NullReferenceException: Object reference not set to an instance of an object
[Ref 5992DB11] Duplicate stacktrace, see ref for original
EvolvedOrgansRedux : AddDefsForEachModdedRace
Problematic race: Corpse_HL_BMT_HungeringHydra
Error: System.NullReferenceException: Object reference not set to an instance of an object
[Ref 5992DB11] Duplicate stacktrace, see ref for original
EvolvedOrgansRedux : AddDefsForEachModdedRace
Problematic race: Corpse_HL_BMT_ImperialToad
Error: System.NullReferenceException: Object reference not set to an instance of an object
[Ref 5992DB11] Duplicate stacktrace, see ref for original
EvolvedOrgansRedux : AddDefsForEachModdedRace
Problematic race: Corpse_HL_BMT_Jellypot
Error: System.NullReferenceException: Object reference not set to an instance of an object
[Ref 5992DB11] Duplicate stacktrace, see ref for original
EvolvedOrgansRedux : AddDefsForEachModdedRace
Problematic race: Corpse_HL_BMT_JewelBeetleLarvae
Error: System.NullReferenceException: Object reference not set to an instance of an object
[Ref 5992DB11] Duplicate stacktrace, see ref for original
EvolvedOrgansRedux : AddDefsForEachModdedRace
Problematic race: Corpse_HL_BMT_JewelBeetlePupa
Error: System.NullReferenceException: Object reference not set to an instance of an object
[Ref 5992DB11] Duplicate stacktrace, see ref for original
EvolvedOrgansRedux : AddDefsForEachModdedRace
Problematic race: Corpse_HL_BMT_JewelBeetle
Error: System.NullReferenceException: Object reference not set to an instance of an object
[Ref 5992DB11] Duplicate stacktrace, see ref for original
EvolvedOrgansRedux : AddDefsForEachModdedRace
Problematic race: Corpse_HL_BMT_MaceDrake
Error: System.NullReferenceException: Object reference not set to an instance of an object
[Ref 5992DB11] Duplicate stacktrace, see ref for original
EvolvedOrgansRedux : AddDefsForEachModdedRace
Problematic race: Corpse_HL_BMT_Maguana
Error: System.NullReferenceException: Object reference not set to an instance of an object
[Ref 5992DB11] Duplicate stacktrace, see ref for original
EvolvedOrgansRedux : AddDefsForEachModdedRace
Problematic race: Corpse_HL_BMT_Megapleura
Error: System.NullReferenceException: Object reference not set to an instance of an object
[Ref 5992DB11] Duplicate stacktrace, see ref for original
EvolvedOrgansRedux : AddDefsForEachModdedRace
Problematic race: Corpse_HL_BMT_MetalloSnail
Error: System.NullReferenceException: Object reference not set to an instance of an object
[Ref 5992DB11] Duplicate stacktrace, see ref for original
EvolvedOrgansRedux : AddDefsForEachModdedRace
Problematic race: Corpse_HL_BMT_Mole
Error: System.NullReferenceException: Object reference not set to an instance of an object
[Ref 5992DB11] Duplicate stacktrace, see ref for original
EvolvedOrgansRedux : AddDefsForEachModdedRace
Problematic race: Corpse_HL_BMT_Molebear
Error: System.NullReferenceException: Object reference not set to an instance of an object
[Ref 5992DB11] Duplicate stacktrace, see ref for original
EvolvedOrgansRedux : AddDefsForEachModdedRace
Problematic race: Corpse_HL_BMT_MossBeetleLarvae
Error: System.NullReferenceException: Object reference not set to an instance of an object
[Ref 5992DB11] Duplicate stacktrace, see ref for original
EvolvedOrgansRedux : AddDefsForEachModdedRace
Problematic race: Corpse_HL_BMT_MossBeetlePupa
Error: System.NullReferenceException: Object reference not set to an instance of an object
[Ref 5992DB11] Duplicate stacktrace, see ref for original
EvolvedOrgansRedux : AddDefsForEachModdedRace
Problematic race: Corpse_HL_BMT_MossBeetle
Error: System.NullReferenceException: Object reference not set to an instance of an object
[Ref 5992DB11] Duplicate stacktrace, see ref for original
EvolvedOrgansRedux : AddDefsForEachModdedRace
Problematic race: Corpse_HL_BMT_MossyFennec
Error: System.NullReferenceException: Object reference not set to an instance of an object
[Ref 5992DB11] Duplicate stacktrace, see ref for original
EvolvedOrgansRedux : AddDefsForEachModdedRace
Problematic race: Corpse_HL_BMT_Pillbug
Error: System.NullReferenceException: Object reference not set to an instance of an object
[Ref 5992DB11] Duplicate stacktrace, see ref for original
EvolvedOrgansRedux : AddDefsForEachModdedRace
Problematic race: Corpse_HL_BMT_PodWorm
Error: System.NullReferenceException: Object reference not set to an instance of an object
[Ref 5992DB11] Duplicate stacktrace, see ref for original
EvolvedOrgansRedux : AddDefsForEachModdedRace
Problematic race: Corpse_HL_BMT_Rimebeak
Error: System.NullReferenceException: Object reference not set to an instance of an object
[Ref 5992DB11] Duplicate stacktrace, see ref for original
EvolvedOrgansRedux : AddDefsForEachModdedRace
Problematic race: Corpse_HL_BMT_RoyalRhinoLarvae
Error: System.NullReferenceException: Object reference not set to an instance of an object
[Ref 5992DB11] Duplicate stacktrace, see ref for original
EvolvedOrgansRedux : AddDefsForEachModdedRace
Problematic race: Corpse_HL_BMT_RoyalRhinoPupa
Error: System.NullReferenceException: Object reference not set to an instance of an object
[Ref 5992DB11] Duplicate stacktrace, see ref for original
EvolvedOrgansRedux : AddDefsForEachModdedRace
Problematic race: Corpse_HL_BMT_RoyalRhino
Error: System.NullReferenceException: Object reference not set to an instance of an object
[Ref 5992DB11] Duplicate stacktrace, see ref for original
EvolvedOrgansRedux : AddDefsForEachModdedRace
Problematic race: Corpse_HL_BMT_SandLeaper
Error: System.NullReferenceException: Object reference not set to an instance of an object
[Ref 5992DB11] Duplicate stacktrace, see ref for original
EvolvedOrgansRedux : AddDefsForEachModdedRace
Problematic race: Corpse_HL_BMT_SandPillar
Error: System.NullReferenceException: Object reference not set to an instance of an object
[Ref 5992DB11] Duplicate stacktrace, see ref for original
EvolvedOrgansRedux : AddDefsForEachModdedRace
Problematic race: Corpse_HL_BMT_ShatterjawBeetleLarvae
Error: System.NullReferenceException: Object reference not set to an instance of an object
[Ref 5992DB11] Duplicate stacktrace, see ref for original
EvolvedOrgansRedux : AddDefsForEachModdedRace
Problematic race: Corpse_HL_BMT_ShatterjawBeetlePupa
Error: System.NullReferenceException: Object reference not set to an instance of an object
[Ref 5992DB11] Duplicate stacktrace, see ref for original
EvolvedOrgansRedux : AddDefsForEachModdedRace
Problematic race: Corpse_HL_BMT_ShatterjawBeetle
Error: System.NullReferenceException: Object reference not set to an instance of an object
[Ref 5992DB11] Duplicate stacktrace, see ref for original
EvolvedOrgansRedux : AddDefsForEachModdedRace
Problematic race: Corpse_HL_BMT_ShimmershellSnail
Error: System.NullReferenceException: Object reference not set to an instance of an object
[Ref 5992DB11] Duplicate stacktrace, see ref for original
EvolvedOrgansRedux : AddDefsForEachModdedRace
Problematic race: Corpse_HL_BMT_SilverSheep
Error: System.NullReferenceException: Object reference not set to an instance of an object
[Ref 5992DB11] Duplicate stacktrace, see ref for original
EvolvedOrgansRedux : AddDefsForEachModdedRace
Problematic race: Corpse_HL_BMT_SmolderstingScorpion
Error: System.NullReferenceException: Object reference not set to an instance of an object
[Ref 5992DB11] Duplicate stacktrace, see ref for original
EvolvedOrgansRedux : AddDefsForEachModdedRace
Problematic race: Corpse_HL_BMT_Snowstalker
Error: System.NullReferenceException: Object reference not set to an instance of an object
[Ref 5992DB11] Duplicate stacktrace, see ref for original
EvolvedOrgansRedux : AddDefsForEachModdedRace
Problematic race: Corpse_HL_BMT_SonarRabbit
Error: System.NullReferenceException: Object reference not set to an instance of an object
[Ref 5992DB11] Duplicate stacktrace, see ref for original
EvolvedOrgansRedux : AddDefsForEachModdedRace
Problematic race: Corpse_HL_BMT_Stoneback
Error: System.NullReferenceException: Object reference not set to an instance of an object
[Ref 5992DB11] Duplicate stacktrace, see ref for original
EvolvedOrgansRedux : AddDefsForEachModdedRace
Problematic race: Corpse_HL_BMT_Thrumbungus
Error: System.NullReferenceException: Object reference not set to an instance of an object
[Ref 5992DB11] Duplicate stacktrace, see ref for original
EvolvedOrgansRedux : AddDefsForEachModdedRace
Problematic race: Corpse_HL_BMT_TruffleMole
Error: System.NullReferenceException: Object reference not set to an instance of an object
[Ref 5992DB11] Duplicate stacktrace, see ref for original
EvolvedOrgansRedux : AddDefsForEachModdedRace
Problematic race: Corpse_HL_BMT_Xyrion
Error: System.NullReferenceException: Object reference not set to an instance of an object
[Ref 5992DB11] Duplicate stacktrace, see ref for original
EvolvedOrgansRedux : AddDefsForEachModdedRace
Problematic race: Corpse_HL_BMT_Yooka
Error: System.NullReferenceException: Object reference not set to an instance of an object
[Ref 5992DB11] Duplicate stacktrace, see ref for original
EvolvedOrgansRedux : AddDefsForEachModdedRace
Problematic race: Corpse_HL_Outland_Oxect
Error: System.NullReferenceException: Object reference not set to an instance of an object
[Ref 5992DB11] Duplicate stacktrace, see ref for original
EvolvedOrgansRedux : AddDefsForEachModdedRace
Problematic race: Corpse_HL_BotchJob_UndeadCat
Error: System.NullReferenceException: Object reference not set to an instance of an object
[Ref 5992DB11] Duplicate stacktrace, see ref for original
EvolvedOrgansRedux : AddDefsForEachModdedRace
Problematic race: Corpse_HL_BotchJob_UndeadDragon
Error: System.NullReferenceException: Object reference not set to an instance of an object
[Ref 5992DB11] Duplicate stacktrace, see ref for original
EvolvedOrgansRedux : AddDefsForEachModdedRace
Problematic race: Corpse_HL_BotchJob_UndeadHorse
Error: System.NullReferenceException: Object reference not set to an instance of an object
[Ref 5992DB11] Duplicate stacktrace, see ref for original
EvolvedOrgansRedux : AddDefsForEachModdedRace
Problematic race: Corpse_HL_BotchJob_UndeadWarg
Error: System.NullReferenceException: Object reference not set to an instance of an object
[Ref 5992DB11] Duplicate stacktrace, see ref for original
EvolvedOrgansRedux : AddDefsForEachModdedRace
Problematic race: Corpse_HL_AG_OcularSlinger
Error: System.NullReferenceException: Object reference not set to an instance of an object
[Ref 5992DB11] Duplicate stacktrace, see ref for original
EvolvedOrgansRedux : AddDefsForEachModdedRace
Problematic race: Corpse_HL_REDS_SpiritAnimal
Error: System.NullReferenceException: Object reference not set to an instance of an object
[Ref 5992DB11] Duplicate stacktrace, see ref for original
EvolvedOrgansRedux : AddDefsForEachModdedRace
Problematic race: Corpse_HL_REDS_SpiritWolfEcho
Error: System.NullReferenceException: Object reference not set to an instance of an object
[Ref 5992DB11] Duplicate stacktrace, see ref for original
EvolvedOrgansRedux : AddDefsForEachModdedRace
Problematic race: G_CentaurFourArm_Corpse
Error: System.NullReferenceException: Object reference not set to an instance of an object
[Ref 5992DB11] Duplicate stacktrace, see ref for original
EvolvedOrgansRedux : AddDefsForEachModdedRace
Problematic race: G_CentaurFourArmWinged_Corpse
Error: System.NullReferenceException: Object reference not set to an instance of an object
[Ref 5992DB11] Duplicate stacktrace, see ref for original
EvolvedOrgansRedux : AddDefsForEachModdedRace
Problematic race: G_CentaurSixArm_Corpse
Error: System.NullReferenceException: Object reference not set to an instance of an object
[Ref 5992DB11] Duplicate stacktrace, see ref for original
EvolvedOrgansRedux : AddDefsForEachModdedRace
Problematic race: G_CentaurSixArmWinged_Corpse
Error: System.NullReferenceException: Object reference not set to an instance of an object
[Ref 5992DB11] Duplicate stacktrace, see ref for original
EvolvedOrgansRedux : AddDefsForEachModdedRace
Problematic race: G_CentaurWinged_Corpse
Error: System.NullReferenceException: Object reference not set to an instance of an object
[Ref 5992DB11] Duplicate stacktrace, see ref for original
EvolvedOrgansRedux : AddDefsForEachModdedRace
Problematic race: M_MechaCentaurFourArm_Corpse
Error: System.NullReferenceException: Object reference not set to an instance of an object
[Ref 5992DB11] Duplicate stacktrace, see ref for original
EvolvedOrgansRedux : AddDefsForEachModdedRace
Problematic race: M_MechaCentaurFourArmWinged_Corpse
Error: System.NullReferenceException: Object reference not set to an instance of an object
[Ref 5992DB11] Duplicate stacktrace, see ref for original
EvolvedOrgansRedux : AddDefsForEachModdedRace
Problematic race: M_MechaCentaurSixArm_Corpse
Error: System.NullReferenceException: Object reference not set to an instance of an object
[Ref 5992DB11] Duplicate stacktrace, see ref for original
EvolvedOrgansRedux : AddDefsForEachModdedRace
Problematic race: M_MechaCentaurSixArmWinged_Corpse
Error: System.NullReferenceException: Object reference not set to an instance of an object
[Ref 5992DB11] Duplicate stacktrace, see ref for original
EvolvedOrgansRedux : AddDefsForEachModdedRace
Problematic race: M_MechaCentaurWinged_Corpse
Error: System.NullReferenceException: Object reference not set to an instance of an object
[Ref 5992DB11] Duplicate stacktrace, see ref for original
EvolvedOrgansRedux : AddDefsForEachModdedRace
Problematic race: M_MechaSnekFourArm_Corpse
Error: System.NullReferenceException: Object reference not set to an instance of an object
[Ref 5992DB11] Duplicate stacktrace, see ref for original
EvolvedOrgansRedux : AddDefsForEachModdedRace
Problematic race: M_MechaSnekFourArmWinged_Corpse
Error: System.NullReferenceException: Object reference not set to an instance of an object
[Ref 5992DB11] Duplicate stacktrace, see ref for original
EvolvedOrgansRedux : AddDefsForEachModdedRace
Problematic race: M_MechaSnekSixArm_Corpse
Error: System.NullReferenceException: Object reference not set to an instance of an object
[Ref 5992DB11] Duplicate stacktrace, see ref for original
EvolvedOrgansRedux : AddDefsForEachModdedRace
Problematic race: M_MechaSnekSixArmWinged_Corpse
Error: System.NullReferenceException: Object reference not set to an instance of an object
[Ref 5992DB11] Duplicate stacktrace, see ref for original
EvolvedOrgansRedux : AddDefsForEachModdedRace
Problematic race: M_MechaSnekWinged_Corpse
Error: System.NullReferenceException: Object reference not set to an instance of an object
[Ref 5992DB11] Duplicate stacktrace, see ref for original
EvolvedOrgansRedux : AddDefsForEachModdedRace
Problematic race: M_MechaSpooderFourArm_Corpse
Error: System.NullReferenceException: Object reference not set to an instance of an object
[Ref 5992DB11] Duplicate stacktrace, see ref for original
EvolvedOrgansRedux : AddDefsForEachModdedRace
Problematic race: M_MechaSpooderFourArmWinged_Corpse
Error: System.NullReferenceException: Object reference not set to an instance of an object
[Ref 5992DB11] Duplicate stacktrace, see ref for original
EvolvedOrgansRedux : AddDefsForEachModdedRace
Problematic race: M_MechaSpooderSixArm_Corpse
Error: System.NullReferenceException: Object reference not set to an instance of an object
[Ref 5992DB11] Duplicate stacktrace, see ref for original
EvolvedOrgansRedux : AddDefsForEachModdedRace
Problematic race: M_MechaSpooderSixArmWinged_Corpse
Error: System.NullReferenceException: Object reference not set to an instance of an object
[Ref 5992DB11] Duplicate stacktrace, see ref for original
EvolvedOrgansRedux : AddDefsForEachModdedRace
Problematic race: M_MechaSpooderWinged_Corpse
Error: System.NullReferenceException: Object reference not set to an instance of an object
[Ref 5992DB11] Duplicate stacktrace, see ref for original
EvolvedOrgansRedux : AddDefsForEachModdedRace
Problematic race: M_MechaFourArmTailed_Corpse
Error: System.NullReferenceException: Object reference not set to an instance of an object
[Ref 5992DB11] Duplicate stacktrace, see ref for original
EvolvedOrgansRedux : AddDefsForEachModdedRace
Problematic race: M_MechaFourArmTailedWinged_Corpse
Error: System.NullReferenceException: Object reference not set to an instance of an object
[Ref 5992DB11] Duplicate stacktrace, see ref for original
EvolvedOrgansRedux : AddDefsForEachModdedRace
Problematic race: M_MechaFourArmWinged_Corpse
Error: System.NullReferenceException: Object reference not set to an instance of an object
[Ref 5992DB11] Duplicate stacktrace, see ref for original
EvolvedOrgansRedux : AddDefsForEachModdedRace
Problematic race: M_MechaSixArmTailed_Corpse
Error: System.NullReferenceException: Object reference not set to an instance of an object
[Ref 5992DB11] Duplicate stacktrace, see ref for original
EvolvedOrgansRedux : AddDefsForEachModdedRace
Problematic race: M_MechaSixArmTailedWinged_Corpse
Error: System.NullReferenceException: Object reference not set to an instance of an object
[Ref 5992DB11] Duplicate stacktrace, see ref for original
EvolvedOrgansRedux : AddDefsForEachModdedRace
Problematic race: M_MechaSixArmWinged_Corpse
Error: System.NullReferenceException: Object reference not set to an instance of an object
[Ref 5992DB11] Duplicate stacktrace, see ref for original
EvolvedOrgansRedux : AddDefsForEachModdedRace
Problematic race: M_MechaTailedWinged_Corpse
Error: System.NullReferenceException: Object reference not set to an instance of an object
[Ref 5992DB11] Duplicate stacktrace, see ref for original
EvolvedOrgansRedux : AddDefsForEachModdedRace
Problematic race: M_MechaCentaur_Corpse
Error: System.NullReferenceException: Object reference not set to an instance of an object
[Ref 5992DB11] Duplicate stacktrace, see ref for original
EvolvedOrgansRedux : AddDefsForEachModdedRace
Problematic race: M_MechaSnek_Corpse
Error: System.NullReferenceException: Object reference not set to an instance of an object
[Ref 5992DB11] Duplicate stacktrace, see ref for original
EvolvedOrgansRedux : AddDefsForEachModdedRace
Problematic race: M_MechaSpooder_Corpse
Error: System.NullReferenceException: Object reference not set to an instance of an object
[Ref 5992DB11] Duplicate stacktrace, see ref for original
EvolvedOrgansRedux : AddDefsForEachModdedRace
Problematic race: M_MechaFourArm_Corpse
Error: System.NullReferenceException: Object reference not set to an instance of an object
[Ref 5992DB11] Duplicate stacktrace, see ref for original
EvolvedOrgansRedux : AddDefsForEachModdedRace
Problematic race: M_MechaSixArm_Corpse
Error: System.NullReferenceException: Object reference not set to an instance of an object
[Ref 5992DB11] Duplicate stacktrace, see ref for original
EvolvedOrgansRedux : AddDefsForEachModdedRace
Problematic race: M_MechaTailed_Corpse
Error: System.NullReferenceException: Object reference not set to an instance of an object
[Ref 5992DB11] Duplicate stacktrace, see ref for original
EvolvedOrgansRedux : AddDefsForEachModdedRace
Problematic race: M_MechaWinged_Corpse
Error: System.NullReferenceException: Object reference not set to an instance of an object
[Ref 5992DB11] Duplicate stacktrace, see ref for original
[GlitterTech] Added MineableTitanium to long-range scanner mineral list.
Find
NCL Mod: Applying Harmony patches
NCL Mod: Applied CommanderControlRange patch
[AbilityDropdown] Now active
[AbilityDropdown] Harmony patch complete!
[AddGeneForPK] Now active
[AddGeneForPK] Harmony patch complete!
[BodyTypeForPawnKind] Now active
[BodyTypeForPawnKind] Harmony patch complete!
[CallLaborerCustom] Now active
[CallLaborerCustom] Harmony patch complete!
[CastableInUnconscious] Now active
[CastableInUnconscious] Harmony patch complete!
[DeflectorHediff] Now active
[DeflectorHediff] Harmony patch complete!
[HediffsWhileJob] Now active
[HediffsWhileJob] Harmony patch complete!
[InstantHealingDrug] Now active
[InstantHealingDrug] Harmony patch complete!
[InstantHealingDrug] SelfHediffVerb found
[JumppackForMeleeAI]Now Active
[JumppackForMeleeAI]Harmony patch complete!
[MentalBreakBlocker] Now active
[MentalBreakBlocker] Harmony patch complete!
[SecondaryMineableYield] Now active
[SecondaryMineableYield] Harmony patch complete!
[SelfHediffVerb] Now active
[SelfHediffVerb] Harmony patch complete!
<color=#66ff7fFF>[SWCP Core/Tools] </color>Bundle Path: C:\Program Files (x86)\Steam\steamapps\workshop\content\294100\3254370945\SWCP-UnityAssets\Materials\StandaloneWindows64\SWCPshaders
Unable to open archive file: C:/Program Files (x86)/Steam/steamapps/workshop/content/294100/3254370945/SWCP-UnityAssets/Materials/StandaloneWindows64/SWCPshaders
Failed to read data for the AssetBundle 'C:\Program Files (x86)\Steam\steamapps\workshop\content\294100\3254370945\SWCP-UnityAssets\Materials\StandaloneWindows64\SWCPshaders'.
<color=#66ff7fFF>[SWCP Core/Tools] </color>Failed to load bundle at path: C:\Program Files (x86)\Steam\steamapps\workshop\content\294100\3254370945\SWCP-UnityAssets\Materials\StandaloneWindows64\SWCPshaders
<color=#B266FFFF>[SWCP Core/Tools] </color>MainBundle is not initialized, cannot load shader: Assets\Shaders\ZoomShader.shader
[TitleRemovesAbility] Now active
[TitleRemovesAbility] Harmony patch complete!
[VEFHireDialogPatch] Now active
[VEFHireDialogPatch] Harmony patch complete!
[XenoTitle] Now active
[XenoTitle] Harmony patch complete!
[Celsius] Initializing Celsius 2.6.0.0...
[Celsius] Mod settings have changed. Updating data.
Tried to use an uninitialized DefOf of type StatDefOf. DefOfs are initialized right after all defs all loaded. Uninitialized DefOfs will return only nulls. (hint: don't use DefOfs as default field values in Defs, try to resolve them in ResolveReferences() instead)
Progression: Attire: Patched 2 vanity items & 0 costume items
Progression: Attire loaded successfully
[Map Preview v1.12.26.1] Detected potential conflict: The mod "Custom Quest Framework" (QF_Patch) adds a destructive patch that will likely override or break some functionality of Map Preview.
Patch method: static System.Boolean QuestEditor_Library.Patch_MapGenerate::prefix(Verse.IntVec3& mapSize, RimWorld.Planet.MapParent parent, Verse.MapGeneratorDef mapGenerator)
Target method: static Verse.Map Verse.MapGenerator::GenerateMap(Verse.IntVec3 mapSize, RimWorld.Planet.MapParent parent, Verse.MapGeneratorDef mapGenerator, System.Collections.Generic.IEnumerable`1<Verse.GenStepWithParams> extraGenStepDefs, System.Action`1<Verse.Map> extraInitBeforeContentGen, System.Boolean isPocketMap, System.Boolean stepDebugger)
[Map Preview v1.12.26.1] Detected potential conflict: The mod "Save Our Ship 2" (ShipInteriorMod2) adds a destructive patch that will likely override or break some functionality of Map Preview.
Patch method: static System.Boolean SaveOurShip2.GenerateSpaceMapInstead::Prefix()
Target method: static Verse.Map Verse.MapGenerator::GenerateMap(Verse.IntVec3 mapSize, RimWorld.Planet.MapParent parent, Verse.MapGeneratorDef mapGenerator, System.Collections.Generic.IEnumerable`1<Verse.GenStepWithParams> extraGenStepDefs, System.Action`1<Verse.Map> extraInitBeforeContentGen, System.Boolean isPocketMap, System.Boolean stepDebugger)
[Map Preview v1.12.26.1] Detected potential conflict: The mod "Dlc collaboration - Void universe" (VU_Patch) adds a destructive patch that will likely override or break some functionality of Map Preview.
Patch method: static System.Boolean VoidUniverse.Patch_Asteroid::prefix(Verse.Map map, RimWorld.GenStep_Asteroid __instance, Verse.GenStepParams parms)
Target method: System.Void RimWorld.GenStep_Asteroid::SpawnOres(Verse.Map map, Verse.GenStepParams parms)
[Geological Landforms v1.7.13.1] Found 3 biome variants in mod Biomes! Caverns.
[Geological Landforms v1.7.13.1] Found landform data in the following mods: Geological Landforms, Biome Transitions, Mashed's Ashlands, Biomes! Caverns
[Geological Landforms v1.7.13.1] Loaded 53 landforms of which 0 are edited and 0 are custom.
[LunarFramework v1.1.17] Processed 18 Harmony patches in 30931 ms.
Unloading 5 Unused Serialized files (Serialized files now loaded: 43)
MVCF successfully applied 85 patches
[ShieldGenerator] Custom parameters applied.
[CWE] Failed to generate module for style category 'Hindu': System.Reflection.TargetInvocationException: Exception has been thrown by the target of an invocation. ---> System.NullReferenceException: Object reference not set to an instance of an object
[Ref E601AE63]
  at PeteTimesSix.ResearchReinvented.HarmonyPatches.RecipeDefGenerator_CreateRecipeDefFromMaker_Patches.Postfix (Verse.RecipeDef __result, Verse.ThingDef def, System.Int32 adjustedCount) [0x00000] in C:\RimworldProjects\ResearchReinvented\ResearchReinvented\ResearchReinvented\ResearchReinvented\Source\HarmonyPatches\RecipeDefGenerator_Patches.cs:20 
  at RimWorld.RecipeDefGenerator.CreateRecipeDefFromMaker (Verse.ThingDef def, System.Int32 adjustedCount, System.Boolean hotReload) [0x002e8] in <61e4173561894da49d210260257b5097>:0 
    - POSTFIX PeteTimesSix.ResearchReinvented: Void PeteTimesSix.ResearchReinvented.HarmonyPatches.RecipeDefGenerator_CreateRecipeDefFromMaker_Patches:Postfix(RecipeDef __result, ThingDef def, Int32 adjustedCount)
(wrapper managed-to-native) System.Reflection.RuntimeMethodInfo.InternalInvoke(System.Reflection.RuntimeMethodInfo,object,object[],System.Exception&)
  at System.Reflection.RuntimeMethodInfo.Invoke (System.Object obj, System.Reflection.BindingFlags invokeAttr, System.Reflection.Binder binder, System.Object[] parameters, System.Globalization.CultureInfo culture) [0x0006a] in <51fded79cd284d4d911c5949aff4cb21>:0 
   --- End of inner exception stack trace ---
[Ref 178BFC39]
  at System.Reflection.RuntimeMethodInfo.Invoke (System.Object obj, System.Reflection.BindingFlags invokeAttr, System.Reflection.Binder binder, System.Object[] parameters, System.Globalization.CultureInfo culture) [0x00083] in <51fded79cd284d4d911c5949aff4cb21>:0 
  at System.Reflection.MethodBase.Invoke (System.Object obj, System.Object[] parameters) [0x00000] in <51fded79cd284d4d911c5949aff4cb21>:0 
  at CWE.Data.AutoStyleModuleGenerator.CreateModule (Verse.ThingDef template, CWF.PartDef camoPart, Verse.StyleCategoryDef category, System.Collections.Generic.List`1[T] weaponStyles) [0x0045a] in <0a7e589a9d844db69588461d1b117f54>:0 
  at CWE.Data.AutoStyleModuleGenerator.Generate () [0x0008f] in <0a7e589a9d844db69588461d1b117f54>:0 
[CWE] Failed to generate module for style category 'Morbid': System.Reflection.TargetInvocationException: Exception has been thrown by the target of an invocation. ---> System.NullReferenceException: Object reference not set to an instance of an object
[Ref E601AE63] Duplicate stacktrace, see ref for original
   --- End of inner exception stack trace ---
[Ref 178BFC39] Duplicate stacktrace, see ref for original
[CWE] Failed to generate module for style category 'Totemic': System.Reflection.TargetInvocationException: Exception has been thrown by the target of an invocation. ---> System.NullReferenceException: Object reference not set to an instance of an object
[Ref E601AE63] Duplicate stacktrace, see ref for original
   --- End of inner exception stack trace ---
[Ref 178BFC39] Duplicate stacktrace, see ref for original
[CWE] Failed to generate module for style category 'Spikecore': System.Reflection.TargetInvocationException: Exception has been thrown by the target of an invocation. ---> System.NullReferenceException: Object reference not set to an instance of an object
[Ref E601AE63] Duplicate stacktrace, see ref for original
   --- End of inner exception stack trace ---
[Ref 178BFC39] Duplicate stacktrace, see ref for original
[CWE] Failed to generate module for style category 'Rustic': System.Reflection.TargetInvocationException: Exception has been thrown by the target of an invocation. ---> System.NullReferenceException: Object reference not set to an instance of an object
[Ref E601AE63] Duplicate stacktrace, see ref for original
   --- End of inner exception stack trace ---
[Ref 178BFC39] Duplicate stacktrace, see ref for original
[CWE] Failed to generate module for style category 'Animalist': System.Reflection.TargetInvocationException: Exception has been thrown by the target of an invocation. ---> System.NullReferenceException: Object reference not set to an instance of an object
[Ref E601AE63] Duplicate stacktrace, see ref for original
   --- End of inner exception stack trace ---
[Ref 178BFC39] Duplicate stacktrace, see ref for original
[CWE] Failed to generate module for style category 'Techist': System.Reflection.TargetInvocationException: Exception has been thrown by the target of an invocation. ---> System.NullReferenceException: Object reference not set to an instance of an object
[Ref E601AE63] Duplicate stacktrace, see ref for original
   --- End of inner exception stack trace ---
[Ref 178BFC39] Duplicate stacktrace, see ref for original
[CWE] Failed to generate module for style category 'AM_Cubic': System.Reflection.TargetInvocationException: Exception has been thrown by the target of an invocation. ---> System.NullReferenceException: Object reference not set to an instance of an object
[Ref E601AE63] Duplicate stacktrace, see ref for original
   --- End of inner exception stack trace ---
[Ref 178BFC39] Duplicate stacktrace, see ref for original
[CWE] Failed to generate module for style category 'AM_Horaxian': System.Reflection.TargetInvocationException: Exception has been thrown by the target of an invocation. ---> System.NullReferenceException: Object reference not set to an instance of an object
[Ref E601AE63] Duplicate stacktrace, see ref for original
   --- End of inner exception stack trace ---
[Ref 178BFC39] Duplicate stacktrace, see ref for original
[CWE] Failed to generate module for style category 'AM_Corsair': System.Reflection.TargetInvocationException: Exception has been thrown by the target of an invocation. ---> System.NullReferenceException: Object reference not set to an instance of an object
[Ref E601AE63] Duplicate stacktrace, see ref for original
   --- End of inner exception stack trace ---
[Ref 178BFC39] Duplicate stacktrace, see ref for original
[CWE] Failed to generate module for style category 'AM_Kemetic': System.Reflection.TargetInvocationException: Exception has been thrown by the target of an invocation. ---> System.NullReferenceException: Object reference not set to an instance of an object
[Ref E601AE63] Duplicate stacktrace, see ref for original
   --- End of inner exception stack trace ---
[Ref 178BFC39] Duplicate stacktrace, see ref for original
[CWE] Failed to generate module for style category 'AM_Neolithic': System.Reflection.TargetInvocationException: Exception has been thrown by the target of an invocation. ---> System.NullReferenceException: Object reference not set to an instance of an object
[Ref E601AE63] Duplicate stacktrace, see ref for original
   --- End of inner exception stack trace ---
[Ref 178BFC39] Duplicate stacktrace, see ref for original
[CWE] Failed to generate module for style category 'AM_Scavenger': System.Reflection.TargetInvocationException: Exception has been thrown by the target of an invocation. ---> System.NullReferenceException: Object reference not set to an instance of an object
[Ref E601AE63] Duplicate stacktrace, see ref for original
   --- End of inner exception stack trace ---
[Ref 178BFC39] Duplicate stacktrace, see ref for original
[CWE] Failed to generate module for style category 'AM_SteampunkRevival': System.Reflection.TargetInvocationException: Exception has been thrown by the target of an invocation. ---> System.NullReferenceException: Object reference not set to an instance of an object
[Ref E601AE63] Duplicate stacktrace, see ref for original
   --- End of inner exception stack trace ---
[Ref 178BFC39] Duplicate stacktrace, see ref for original
[CWE] Failed to generate module for style category 'RSSpacer': System.Reflection.TargetInvocationException: Exception has been thrown by the target of an invocation. ---> System.NullReferenceException: Object reference not set to an instance of an object
[Ref E601AE63] Duplicate stacktrace, see ref for original
   --- End of inner exception stack trace ---
[Ref 178BFC39] Duplicate stacktrace, see ref for original
[CWE] Failed to generate module for style category 'RSSophian': System.Reflection.TargetInvocationException: Exception has been thrown by the target of an invocation. ---> System.NullReferenceException: Object reference not set to an instance of an object
[Ref E601AE63] Duplicate stacktrace, see ref for original
   --- End of inner exception stack trace ---
[Ref 178BFC39] Duplicate stacktrace, see ref for original
[CWE] Failed to generate module for style category 'RSUrb': System.Reflection.TargetInvocationException: Exception has been thrown by the target of an invocation. ---> System.NullReferenceException: Object reference not set to an instance of an object
[Ref E601AE63] Duplicate stacktrace, see ref for original
   --- End of inner exception stack trace ---
[Ref 178BFC39] Duplicate stacktrace, see ref for original
[CWE] Failed to generate module for style category 'VIES_Sophian': System.Reflection.TargetInvocationException: Exception has been thrown by the target of an invocation. ---> System.NullReferenceException: Object reference not set to an instance of an object
[Ref E601AE63] Duplicate stacktrace, see ref for original
   --- End of inner exception stack trace ---
[Ref 178BFC39] Duplicate stacktrace, see ref for original
[CWE] Failed to generate module for style category 'Orbiter': System.Reflection.TargetInvocationException: Exception has been thrown by the target of an invocation. ---> System.NullReferenceException: Object reference not set to an instance of an object
[Ref E601AE63] Duplicate stacktrace, see ref for original
   --- End of inner exception stack trace ---
[Ref 178BFC39] Duplicate stacktrace, see ref for original
[CWE] Failed to generate module for style category 'PMP_MechStyle': System.Reflection.TargetInvocationException: Exception has been thrown by the target of an invocation. ---> System.NullReferenceException: Object reference not set to an instance of an object
[Ref E601AE63] Duplicate stacktrace, see ref for original
   --- End of inner exception stack trace ---
[Ref 178BFC39] Duplicate stacktrace, see ref for original
[CWE] Failed to generate module for style category 'AC_Rogian': System.Reflection.TargetInvocationException: Exception has been thrown by the target of an invocation. ---> System.NullReferenceException: Object reference not set to an instance of an object
[Ref E601AE63] Duplicate stacktrace, see ref for original
   --- End of inner exception stack trace ---
[Ref 178BFC39] Duplicate stacktrace, see ref for original
[CWE] Failed to generate module for style category 'VME_Corporate': System.Reflection.TargetInvocationException: Exception has been thrown by the target of an invocation. ---> System.NullReferenceException: Object reference not set to an instance of an object
[Ref E601AE63] Duplicate stacktrace, see ref for original
   --- End of inner exception stack trace ---
[Ref 178BFC39] Duplicate stacktrace, see ref for original
[CWE] Failed to generate module for style category 'VME_Authoritarian': System.Reflection.TargetInvocationException: Exception has been thrown by the target of an invocation. ---> System.NullReferenceException: Object reference not set to an instance of an object
[Ref E601AE63] Duplicate stacktrace, see ref for original
   --- End of inner exception stack trace ---
[Ref 178BFC39] Duplicate stacktrace, see ref for original
[CWE] Failed to generate module for style category 'VME_Eldritch': System.Reflection.TargetInvocationException: Exception has been thrown by the target of an invocation. ---> System.NullReferenceException: Object reference not set to an instance of an object
[Ref E601AE63] Duplicate stacktrace, see ref for original
   --- End of inner exception stack trace ---
[Ref 178BFC39] Duplicate stacktrace, see ref for original
Textures were not found for one or more extended graphics for Mechanent: RobotRace/Stump_Mechanent/SynthNeck
Unloading 3446 unused Assets to reduce memory usage. Loaded Objects now: 176637.
Total: 5381.775800 ms (FindLiveObjects: 490.152600 ms CreateObjectMapping: 51.043000 ms MarkObjects: 4456.629800 ms  DeleteObjects: 383.949800 ms)

CharacterEditor v1.6.3 initializing...
updating labels for russian / русский...
loading pawn slot content from file...
character editor instance created
checking editor settings...
bodysizes genes are active
CharacterEditor v1.6.3 ...done
CameraPlus: Found mod at C:\Program Files (x86)\Steam\steamapps\workshop\content\294100\867467808
InvalidOperationException: Collection was modified; enumeration operation may not execute.
[Ref E94F8B6] Duplicate stacktrace, see ref for original

Starting patches: 2313 - 8/12/2026 11:32:06 PM
[AllowTool] Applied compatibility patch for "Pick Up And Haul"
Loading asset bundle MuzzleFlash.shaders-windows
Loaded shader Unlit/AnimatedAdditiveInstanced
[Muzzle Flash] Shader loaded from MuzzleFlash: Unlit/AnimatedAdditiveInstanced
MissileGirl: Defs loaded!
MissileGirl: Patched KeyBinder!
MissileGirl: XMLParser started
ROCKETRULES: IgnoreMeRule for OskarPotocki.VFE.Mechanoid
ROCKETRULES: IgnoreMeRule for Alaestor.MiscRobots.PlusPlus
ROCKETRULES: IgnoreMeRule for Haplo.Miscellaneous.Robots
ROCKETRULES: IgnoreMeRule for ChJees.Androids
ROCKETRULES: IgnoreMeRule for automatic.autocleaner
ROCKETRULES: IgnoreMeRule for neronix17.mechadroids
ROCKETRULES: IgnoreMeRule for neronix17.outerrim.galaxies
ROCKETRULES: IgnoreMeRule for spdskatr.projectrimfactory.drones
ROCKETRULES: IgnoreMeRule for spdskatr.projectrimfactory.legacy
ROCKETRULES: IgnoreMeRule for spdskatr.projectrimfactory
[0.244069 seconds] MissileGirl: <color=red>IgnoreMe report</color>
ROCKETRULES: IgnoreMe add def by name: RH_DF_Mother
ROCKETRULES: IgnoreMe add def by name: Corpse_Bear_Grizzly
ROCKETRULES: IgnoreMe add def by name: Corpse_AA_AcanthamoebaGiganteaHuge
ROCKETRULES: IgnoreMe add def by name: RH_DF_Titan
ROCKETRULES: IgnoreMe add def by name: TM_DemonR
ROCKETRULES: IgnoreMe add def by name: Corpse_Bear_Polar
ROCKETRULES: IgnoreMe add def by name: Corpse_AA_Aerofleet
ROCKETRULES: IgnoreMe add def by name: RH_DF_Wraith
ROCKETRULES: IgnoreMe add def by name: TM_LesserDemonR
ROCKETRULES: IgnoreMe add def by name: Corpse_Ostrich
ROCKETRULES: IgnoreMe add def by name: Corpse_AA_ColossalAerofleet
ROCKETRULES: IgnoreMe add def by name: RH_DF_GiantSpider
ROCKETRULES: IgnoreMe add def by name: Corpse_Emu
ROCKETRULES: IgnoreMe add def by name: Corpse_AA_Agaripawn
ROCKETRULES: IgnoreMe add def by name: RH_DF2_Stalker
ROCKETRULES: IgnoreMe add def by name: TM_LesserEarth_ElementalR
ROCKETRULES: IgnoreMe add def by name: Corpse_Cassowary
ROCKETRULES: IgnoreMe add def by name: Corpse_AA_Agaripod
ROCKETRULES: IgnoreMe add def by name: RH_DF_EvolvedRumbler
ROCKETRULES: IgnoreMe add def by name: TM_Earth_ElementalR
ROCKETRULES: IgnoreMe add def by name: Corpse_Cougar
ROCKETRULES: IgnoreMe add def by name: Corpse_AA_AngelMothLarva
ROCKETRULES: IgnoreMe add def by name: RH_DF_EvolvedLongArms
ROCKETRULES: IgnoreMe add def by name: TM_GreaterEarth_ElementalR
ROCKETRULES: IgnoreMe add def by name: Corpse_Panther
ROCKETRULES: IgnoreMe add def by name: Corpse_AA_AngelMoth
ROCKETRULES: IgnoreMe add def by name: RH_DF_IrridiatedLongArms
ROCKETRULES: IgnoreMe add def by name: TM_LesserFire_ElementalR
ROCKETRULES: IgnoreMe add def by name: Corpse_Lynx
ROCKETRULES: IgnoreMe add def by name: Corpse_AA_AnimaColossus
ROCKETRULES: IgnoreMe add def by name: RH_DF_VolatileLeaper
ROCKETRULES: IgnoreMe add def by name: TM_Fire_ElementalR
ROCKETRULES: IgnoreMe add def by name: Corpse_Cat
ROCKETRULES: IgnoreMe add def by name: Corpse_AA_Animalisk
ROCKETRULES: IgnoreMe add def by name: RH_DF_BlackTitan
ROCKETRULES: IgnoreMe add def by name: TM_GreaterFire_ElementalR
ROCKETRULES: IgnoreMe add def by name: Corpse_YorkshireTerrier
ROCKETRULES: IgnoreMe add def by name: Corpse_AA_AnimusVox
ROCKETRULES: IgnoreMe add def by name: RH_DF_BlackWraith
ROCKETRULES: IgnoreMe add def by name: TM_LesserWater_ElementalR
ROCKETRULES: IgnoreMe add def by name: Corpse_GuineaPig
ROCKETRULES: IgnoreMe add def by name: Corpse_AA_ArcticLion
ROCKETRULES: IgnoreMe add def by name: RH_DF_BlackLeaper
ROCKETRULES: IgnoreMe add def by name: TM_Water_ElementalR
ROCKETRULES: IgnoreMe add def by name: Corpse_LabradorRetriever
ROCKETRULES: IgnoreMe add def by name: Corpse_AA_LarvalAtispec
ROCKETRULES: IgnoreMe add def by name: RH_DF_DevilHound
ROCKETRULES: IgnoreMe add def by name: TM_GreaterWater_ElementalR
ROCKETRULES: IgnoreMe add def by name: AM_Mech_Sanguinarius
ROCKETRULES: IgnoreMe add def by name: Corpse_Husky
ROCKETRULES: IgnoreMe add def by name: Corpse_AA_Atispec
ROCKETRULES: IgnoreMe add def by name: RH_DF_Tendril
ROCKETRULES: IgnoreMe add def by name: TM_LesserWind_ElementalR
ROCKETRULES: IgnoreMe add def by name: Corpse_Monkey
ROCKETRULES: IgnoreMe add def by name: Corpse_AA_AuroraSylph
ROCKETRULES: IgnoreMe add def by name: RH_DF_Bone
ROCKETRULES: IgnoreMe add def by name: TM_Wind_ElementalR
ROCKETRULES: IgnoreMe add def by name: Corpse_Chicken
ROCKETRULES: IgnoreMe add def by name: Corpse_AA_Barbslinger
ROCKETRULES: IgnoreMe add def by name: RH_DF2_RoidHulk
ROCKETRULES: IgnoreMe add def by name: TM_GreaterWind_ElementalR
ROCKETRULES: IgnoreMe add def by name: Corpse_Duck
ROCKETRULES: IgnoreMe add def by name: Corpse_AA_BedBug
ROCKETRULES: IgnoreMe add def by name: RH_DF_Reaper
ROCKETRULES: IgnoreMe add def by name: TM_MinionR
ROCKETRULES: IgnoreMe add def by name: Corpse_Turkey
ROCKETRULES: IgnoreMe add def by name: Corpse_AA_Behemoth
ROCKETRULES: IgnoreMe add def by name: TM_GreaterMinionR
ROCKETRULES: IgnoreMe add def by name: Corpse_Goose
ROCKETRULES: IgnoreMe add def by name: Corpse_AA_BlackScarab
ROCKETRULES: IgnoreMe add def by name: TM_Lesser_SentinelR
ROCKETRULES: IgnoreMe add def by name: Corpse_Cow
ROCKETRULES: IgnoreMe add def by name: Corpse_AA_BlackSpelopede
ROCKETRULES: IgnoreMe add def by name: TM_SentinelR
ROCKETRULES: IgnoreMe add def by name: DankPyon_RusticMimic
ROCKETRULES: IgnoreMe add def by name: Corpse_Boomalope
ROCKETRULES: IgnoreMe add def by name: Corpse_AA_BlackSpider
ROCKETRULES: IgnoreMe add def by name: TM_Greater_SentinelR
ROCKETRULES: IgnoreMe add def by name: DankPyon_RoyalMimic
ROCKETRULES: IgnoreMe add def by name: Corpse_Muffalo
ROCKETRULES: IgnoreMe add def by name: Corpse_AA_Blizzarisk
ROCKETRULES: IgnoreMe add def by name: TM_SkeletonLichR
ROCKETRULES: IgnoreMe add def by name: Corpse_Bison
ROCKETRULES: IgnoreMe add def by name: Corpse_AA_BlizzariskClutchMother
ROCKETRULES: IgnoreMe add def by name: TM_GiantSkeletonR
ROCKETRULES: IgnoreMe add def by name: Corpse_Dromedary
ROCKETRULES: IgnoreMe add def by name: Corpse_AA_BloodShrimp
ROCKETRULES: IgnoreMe add def by name: TM_SkeletonR
ROCKETRULES: IgnoreMe add def by name: Corpse_Goat
ROCKETRULES: IgnoreMe add def by name: Corpse_AA_Bobeene
ROCKETRULES: IgnoreMe add def by name: TM_SpiritBearR
ROCKETRULES: IgnoreMe add def by name: Corpse_Elk
ROCKETRULES: IgnoreMe add def by name: Corpse_AA_BoulderMit
ROCKETRULES: IgnoreMe add def by name: TM_SpiritMongooseR
ROCKETRULES: IgnoreMe add def by name: Corpse_Yak
ROCKETRULES: IgnoreMe add def by name: Corpse_AA_SummitCrab
ROCKETRULES: IgnoreMe add def by name: TM_SpiritCrowR
ROCKETRULES: IgnoreMe add def by name: Corpse_Caribou
ROCKETRULES: IgnoreMe add def by name: Corpse_AA_Bumbledrone
ROCKETRULES: IgnoreMe add def by name: TM_SpiritWolfR
ROCKETRULES: IgnoreMe add def by name: Corpse_Horse
ROCKETRULES: IgnoreMe add def by name: Corpse_AA_BumbledroneHierophant
ROCKETRULES: IgnoreMe add def by name: AM_Dryad_Unstable
ROCKETRULES: IgnoreMe add def by name: TM_Poppi
ROCKETRULES: IgnoreMe add def by name: Corpse_Donkey
ROCKETRULES: IgnoreMe add def by name: Corpse_AA_BumbledroneQueen
ROCKETRULES: IgnoreMe add def by name: Corpse_Elephant
ROCKETRULES: IgnoreMe add def by name: Corpse_AA_Cactipine
ROCKETRULES: IgnoreMe add def by name: Corpse_Rhinoceros
ROCKETRULES: IgnoreMe add def by name: Corpse_AA_ChameleonYak
ROCKETRULES: IgnoreMe add def by name: Corpse_Hare
ROCKETRULES: IgnoreMe add def by name: Corpse_AA_ChemfuelMyrmidon
ROCKETRULES: IgnoreMe add def by name: Corpse_Snowhare
ROCKETRULES: IgnoreMe add def by name: Corpse_AA_Cinderlisk
ROCKETRULES: IgnoreMe add def by name: Corpse_Megascarab
ROCKETRULES: IgnoreMe add def by name: Corpse_AA_CrepuscularBeetle
ROCKETRULES: IgnoreMe add def by name: Autocleaner
ROCKETRULES: IgnoreMe add def by name: Corpse_Spelopede
ROCKETRULES: IgnoreMe add def by name: Corpse_AA_CrescendoAnole
ROCKETRULES: IgnoreMe add def by name: BI_Queen
ROCKETRULES: IgnoreMe add def by name: Corpse_Megaspider
ROCKETRULES: IgnoreMe add def by name: Corpse_AA_CrystallineCaracal
ROCKETRULES: IgnoreMe add def by name: ROM_Chthonian
ROCKETRULES: IgnoreMe add def by name: Corpse_Thrumbo
ROCKETRULES: IgnoreMe add def by name: Corpse_AA_CrystalMit
ROCKETRULES: IgnoreMe add def by name: ROM_ChthonianLarva
ROCKETRULES: IgnoreMe add def by name: Corpse_Cobra
ROCKETRULES: IgnoreMe add def by name: Corpse_AA_Darkbeast
ROCKETRULES: IgnoreMe add def by name: ROM_Cthulhid
ROCKETRULES: IgnoreMe add def by name: Corpse_Tortoise
ROCKETRULES: IgnoreMe add def by name: Corpse_AA_DarkVandal
ROCKETRULES: IgnoreMe add def by name: ROM_DarkYoung
ROCKETRULES: IgnoreMe add def by name: Corpse_Alphabeaver
ROCKETRULES: IgnoreMe add def by name: Corpse_AA_DecayDrake
ROCKETRULES: IgnoreMe add def by name: ROM_DeepOne
ROCKETRULES: IgnoreMe add def by name: NCL_MechWorm
ROCKETRULES: IgnoreMe add def by name: Corpse_Pig
ROCKETRULES: IgnoreMe add def by name: Corpse_AA_DesertAve
ROCKETRULES: IgnoreMe add def by name: ROM_DeepOneGreat
ROCKETRULES: IgnoreMe add def by name: Corpse_WildBoar
ROCKETRULES: IgnoreMe add def by name: Corpse_AA_DevilSheep
ROCKETRULES: IgnoreMe add def by name: ROM_MiGo
ROCKETRULES: IgnoreMe add def by name: Corpse_Ibex
ROCKETRULES: IgnoreMe add def by name: Corpse_AA_DrainerLarva
ROCKETRULES: IgnoreMe add def by name: ROM_Shoggoth
ROCKETRULES: IgnoreMe add def by name: Corpse_Deer
ROCKETRULES: IgnoreMe add def by name: Corpse_AA_Drainer
ROCKETRULES: IgnoreMe add def by name: ROM_ShoggothColossal
ROCKETRULES: IgnoreMe add def by name: Corpse_Gazelle
ROCKETRULES: IgnoreMe add def by name: Corpse_AA_Dunealisk
ROCKETRULES: IgnoreMe add def by name: ROM_ShoggothTiny
ROCKETRULES: IgnoreMe add def by name: Corpse_Chinchilla
ROCKETRULES: IgnoreMe add def by name: Corpse_AA_DunealiskClutchMother
ROCKETRULES: IgnoreMe add def by name: ROM_StarVampire
ROCKETRULES: IgnoreMe add def by name: Corpse_Sheep
ROCKETRULES: IgnoreMe add def by name: Corpse_AA_DuskProwler
ROCKETRULES: IgnoreMe add def by name: Corpse_Alpaca
ROCKETRULES: IgnoreMe add def by name: Corpse_AA_DuskRat
ROCKETRULES: IgnoreMe add def by name: Corpse_Megasloth
ROCKETRULES: IgnoreMe add def by name: Corpse_AA_EmpressButterflyLarva
ROCKETRULES: IgnoreMe add def by name: Corpse_Capybara
ROCKETRULES: IgnoreMe add def by name: Corpse_AA_EmpressButterfly
ROCKETRULES: IgnoreMe add def by name: Corpse_Squirrel
ROCKETRULES: IgnoreMe add def by name: Corpse_AA_EngorgedTentacularAberration
ROCKETRULES: IgnoreMe add def by name: Corpse_Rat
ROCKETRULES: IgnoreMe add def by name: Corpse_AA_Erin
ROCKETRULES: IgnoreMe add def by name: Corpse_Boomrat
ROCKETRULES: IgnoreMe add def by name: Corpse_AA_Eyeling
ROCKETRULES: IgnoreMe add def by name: UV_GoldenCanary
ROCKETRULES: IgnoreMe add def by name: Corpse_Raccoon
ROCKETRULES: IgnoreMe add def by name: Corpse_AA_Feralisk
ROCKETRULES: IgnoreMe add def by name: Corpse_Iguana
ROCKETRULES: IgnoreMe add def by name: Corpse_AA_FeraliskClutchMother
ROCKETRULES: IgnoreMe add def by name: RP_Biometalbeast
ROCKETRULES: IgnoreMe add def by name: Corpse_Warg
ROCKETRULES: IgnoreMe add def by name: Corpse_AA_FireWasp
ROCKETRULES: IgnoreMe add def by name: RP_BiometalbeastWind
ROCKETRULES: IgnoreMe add def by name: AIRobot_Hauler
ROCKETRULES: IgnoreMe add def by name: Corpse_Wolf_Timber
ROCKETRULES: IgnoreMe add def by name: Corpse_AA_FissionMouse
ROCKETRULES: IgnoreMe add def by name: RP_Spraycyst
ROCKETRULES: IgnoreMe add def by name: AIRobot_Hauler_II
ROCKETRULES: IgnoreMe add def by name: PM_Chaothrumbo
ROCKETRULES: IgnoreMe add def by name: Corpse_Wolf_Arctic
ROCKETRULES: IgnoreMe add def by name: Corpse_AA_FissionMouseSecond
ROCKETRULES: IgnoreMe add def by name: RP_Causticyst
ROCKETRULES: IgnoreMe add def by name: AIRobot_Hauler_III
ROCKETRULES: IgnoreMe add def by name: Corpse_Fox_Fennec
ROCKETRULES: IgnoreMe add def by name: Corpse_AA_FissionMouseThird
ROCKETRULES: IgnoreMe add def by name: RP_BioferriteCausticyst
ROCKETRULES: IgnoreMe add def by name: AIRobot_Hauler_IV
ROCKETRULES: IgnoreMe add def by name: Corpse_Fox_Red
ROCKETRULES: IgnoreMe add def by name: Corpse_AA_FlamingoPhoenix
ROCKETRULES: IgnoreMe add def by name: RP_Twistmatrix
ROCKETRULES: IgnoreMe add def by name: AIRobot_Hauler_V
ROCKETRULES: IgnoreMe add def by name: Corpse_Fox_Arctic
ROCKETRULES: IgnoreMe add def by name: Corpse_AA_FrostAve
ROCKETRULES: IgnoreMe add def by name: RP_Rustspark
ROCKETRULES: IgnoreMe add def by name: AIRobot_Cleaner
ROCKETRULES: IgnoreMe add def by name: Corpse_Human
ROCKETRULES: IgnoreMe add def by name: Corpse_AA_FrostboundBehemoth
ROCKETRULES: IgnoreMe add def by name: AIRobot_Cleaner_II
ROCKETRULES: IgnoreMe add def by name: UnnaturalCorpse_Human
ROCKETRULES: IgnoreMe add def by name: Corpse_AA_Frostling
ROCKETRULES: IgnoreMe add def by name: AIRobot_Cleaner_III
ROCKETRULES: IgnoreMe add def by name: Corpse_Mech_CentipedeBlaster
ROCKETRULES: IgnoreMe add def by name: Corpse_AA_FrostLynx
ROCKETRULES: IgnoreMe add def by name: AIRobot_Cleaner_IV
ROCKETRULES: IgnoreMe add def by name: NCL_Dinergate_Drone
ROCKETRULES: IgnoreMe add def by name: Corpse_Mech_CentipedeGunner
ROCKETRULES: IgnoreMe add def by name: Corpse_AA_Frostmite
ROCKETRULES: IgnoreMe add def by name: AIRobot_Cleaner_V
ROCKETRULES: IgnoreMe add def by name: NCL_Scutiger_Drone
ROCKETRULES: IgnoreMe add def by name: Corpse_Mech_CentipedeBurner
ROCKETRULES: IgnoreMe add def by name: Corpse_AA_FungalHusk
ROCKETRULES: IgnoreMe add def by name: RPP_Bot_Builder_I
ROCKETRULES: IgnoreMe add def by name: Corpse_Mech_Lancer
ROCKETRULES: IgnoreMe add def by name: Corpse_AA_Gallatross
ROCKETRULES: IgnoreMe add def by name: RPP_Bot_Builder_II
ROCKETRULES: IgnoreMe add def by name: VPER_WarriorSpirit
ROCKETRULES: IgnoreMe add def by name: Corpse_Mech_Scyther
ROCKETRULES: IgnoreMe add def by name: Corpse_AA_GallatrossMoribund
ROCKETRULES: IgnoreMe add def by name: RPP_Bot_Builder_III
ROCKETRULES: IgnoreMe add def by name: VPE_MontrSTNL
ROCKETRULES: IgnoreMe add def by name: Corpse_Mech_Pikeman
ROCKETRULES: IgnoreMe add def by name: Corpse_AA_Genix
ROCKETRULES: IgnoreMe add def by name: RPP_Bot_Builder_IV
ROCKETRULES: IgnoreMe add def by name: Corpse_Mech_Termite
ROCKETRULES: IgnoreMe add def by name: Corpse_AA_GiantCrownedSilkie
ROCKETRULES: IgnoreMe add def by name: RPP_Bot_Builder_V
ROCKETRULES: IgnoreMe add def by name: Corpse_Dryad_Basic
ROCKETRULES: IgnoreMe add def by name: Corpse_AA_Gigantelope
ROCKETRULES: IgnoreMe add def by name: RPP_Bot_Crafter_I
ROCKETRULES: IgnoreMe add def by name: Corpse_Dryad_Woodmaker
ROCKETRULES: IgnoreMe add def by name: Corpse_AA_GreatDevourer
ROCKETRULES: IgnoreMe add def by name: RPP_Bot_Crafter_II
ROCKETRULES: IgnoreMe add def by name: Corpse_Dryad_Berrymaker
ROCKETRULES: IgnoreMe add def by name: Corpse_AA_GreenGoo
ROCKETRULES: IgnoreMe add def by name: RPP_Bot_Crafter_III
ROCKETRULES: IgnoreMe add def by name: Corpse_Dryad_Medicinemaker
ROCKETRULES: IgnoreMe add def by name: Corpse_AA_GreyCoatedMouflon
ROCKETRULES: IgnoreMe add def by name: RPP_Bot_Crafter_IV
ROCKETRULES: IgnoreMe add def by name: Corpse_Dryad_Gaumaker
ROCKETRULES: IgnoreMe add def by name: Corpse_AA_Groundrunner
ROCKETRULES: IgnoreMe add def by name: SoS2_Shuttle_Personal
ROCKETRULES: IgnoreMe add def by name: RPP_Bot_Crafter_V
ROCKETRULES: IgnoreMe add def by name: Corpse_Dryad_Carrier
ROCKETRULES: IgnoreMe add def by name: Corpse_AA_Helixien
ROCKETRULES: IgnoreMe add def by name: SoS2_Shuttle
ROCKETRULES: IgnoreMe add def by name: RPP_Bot_ER_I
ROCKETRULES: IgnoreMe add def by name: Corpse_Dryad_Clawer
ROCKETRULES: IgnoreMe add def by name: Corpse_AA_InfectedAerofleet
ROCKETRULES: IgnoreMe add def by name: SoS2_Shuttle_Heavy
ROCKETRULES: IgnoreMe add def by name: VVE_BangBus
ROCKETRULES: IgnoreMe add def by name: RPP_Bot_ER_II
ROCKETRULES: IgnoreMe add def by name: Corpse_Dryad_Barkskin
ROCKETRULES: IgnoreMe add def by name: Corpse_AA_IronhuskBeetle
ROCKETRULES: IgnoreMe add def by name: SoS2_Shuttle_Superheavy
ROCKETRULES: IgnoreMe add def by name: VVE_Bunsen
ROCKETRULES: IgnoreMe add def by name: RPP_Bot_ER_III
ROCKETRULES: IgnoreMe add def by name: Corpse_WasteRat
ROCKETRULES: IgnoreMe add def by name: Corpse_AA_Junglelisk
ROCKETRULES: IgnoreMe add def by name: VVE_Dinghy
ROCKETRULES: IgnoreMe add def by name: RPP_Bot_ER_IV
ROCKETRULES: IgnoreMe add def by name: Corpse_Toxalope
ROCKETRULES: IgnoreMe add def by name: Corpse_AA_Lockjaw
ROCKETRULES: IgnoreMe add def by name: VVE_Dirtbike
ROCKETRULES: IgnoreMe add def by name: RPP_Bot_ER_V
ROCKETRULES: IgnoreMe add def by name: Corpse_Mech_Tunneler
ROCKETRULES: IgnoreMe add def by name: Corpse_AA_Locusts
ROCKETRULES: IgnoreMe add def by name: VVE_Frog
ROCKETRULES: IgnoreMe add def by name: RPP_Bot_Kitchen_I
ROCKETRULES: IgnoreMe add def by name: Corpse_Mech_Militor
ROCKETRULES: IgnoreMe add def by name: Corpse_AA_LuciferBug
ROCKETRULES: IgnoreMe add def by name: VVE_Highwayman
ROCKETRULES: IgnoreMe add def by name: RPP_Bot_Kitchen_II
ROCKETRULES: IgnoreMe add def by name: Corpse_Mech_Lifter
ROCKETRULES: IgnoreMe add def by name: Corpse_AA_MammothWorm
ROCKETRULES: IgnoreMe add def by name: VVE_Mule
ROCKETRULES: IgnoreMe add def by name: RPP_Bot_Kitchen_III
ROCKETRULES: IgnoreMe add def by name: Corpse_Mech_Constructoid
ROCKETRULES: IgnoreMe add def by name: Corpse_AA_Mantrap
ROCKETRULES: IgnoreMe add def by name: VVE_Prowler
ROCKETRULES: IgnoreMe add def by name: RPP_Bot_Kitchen_IV
ROCKETRULES: IgnoreMe add def by name: Corpse_Mech_Fabricor
ROCKETRULES: IgnoreMe add def by name: Corpse_AA_MatureFleshbeast
ROCKETRULES: IgnoreMe add def by name: VVE_Roadkill
ROCKETRULES: IgnoreMe add def by name: RPP_Bot_Kitchen_V
ROCKETRULES: IgnoreMe add def by name: Corpse_Mech_Agrihand
ROCKETRULES: IgnoreMe add def by name: Corpse_AA_MeadowAve
ROCKETRULES: IgnoreMe add def by name: VVE_Scytheman
ROCKETRULES: IgnoreMe add def by name: RPP_Bot_Omni_I
ROCKETRULES: IgnoreMe add def by name: Corpse_Mech_Cleansweeper
ROCKETRULES: IgnoreMe add def by name: Corpse_AA_MegaLouse
ROCKETRULES: IgnoreMe add def by name: VVE_Toad
ROCKETRULES: IgnoreMe add def by name: RPP_Bot_Omni_II
ROCKETRULES: IgnoreMe add def by name: Corpse_Mech_WarUrchin
ROCKETRULES: IgnoreMe add def by name: Corpse_AA_Metallovore
ROCKETRULES: IgnoreMe add def by name: VVE_Traveller
ROCKETRULES: IgnoreMe add def by name: RPP_Bot_Omni_III
ROCKETRULES: IgnoreMe add def by name: Corpse_Mech_Paramedic
ROCKETRULES: IgnoreMe add def by name: Corpse_AA_Mime
ROCKETRULES: IgnoreMe add def by name: VVE_Bulldog
ROCKETRULES: IgnoreMe add def by name: RPP_Bot_Omni_IV
ROCKETRULES: IgnoreMe add def by name: Corpse_Mech_Legionary
ROCKETRULES: IgnoreMe add def by name: Corpse_AA_Murkling
ROCKETRULES: IgnoreMe add def by name: VVE_Charley
ROCKETRULES: IgnoreMe add def by name: RPP_Bot_Omni_V
ROCKETRULES: IgnoreMe add def by name: Corpse_Mech_Tesseron
ROCKETRULES: IgnoreMe add def by name: Corpse_AA_MycoidColossus
ROCKETRULES: IgnoreMe add def by name: VVE_Mosquito
ROCKETRULES: IgnoreMe add def by name: Corpse_Mech_Scorcher
ROCKETRULES: IgnoreMe add def by name: Corpse_AA_Needlepost
ROCKETRULES: IgnoreMe add def by name: VVE_Roadrunner
ROCKETRULES: IgnoreMe add def by name: Corpse_Mech_Apocriton
ROCKETRULES: IgnoreMe add def by name: Corpse_AA_Needleroll
ROCKETRULES: IgnoreMe add def by name: VVE_Smuggler
ROCKETRULES: IgnoreMe add def by name: NAT_RustedGuardsman
ROCKETRULES: IgnoreMe add def by name: Corpse_Mech_Centurion
ROCKETRULES: IgnoreMe add def by name: Corpse_AA_NightMule
ROCKETRULES: IgnoreMe add def by name: VVE_Snatcher
ROCKETRULES: IgnoreMe add def by name: Corpse_Mech_Warqueen
ROCKETRULES: IgnoreMe add def by name: Corpse_AA_NightAve
ROCKETRULES: IgnoreMe add def by name: VVE_Tango
ROCKETRULES: IgnoreMe add def by name: NAT_RustedOfficer
ROCKETRULES: IgnoreMe add def by name: Corpse_Mech_Diabolus
ROCKETRULES: IgnoreMe add def by name: Corpse_AA_Nightling
ROCKETRULES: IgnoreMe add def by name: VVE_Trawler
ROCKETRULES: IgnoreMe add def by name: NAT_RustedSoldier
ROCKETRULES: IgnoreMe add def by name: Corpse_Sightstealer
ROCKETRULES: IgnoreMe add def by name: Corpse_AA_NightRam
ROCKETRULES: IgnoreMe add def by name: VVE_Wagon
ROCKETRULES: IgnoreMe add def by name: NAT_RustedTrooper
ROCKETRULES: IgnoreMe add def by name: Corpse_Noctol
ROCKETRULES: IgnoreMe add def by name: Corpse_AA_OcularJelly
ROCKETRULES: IgnoreMe add def by name: VVE_Warbird
ROCKETRULES: IgnoreMe add def by name: Corpse_Gorehulk
ROCKETRULES: IgnoreMe add def by name: Corpse_AA_OcularNightling
ROCKETRULES: IgnoreMe add def by name: VVE_Wisent
ROCKETRULES: IgnoreMe add def by name: Corpse_Devourer
ROCKETRULES: IgnoreMe add def by name: Corpse_AA_OvergrownColossus
ROCKETRULES: IgnoreMe add def by name: Corpse_Chimera
ROCKETRULES: IgnoreMe add def by name: Corpse_AA_PebbleMit
ROCKETRULES: IgnoreMe add def by name: Corpse_Bulbfreak
ROCKETRULES: IgnoreMe add def by name: Corpse_AA_PedigreedRaptor
ROCKETRULES: IgnoreMe add def by name: Corpse_Toughspike
ROCKETRULES: IgnoreMe add def by name: Corpse_AA_PhoenixOwlcat
ROCKETRULES: IgnoreMe add def by name: Corpse_Trispike
ROCKETRULES: IgnoreMe add def by name: Corpse_AA_Plasmorph
ROCKETRULES: IgnoreMe add def by name: VPE_SteelConstruct
ROCKETRULES: IgnoreMe add def by name: Corpse_Fingerspike
ROCKETRULES: IgnoreMe add def by name: Corpse_AA_Radyak
ROCKETRULES: IgnoreMe add def by name: VPE_RockConstruct
ROCKETRULES: IgnoreMe add def by name: Corpse_Dreadmeld
ROCKETRULES: IgnoreMe add def by name: Corpse_AA_RaptorShrimp
ROCKETRULES: IgnoreMe add def by name: Corpse_BogHound
ROCKETRULES: IgnoreMe add def by name: Corpse_AA_Ravager
ROCKETRULES: IgnoreMe add def by name: Corpse_MonitorLizard
ROCKETRULES: IgnoreMe add def by name: Corpse_AA_RayHound
ROCKETRULES: IgnoreMe add def by name: Corpse_PrairieDog
ROCKETRULES: IgnoreMe add def by name: Corpse_AA_Razorjack
ROCKETRULES: IgnoreMe add def by name: Corpse_Porcupine
ROCKETRULES: IgnoreMe add def by name: Corpse_AA_RedGoo
ROCKETRULES: IgnoreMe add def by name: Corpse_Mastodon
ROCKETRULES: IgnoreMe add def by name: Corpse_AA_RedSpore
ROCKETRULES: IgnoreMe add def by name: Corpse_Cat_Scimitar
ROCKETRULES: IgnoreMe add def by name: Corpse_AA_RipperHound
ROCKETRULES: IgnoreMe add def by name: Corpse_Wolverine
ROCKETRULES: IgnoreMe add def by name: Corpse_AA_RoughPlatedMonitor
ROCKETRULES: IgnoreMe add def by name: Corpse_Wolf_Great
ROCKETRULES: IgnoreMe add def by name: Corpse_AA_RoyalAve
ROCKETRULES: IgnoreMe add def by name: TM_StoneGolem
ROCKETRULES: IgnoreMe add def by name: Corpse_Moose
ROCKETRULES: IgnoreMe add def by name: Corpse_AA_SandLion
ROCKETRULES: IgnoreMe add def by name: TM_SandstoneGolem
ROCKETRULES: IgnoreMe add def by name: Corpse_AlphaThrumbo
ROCKETRULES: IgnoreMe add def by name: Corpse_AA_SandProwler
ROCKETRULES: IgnoreMe add def by name: TM_LimestoneGolem
ROCKETRULES: IgnoreMe add def by name: Corpse_Muskox
ROCKETRULES: IgnoreMe add def by name: Corpse_AA_SandSquid
ROCKETRULES: IgnoreMe add def by name: TM_GraniteGolem
ROCKETRULES: IgnoreMe add def by name: Corpse_Tiger
ROCKETRULES: IgnoreMe add def by name: Corpse_AA_ShadowCharger
ROCKETRULES: IgnoreMe add def by name: TM_SlateGolem
ROCKETRULES: IgnoreMe add def by name: Corpse_Mink
ROCKETRULES: IgnoreMe add def by name: Corpse_AA_ShockGoat
ROCKETRULES: IgnoreMe add def by name: TM_MarbleGolem
ROCKETRULES: IgnoreMe add def by name: Corpse_Gorilla
ROCKETRULES: IgnoreMe add def by name: Corpse_AA_Skiphound
ROCKETRULES: IgnoreMe add def by name: TM_MechaGolem
ROCKETRULES: IgnoreMe add def by name: Corpse_Badger
ROCKETRULES: IgnoreMe add def by name: Corpse_AA_Skyeel
ROCKETRULES: IgnoreMe add def by name: TM_FleshGolem
ROCKETRULES: IgnoreMe add def by name: Corpse_Panda
ROCKETRULES: IgnoreMe add def by name: Corpse_AA_Slurrypede
ROCKETRULES: IgnoreMe add def by name: TM_HollowGolem
ROCKETRULES: IgnoreMe add def by name: Corpse_Hippo
ROCKETRULES: IgnoreMe add def by name: Corpse_AA_SmallButterfly
ROCKETRULES: IgnoreMe add def by name: TM_MaharalGolem
ROCKETRULES: IgnoreMe add def by name: Corpse_Megavole
ROCKETRULES: IgnoreMe add def by name: Corpse_AA_SpinedGow
ROCKETRULES: IgnoreMe add def by name: TM_StrawGolem
ROCKETRULES: IgnoreMe add def by name: Corpse_Armadillo
ROCKETRULES: IgnoreMe add def by name: Corpse_AA_Swarmling
ROCKETRULES: IgnoreMe add def by name: TM_WoodGolem
ROCKETRULES: IgnoreMe add def by name: Corpse_Alligator
ROCKETRULES: IgnoreMe add def by name: Corpse_AA_TarGuzzler
ROCKETRULES: IgnoreMe add def by name: TM_SilkGolem
ROCKETRULES: IgnoreMe add def by name: Corpse_Bullfrog
ROCKETRULES: IgnoreMe add def by name: Corpse_AA_TeratogenicOriginator
ROCKETRULES: IgnoreMe add def by name: Corpse_ColossusToad
ROCKETRULES: IgnoreMe add def by name: Corpse_AA_Terramorph
ROCKETRULES: IgnoreMe add def by name: Corpse_LavaSnail
ROCKETRULES: IgnoreMe add def by name: Corpse_AA_TetraSlug
ROCKETRULES: IgnoreMe add def by name: Corpse_Sparrow
ROCKETRULES: IgnoreMe add def by name: Corpse_AA_Thermadon
ROCKETRULES: IgnoreMe add def by name: Corpse_Crow
ROCKETRULES: IgnoreMe add def by name: Corpse_AA_Thunderbeast
ROCKETRULES: IgnoreMe add def by name: Corpse_Bluebird
ROCKETRULES: IgnoreMe add def by name: Corpse_AA_Thunderox
ROCKETRULES: IgnoreMe add def by name: Corpse_Quail
ROCKETRULES: IgnoreMe add def by name: Corpse_AA_UnblinkingEye
ROCKETRULES: IgnoreMe add def by name: Corpse_Macaw
ROCKETRULES: IgnoreMe add def by name: Corpse_AA_Wildpawn
ROCKETRULES: IgnoreMe add def by name: Corpse_Flamingo
ROCKETRULES: IgnoreMe add def by name: Corpse_AA_Wildpod
ROCKETRULES: IgnoreMe add def by name: Corpse_Heron
ROCKETRULES: IgnoreMe add def by name: Corpse_AA_WindBeast
ROCKETRULES: IgnoreMe add def by name: Corpse_Swan
ROCKETRULES: IgnoreMe add def by name: Corpse_BMT_AaroxisDendoriaLarvae
ROCKETRULES: IgnoreMe add def by name: Corpse_Peacock
ROCKETRULES: IgnoreMe add def by name: Corpse_BMT_AaroxisDendoriaPupa
ROCKETRULES: IgnoreMe add def by name: Corpse_Vulture
ROCKETRULES: IgnoreMe add def by name: Corpse_BMT_AaroxisDendoria
ROCKETRULES: IgnoreMe add def by name: Corpse_Penguin
ROCKETRULES: IgnoreMe add def by name: Corpse_BMT_AcidSlug
ROCKETRULES: IgnoreMe add def by name: AA_ChameleonYak
ROCKETRULES: IgnoreMe add def by name: Corpse_Walrus
ROCKETRULES: IgnoreMe add def by name: Corpse_BMT_Basilisk
ROCKETRULES: IgnoreMe add def by name: Corpse_SeaLion
ROCKETRULES: IgnoreMe add def by name: Corpse_BMT_Batbird
ROCKETRULES: IgnoreMe add def by name: Corpse_Seal
ROCKETRULES: IgnoreMe add def by name: Corpse_BMT_BeardedYak
ROCKETRULES: IgnoreMe add def by name: Corpse_HermitCrab
ROCKETRULES: IgnoreMe add def by name: Corpse_BMT_BloodropLarvae
ROCKETRULES: IgnoreMe add def by name: AA_CrescendoAnole
ROCKETRULES: IgnoreMe add def by name: Corpse_StoneCrab
ROCKETRULES: IgnoreMe add def by name: Corpse_BMT_BloodropPupa
ROCKETRULES: IgnoreMe add def by name: Corpse_SeaTurtle
ROCKETRULES: IgnoreMe add def by name: Corpse_BMT_BloodropMoth
ROCKETRULES: IgnoreMe add def by name: Corpse_Otter
ROCKETRULES: IgnoreMe add def by name: Corpse_BMT_BovineBeetleLarvae
ROCKETRULES: IgnoreMe add def by name: Corpse_Larva
ROCKETRULES: IgnoreMe add def by name: Corpse_BMT_BovineBeetlePupa
ROCKETRULES: IgnoreMe add def by name: Corpse_HiveQueen
ROCKETRULES: IgnoreMe add def by name: Corpse_BMT_BovineBeetle
ROCKETRULES: IgnoreMe add def by name: Corpse_Locust
ROCKETRULES: IgnoreMe add def by name: Corpse_BMT_BrownBat
ROCKETRULES: IgnoreMe add def by name: Corpse_Drone_Hunter
ROCKETRULES: IgnoreMe add def by name: Corpse_BMT_CactusCrab
ROCKETRULES: IgnoreMe add def by name: Corpse_Drone_Wasp
ROCKETRULES: IgnoreMe add def by name: Corpse_BMT_CaveCricket
ROCKETRULES: IgnoreMe add def by name: Corpse_Drone_Sentry
ROCKETRULES: IgnoreMe add def by name: Corpse_BMT_CaveLemming
ROCKETRULES: IgnoreMe add def by name: Corpse_Mech_Cyclops
ROCKETRULES: IgnoreMe add def by name: Corpse_BMT_CaveSpider
ROCKETRULES: IgnoreMe add def by name: Corpse_BS_Centaur
ROCKETRULES: IgnoreMe add def by name: Corpse_BMT_ChemSnail
ROCKETRULES: IgnoreMe add def by name: UnnaturalCorpse_BS_Centaur
ROCKETRULES: IgnoreMe add def by name: Corpse_BMT_CrestedDragon
ROCKETRULES: IgnoreMe add def by name: Corpse_BS_HumanFouramed
ROCKETRULES: IgnoreMe add def by name: Corpse_BMT_CrystalBeetleLarvae
ROCKETRULES: IgnoreMe add def by name: UnnaturalCorpse_BS_HumanFouramed
ROCKETRULES: IgnoreMe add def by name: Corpse_BMT_CrystalBeetlePupa
ROCKETRULES: IgnoreMe add def by name: Corpse_BS_Naga
ROCKETRULES: IgnoreMe add def by name: Corpse_BMT_CrystalBeetle
ROCKETRULES: IgnoreMe add def by name: UnnaturalCorpse_BS_Naga
ROCKETRULES: IgnoreMe add def by name: Corpse_BMT_CrystalCrab
ROCKETRULES: IgnoreMe add def by name: Corpse_BS_Marlith
ROCKETRULES: IgnoreMe add def by name: Corpse_BMT_CrystalFairyMole
ROCKETRULES: IgnoreMe add def by name: UnnaturalCorpse_BS_Marlith
ROCKETRULES: IgnoreMe add def by name: Corpse_BMT_CrystalMantis
ROCKETRULES: IgnoreMe add def by name: Corpse_BS_UrbMech
ROCKETRULES: IgnoreMe add def by name: Corpse_BMT_Crystalope
ROCKETRULES: IgnoreMe add def by name: Corpse_BS_SixArmedHuman
ROCKETRULES: IgnoreMe add def by name: Corpse_BMT_DarkAxolotl
ROCKETRULES: IgnoreMe add def by name: UnnaturalCorpse_BS_SixArmedHuman
ROCKETRULES: IgnoreMe add def by name: Corpse_BMT_Diggerpede
ROCKETRULES: IgnoreMe add def by name: Corpse_BS_SpiderPersonRace
ROCKETRULES: IgnoreMe add def by name: Corpse_BMT_FacetMothLarvae
ROCKETRULES: IgnoreMe add def by name: UnnaturalCorpse_BS_SpiderPersonRace
ROCKETRULES: IgnoreMe add def by name: Corpse_BMT_FacetMothPupa
ROCKETRULES: IgnoreMe add def by name: Corpse_BS_HumanoidWithTail
ROCKETRULES: IgnoreMe add def by name: Corpse_BMT_FacetMoth
ROCKETRULES: IgnoreMe add def by name: UnnaturalCorpse_BS_HumanoidWithTail
ROCKETRULES: IgnoreMe add def by name: Corpse_BMT_FireSalamander
ROCKETRULES: IgnoreMe add def by name: Corpse_BS_HumanoidWithWings
ROCKETRULES: IgnoreMe add def by name: Corpse_BMT_FleeceSpider
ROCKETRULES: IgnoreMe add def by name: UnnaturalCorpse_BS_HumanoidWithWings
ROCKETRULES: IgnoreMe add def by name: Corpse_BMT_FoundryBeetleLarvae
ROCKETRULES: IgnoreMe add def by name: Corpse_BS_JustAHead
ROCKETRULES: IgnoreMe add def by name: Corpse_BMT_FoundryBeetlePupa
ROCKETRULES: IgnoreMe add def by name: UnnaturalCorpse_BS_JustAHead
ROCKETRULES: IgnoreMe add def by name: Corpse_BMT_FoundryBeetle
ROCKETRULES: IgnoreMe add def by name: Corpse_Dummy
ROCKETRULES: IgnoreMe add def by name: Corpse_BMT_FreezerFrog
ROCKETRULES: IgnoreMe add def by name: UnnaturalCorpse_Dummy
ROCKETRULES: IgnoreMe add def by name: Corpse_BMT_FrostweaverSpider
ROCKETRULES: IgnoreMe add def by name: Corpse_RH_DF_Mother
ROCKETRULES: IgnoreMe add def by name: Corpse_BMT_FungalFerret
ROCKETRULES: IgnoreMe add def by name: Corpse_RH_DF_Titan
ROCKETRULES: IgnoreMe add def by name: Corpse_BMT_FungalMantis
ROCKETRULES: IgnoreMe add def by name: Corpse_RH_DF_Wraith
ROCKETRULES: IgnoreMe add def by name: Corpse_BMT_FungalWeevil
ROCKETRULES: IgnoreMe add def by name: Corpse_RH_DF_GiantSpider
ROCKETRULES: IgnoreMe add def by name: Corpse_BMT_Gembug
ROCKETRULES: IgnoreMe add def by name: Corpse_RH_DF2_Stalker
ROCKETRULES: IgnoreMe add def by name: Corpse_BMT_GiantSlug
ROCKETRULES: IgnoreMe add def by name: Corpse_RH_DF_EvolvedRumbler
ROCKETRULES: IgnoreMe add def by name: Corpse_BMT_GiantSnail
ROCKETRULES: IgnoreMe add def by name: Corpse_RH_DF_EvolvedLongArms
ROCKETRULES: IgnoreMe add def by name: Corpse_BMT_GlarralPenguin
ROCKETRULES: IgnoreMe add def by name: Corpse_RH_DF_IrridiatedLongArms
ROCKETRULES: IgnoreMe add def by name: Corpse_BMT_GlowBat
ROCKETRULES: IgnoreMe add def by name: Corpse_RH_DF_VolatileLeaper
ROCKETRULES: IgnoreMe add def by name: Corpse_BMT_GlowSlug
ROCKETRULES: IgnoreMe add def by name: Corpse_RH_DF_BlackTitan
ROCKETRULES: IgnoreMe add def by name: Corpse_BMT_GoetoTadpole
ROCKETRULES: IgnoreMe add def by name: Corpse_RH_DF_BlackWraith
ROCKETRULES: IgnoreMe add def by name: Corpse_BMT_GoetoToad
ROCKETRULES: IgnoreMe add def by name: Corpse_RH_DF_BlackLeaper
ROCKETRULES: IgnoreMe add def by name: Corpse_BMT_HoarfrostMastodon
ROCKETRULES: IgnoreMe add def by name: Corpse_RH_DF_DevilHound
ROCKETRULES: IgnoreMe add def by name: Corpse_BMT_HungeringHydra
ROCKETRULES: IgnoreMe add def by name: Corpse_RH_DF_Tendril
ROCKETRULES: IgnoreMe add def by name: Corpse_BMT_ImperialToad
ROCKETRULES: IgnoreMe add def by name: Corpse_RH_DF_Bone
ROCKETRULES: IgnoreMe add def by name: Corpse_BMT_Jellypot
ROCKETRULES: IgnoreMe add def by name: Corpse_RH_DF2_RoidHulk
ROCKETRULES: IgnoreMe add def by name: Corpse_BMT_JewelBeetleLarvae
ROCKETRULES: IgnoreMe add def by name: Corpse_RH_DF_Reaper
ROCKETRULES: IgnoreMe add def by name: Corpse_BMT_JewelBeetlePupa
ROCKETRULES: IgnoreMe add def by name: Corpse_Purple_Nebula_Dragon
ROCKETRULES: IgnoreMe add def by name: Corpse_BMT_JewelBeetle
ROCKETRULES: IgnoreMe add def by name: HL_AM_Dryad_Unstable
ROCKETRULES: IgnoreMe add def by name: Corpse_Blue_Nebula_Dragon
ROCKETRULES: IgnoreMe add def by name: Corpse_BMT_MaceDrake
ROCKETRULES: IgnoreMe add def by name: AA_MatureFleshbeast
ROCKETRULES: IgnoreMe add def by name: Corpse_Red_Nebula_Dragon
ROCKETRULES: IgnoreMe add def by name: Corpse_BMT_Maguana
ROCKETRULES: IgnoreMe add def by name: Corpse_EH_Void_Dragon
ROCKETRULES: IgnoreMe add def by name: Corpse_BMT_Megabat
ROCKETRULES: IgnoreMe add def by name: HL_BI_Queen
ROCKETRULES: IgnoreMe add def by name: Corpse_Destroyer_Void_Dragon
ROCKETRULES: IgnoreMe add def by name: Corpse_BMT_Megapleura
ROCKETRULES: IgnoreMe add def by name: HL_ROM_ChthonianLarva
ROCKETRULES: IgnoreMe add def by name: Corpse_Eater_Void_Dragon
ROCKETRULES: IgnoreMe add def by name: Corpse_BMT_MetalloSnail
ROCKETRULES: IgnoreMe add def by name: HL_ROM_DarkYoung
ROCKETRULES: IgnoreMe add def by name: Corpse_Harbinger_Void_Dragon
ROCKETRULES: IgnoreMe add def by name: Corpse_BMT_Mole
ROCKETRULES: IgnoreMe add def by name: HL_UV_GoldenCanary
ROCKETRULES: IgnoreMe add def by name: Corpse_Rurelion_Zol_Dragon
ROCKETRULES: IgnoreMe add def by name: Corpse_BMT_Molebear
ROCKETRULES: IgnoreMe add def by name: Corpse_AM_Dryad_Ocular
ROCKETRULES: IgnoreMe add def by name: Corpse_BMT_MossBeetleLarvae
ROCKETRULES: IgnoreMe add def by name: Corpse_AM_Dryad_Spitter
ROCKETRULES: IgnoreMe add def by name: Corpse_BMT_MossBeetlePupa
ROCKETRULES: IgnoreMe add def by name: Corpse_AM_Dryad_Corruptor
ROCKETRULES: IgnoreMe add def by name: Corpse_BMT_MossBeetle
ROCKETRULES: IgnoreMe add def by name: Corpse_AM_Dryad_Unstable
ROCKETRULES: IgnoreMe add def by name: Corpse_BMT_MossyFennec
ROCKETRULES: IgnoreMe add def by name: Corpse_AM_Dryad_Tumorous
ROCKETRULES: IgnoreMe add def by name: Corpse_BMT_Pillbug
ROCKETRULES: IgnoreMe add def by name: Corpse_AM_UnshackledDryad
ROCKETRULES: IgnoreMe add def by name: Corpse_BMT_PodWorm
ROCKETRULES: IgnoreMe add def by name: Corpse_AAT_WalkerIED
ROCKETRULES: IgnoreMe add def by name: Corpse_BMT_Rimebeak
ROCKETRULES: IgnoreMe add def by name: Corpse_AAT_WalkerBomb
ROCKETRULES: IgnoreMe add def by name: Corpse_BMT_RoyalRhinoLarvae
ROCKETRULES: IgnoreMe add def by name: Corpse_AP_MetalStorm
ROCKETRULES: IgnoreMe add def by name: Corpse_BMT_RoyalRhinoPupa
ROCKETRULES: IgnoreMe add def by name: Corpse_Autocleaner
ROCKETRULES: IgnoreMe add def by name: Corpse_BMT_RoyalRhino
ROCKETRULES: IgnoreMe add def by name: Corpse_BI_Queen
ROCKETRULES: IgnoreMe add def by name: Corpse_BMT_SandLeaper
ROCKETRULES: IgnoreMe add def by name: Corpse_ROM_Chthonian
ROCKETRULES: IgnoreMe add def by name: Corpse_BMT_SandPillar
ROCKETRULES: IgnoreMe add def by name: Corpse_ROM_ChthonianLarva
ROCKETRULES: IgnoreMe add def by name: Corpse_BMT_ShatterjawBeetleLarvae
ROCKETRULES: IgnoreMe add def by name: Corpse_ROM_Cthulhid
ROCKETRULES: IgnoreMe add def by name: Corpse_BMT_ShatterjawBeetlePupa
ROCKETRULES: IgnoreMe add def by name: Corpse_ROM_DarkYoung
ROCKETRULES: IgnoreMe add def by name: Corpse_BMT_ShatterjawBeetle
ROCKETRULES: IgnoreMe add def by name: Corpse_ROM_DeepOne
ROCKETRULES: IgnoreMe add def by name: Corpse_BMT_ShimmershellSnail
ROCKETRULES: IgnoreMe add def by name: Corpse_ROM_DeepOneGreat
ROCKETRULES: IgnoreMe add def by name: Corpse_BMT_SilverSheep
ROCKETRULES: IgnoreMe add def by name: Corpse_ROM_MiGo
ROCKETRULES: IgnoreMe add def by name: Corpse_BMT_SmolderstingScorpion
ROCKETRULES: IgnoreMe add def by name: Corpse_ROM_Shoggoth
ROCKETRULES: IgnoreMe add def by name: Corpse_BMT_Snowstalker
ROCKETRULES: IgnoreMe add def by name: Corpse_ROM_ShoggothColossal
ROCKETRULES: IgnoreMe add def by name: Corpse_BMT_SonarRabbit
ROCKETRULES: IgnoreMe add def by name: Corpse_ROM_ShoggothTiny
ROCKETRULES: IgnoreMe add def by name: Corpse_BMT_Stoneback
ROCKETRULES: IgnoreMe add def by name: Corpse_ROM_StarVampire
ROCKETRULES: IgnoreMe add def by name: Corpse_BMT_Thrumbungus
ROCKETRULES: IgnoreMe add def by name: Corpse_CAMech_Scyther
ROCKETRULES: IgnoreMe add def by name: Corpse_BMT_TruffleMole
ROCKETRULES: IgnoreMe add def by name: Corpse_CADevourer
ROCKETRULES: IgnoreMe add def by name: Corpse_BMT_Woollybat
ROCKETRULES: IgnoreMe add def by name: Corpse_CACrystalScythe
ROCKETRULES: IgnoreMe add def by name: Corpse_BMT_Xyrion
ROCKETRULES: IgnoreMe add def by name: Corpse_CAHarbinger
ROCKETRULES: IgnoreMe add def by name: Corpse_BMT_Yooka
ROCKETRULES: IgnoreMe add def by name: Corpse_CAHavoc
ROCKETRULES: IgnoreMe add def by name: Corpse_Outland_Oxect
ROCKETRULES: IgnoreMe add def by name: Corpse_CAEndBossMech
ROCKETRULES: IgnoreMe add def by name: Corpse_BotchJob_UndeadCat
ROCKETRULES: IgnoreMe add def by name: Corpse_Black_Dragon
ROCKETRULES: IgnoreMe add def by name: Corpse_BotchJob_UndeadColossus
ROCKETRULES: IgnoreMe add def by name: Corpse_Blue_Dragon
ROCKETRULES: IgnoreMe add def by name: Corpse_BotchJob_UndeadDragon
ROCKETRULES: IgnoreMe add def by name: Corpse_Green_Dragon
ROCKETRULES: IgnoreMe add def by name: Corpse_BotchJob_Ghoul
ROCKETRULES: IgnoreMe add def by name: Corpse_Purple_Dragon
ROCKETRULES: IgnoreMe add def by name: Corpse_BotchJob_UndeadHorse
ROCKETRULES: IgnoreMe add def by name: Corpse_Red_Dragon
ROCKETRULES: IgnoreMe add def by name: Corpse_BotchJob_Skeleton
ROCKETRULES: IgnoreMe add def by name: Corpse_White_Dragon
ROCKETRULES: IgnoreMe add def by name: Corpse_BotchJob_UndeadWarg
ROCKETRULES: IgnoreMe add def by name: Corpse_Yellow_Dragon
ROCKETRULES: IgnoreMe add def by name: Corpse_BotchJob_Wraith
ROCKETRULES: IgnoreMe add def by name: Corpse_DD_Drake
ROCKETRULES: IgnoreMe add def by name: Corpse_AG_OcularSlinger
ROCKETRULES: IgnoreMe add def by name: Corpse_Gold_Dragon
ROCKETRULES: IgnoreMe add def by name: Corpse_REDS_SpiritAnimal
ROCKETRULES: IgnoreMe add def by name: Corpse_Silver_Dragon
ROCKETRULES: IgnoreMe add def by name: Corpse_REDS_SpiritWolfEcho
ROCKETRULES: IgnoreMe add def by name: Corpse_Jade_Dragon
ROCKETRULES: IgnoreMe add def by name: Corpse_AM_Mech_Nucleotron
ROCKETRULES: IgnoreMe add def by name: Corpse_True_Dragon
ROCKETRULES: IgnoreMe add def by name: Corpse_AM_Mech_Sanguinarius
ROCKETRULES: IgnoreMe add def by name: Corpse_Talbuk
ROCKETRULES: IgnoreMe add def by name: Corpse_AM_Mech_Librarian
ROCKETRULES: IgnoreMe add def by name: Corpse_Garry_Sewn
ROCKETRULES: IgnoreMe add def by name: Corpse_AM_Mech_Apiarist
ROCKETRULES: IgnoreMe add def by name: Corpse_Garry_Stitch
ROCKETRULES: IgnoreMe add def by name: Corpse_AM_Mech_Angler
ROCKETRULES: IgnoreMe add def by name: Corpse_dvd_Mech_Selenian
ROCKETRULES: IgnoreMe add def by name: Corpse_HL_Bear_Grizzly
ROCKETRULES: IgnoreMe add def by name: Corpse_dvd_AnimalFrayhound
ROCKETRULES: IgnoreMe add def by name: Corpse_HL_Bear_Polar
ROCKETRULES: IgnoreMe add def by name: Corpse_dvd_Mech_Immaculus
ROCKETRULES: IgnoreMe add def by name: Corpse_HL_Ostrich
ROCKETRULES: IgnoreMe add def by name: Corpse_dvd_Mech_Laminis
ROCKETRULES: IgnoreMe add def by name: Corpse_HL_Emu
ROCKETRULES: IgnoreMe add def by name: Corpse_dvd_Mech_Augurer
ROCKETRULES: IgnoreMe add def by name: Corpse_HL_Cassowary
ROCKETRULES: IgnoreMe add def by name: Corpse_dvd_Mech_Eidoloid
ROCKETRULES: IgnoreMe add def by name: Corpse_HL_Cougar
ROCKETRULES: IgnoreMe add def by name: Corpse_dvd_Mech_EidoloidHeavy
ROCKETRULES: IgnoreMe add def by name: Corpse_HL_Panther
ROCKETRULES: IgnoreMe add def by name: Corpse_dvd_Mech_SelenianPrecursor
ROCKETRULES: IgnoreMe add def by name: Corpse_HL_Lynx
ROCKETRULES: IgnoreMe add def by name: Corpse_LTS_Mech_Isopod
ROCKETRULES: IgnoreMe add def by name: Corpse_HL_Cat
ROCKETRULES: IgnoreMe add def by name: Corpse_LFM_Mech_Scutum
ROCKETRULES: IgnoreMe add def by name: Corpse_HL_YorkshireTerrier
ROCKETRULES: IgnoreMe add def by name: Corpse_LFM_Mech_RocketSlinger
ROCKETRULES: IgnoreMe add def by name: Corpse_HL_GuineaPig
ROCKETRULES: IgnoreMe add def by name: Corpse_LFM_Mech_Taintor
ROCKETRULES: IgnoreMe add def by name: Corpse_HL_LabradorRetriever
ROCKETRULES: IgnoreMe add def by name: Corpse_LFM_Mech_Slinger
ROCKETRULES: IgnoreMe add def by name: Corpse_HL_Husky
ROCKETRULES: IgnoreMe add def by name: Corpse_LFM_Mech_Arbiter
ROCKETRULES: IgnoreMe add def by name: Corpse_HL_Monkey
ROCKETRULES: IgnoreMe add def by name: Corpse_Mashed_Bloodmoon_FeralWerewolf
ROCKETRULES: IgnoreMe add def by name: Corpse_HL_Chicken
ROCKETRULES: IgnoreMe add def by name: Corpse_IM_Mech_Templar
ROCKETRULES: IgnoreMe add def by name: Corpse_HL_Duck
ROCKETRULES: IgnoreMe add def by name: Corpse_IM_Mech_Berserker
ROCKETRULES: IgnoreMe add def by name: Corpse_HL_Turkey
ROCKETRULES: IgnoreMe add def by name: Corpse_IM_Mech_Aide
ROCKETRULES: IgnoreMe add def by name: Corpse_HL_Goose
ROCKETRULES: IgnoreMe add def by name: Corpse_IM_Mech_Ripperling
ROCKETRULES: IgnoreMe add def by name: Corpse_HL_Cow
ROCKETRULES: IgnoreMe add def by name: Corpse_IM_Mech_Skirmisher
ROCKETRULES: IgnoreMe add def by name: Corpse_HL_Boomalope
ROCKETRULES: IgnoreMe add def by name: Corpse_IM_Mech_Ripper
ROCKETRULES: IgnoreMe add def by name: Corpse_HL_Muffalo
ROCKETRULES: IgnoreMe add def by name: Corpse_IM_Mech_Infiltrator
ROCKETRULES: IgnoreMe add def by name: Corpse_HL_Bison
ROCKETRULES: IgnoreMe add def by name: Corpse_IM_Mech_Constrictor
ROCKETRULES: IgnoreMe add def by name: Corpse_HL_Dromedary
ROCKETRULES: IgnoreMe add def by name: Corpse_IM_Mech_Bombardier
ROCKETRULES: IgnoreMe add def by name: Corpse_HL_Goat
ROCKETRULES: IgnoreMe add def by name: Corpse_MA_Aminox
ROCKETRULES: IgnoreMe add def by name: Corpse_HL_Elk
ROCKETRULES: IgnoreMe add def by name: Corpse_MA_Capryak
ROCKETRULES: IgnoreMe add def by name: Corpse_HL_Yak
ROCKETRULES: IgnoreMe add def by name: Corpse_MA_Deermoss
ROCKETRULES: IgnoreMe add def by name: Corpse_HL_Caribou
ROCKETRULES: IgnoreMe add def by name: Corpse_MA_Direhorse
ROCKETRULES: IgnoreMe add def by name: Corpse_HL_Horse
ROCKETRULES: IgnoreMe add def by name: Corpse_MA_Dunbear
ROCKETRULES: IgnoreMe add def by name: Corpse_HL_Donkey
ROCKETRULES: IgnoreMe add def by name: Corpse_MA_Duskhorn
ROCKETRULES: IgnoreMe add def by name: Corpse_HL_Elephant
ROCKETRULES: IgnoreMe add def by name: Corpse_MA_Furpotamus
ROCKETRULES: IgnoreMe add def by name: Corpse_HL_Rhinoceros
ROCKETRULES: IgnoreMe add def by name: Corpse_MA_Gnaut
ROCKETRULES: IgnoreMe add def by name: Corpse_HL_Hare
ROCKETRULES: IgnoreMe add def by name: Corpse_MA_Harpeagle
ROCKETRULES: IgnoreMe add def by name: Corpse_HL_Snowhare
ROCKETRULES: IgnoreMe add def by name: Corpse_MA_Hellboar
ROCKETRULES: IgnoreMe add def by name: Corpse_HL_Megascarab
ROCKETRULES: IgnoreMe add def by name: Corpse_MA_Manehound
ROCKETRULES: IgnoreMe add def by name: Corpse_HL_Spelopede
ROCKETRULES: IgnoreMe add def by name: Corpse_MA_Narkospider
ROCKETRULES: IgnoreMe add def by name: Corpse_HL_Megaspider
ROCKETRULES: IgnoreMe add def by name: Corpse_MA_Plastemmoth
ROCKETRULES: IgnoreMe add def by name: Corpse_HL_Thrumbo
ROCKETRULES: IgnoreMe add def by name: Corpse_MA_PlastemmothAlpha
ROCKETRULES: IgnoreMe add def by name: Corpse_HL_Cobra
ROCKETRULES: IgnoreMe add def by name: Corpse_MA_Raptorkhan
ROCKETRULES: IgnoreMe add def by name: Corpse_HL_Tortoise
ROCKETRULES: IgnoreMe add def by name: Corpse_MA_Scarodon
ROCKETRULES: IgnoreMe add def by name: Corpse_HL_Alphabeaver
ROCKETRULES: IgnoreMe add def by name: Corpse_MA_Simbakub
ROCKETRULES: IgnoreMe add def by name: Corpse_HL_Pig
ROCKETRULES: IgnoreMe add def by name: Corpse_MA_SimbakubAlpha
ROCKETRULES: IgnoreMe add def by name: Corpse_HL_WildBoar
ROCKETRULES: IgnoreMe add def by name: Corpse_MA_Sivatherium
ROCKETRULES: IgnoreMe add def by name: Corpse_HL_Ibex
ROCKETRULES: IgnoreMe add def by name: Corpse_MA_Sporemole
ROCKETRULES: IgnoreMe add def by name: Corpse_HL_Deer
ROCKETRULES: IgnoreMe add def by name: Corpse_MA_Worhin
ROCKETRULES: IgnoreMe add def by name: Corpse_HL_Gazelle
ROCKETRULES: IgnoreMe add def by name: Corpse_OWD_Race_LegionUndead
ROCKETRULES: IgnoreMe add def by name: Corpse_HL_Chinchilla
ROCKETRULES: IgnoreMe add def by name: Corpse_Mech_Gha_Horax_Vanguard
ROCKETRULES: IgnoreMe add def by name: Corpse_HL_Sheep
ROCKETRULES: IgnoreMe add def by name: Corpse_Mech_Gha_Horax_Venatoris
ROCKETRULES: IgnoreMe add def by name: Corpse_HL_Alpaca
ROCKETRULES: IgnoreMe add def by name: Corpse_Mech_Gha_Horax_Bulwark
ROCKETRULES: IgnoreMe add def by name: Corpse_HL_Megasloth
ROCKETRULES: IgnoreMe add def by name: Corpse_Mech_Gha_Vanguard
ROCKETRULES: IgnoreMe add def by name: Corpse_HL_Capybara
ROCKETRULES: IgnoreMe add def by name: Corpse_Mech_Gha_Venatoris
ROCKETRULES: IgnoreMe add def by name: Corpse_HL_Squirrel
ROCKETRULES: IgnoreMe add def by name: Corpse_Mech_Gha_Bulwark
ROCKETRULES: IgnoreMe add def by name: Corpse_HL_Rat
ROCKETRULES: IgnoreMe add def by name: Corpse_FrostnovaHumanRace
ROCKETRULES: IgnoreMe add def by name: Corpse_HL_Boomrat
ROCKETRULES: IgnoreMe add def by name: UnnaturalCorpse_FrostnovaHumanRace
ROCKETRULES: IgnoreMe add def by name: Corpse_HL_Raccoon
ROCKETRULES: IgnoreMe add def by name: Corpse_PatriotHumanRace
ROCKETRULES: IgnoreMe add def by name: Corpse_HL_Iguana
ROCKETRULES: IgnoreMe add def by name: UnnaturalCorpse_PatriotHumanRace
ROCKETRULES: IgnoreMe add def by name: Corpse_HL_Warg
ROCKETRULES: IgnoreMe add def by name: Corpse_TalulahHumanRace
ROCKETRULES: IgnoreMe add def by name: Corpse_HL_Wolf_Timber
ROCKETRULES: IgnoreMe add def by name: UnnaturalCorpse_TalulahHumanRace
ROCKETRULES: IgnoreMe add def by name: Corpse_HL_Wolf_Arctic
ROCKETRULES: IgnoreMe add def by name: Corpse_Mech_AKDrone
ROCKETRULES: IgnoreMe add def by name: Corpse_HL_Fox_Fennec
ROCKETRULES: IgnoreMe add def by name: Corpse_Mech_AKShieldDrone
ROCKETRULES: IgnoreMe add def by name: Corpse_HL_Fox_Red
ROCKETRULES: IgnoreMe add def by name: Corpse_Mech_AKMedDrone
ROCKETRULES: IgnoreMe add def by name: Corpse_HL_Fox_Arctic
ROCKETRULES: IgnoreMe add def by name: Corpse_Bion_Base
ROCKETRULES: IgnoreMe add def by name: Corpse_HL_Dryad_Basic
ROCKETRULES: IgnoreMe add def by name: Corpse_Bion_Hulk
ROCKETRULES: IgnoreMe add def by name: Corpse_HL_Dryad_Woodmaker
ROCKETRULES: IgnoreMe add def by name: Corpse_Bion_Stalker
ROCKETRULES: IgnoreMe add def by name: Corpse_HL_Dryad_Berrymaker
ROCKETRULES: IgnoreMe add def by name: Corpse_Mech_Federator
ROCKETRULES: IgnoreMe add def by name: Corpse_HL_Dryad_Medicinemaker
ROCKETRULES: IgnoreMe add def by name: Corpse_Mech_Seeker
ROCKETRULES: IgnoreMe add def by name: Corpse_HL_Dryad_Gaumaker
ROCKETRULES: IgnoreMe add def by name: Corpse_Mutant_Ogron
ROCKETRULES: IgnoreMe add def by name: Corpse_HL_Dryad_Carrier
ROCKETRULES: IgnoreMe add def by name: Corpse_Mutant_Twisted
ROCKETRULES: IgnoreMe add def by name: Corpse_HL_Dryad_Clawer
ROCKETRULES: IgnoreMe add def by name: Corpse_Mutant_Shadark
ROCKETRULES: IgnoreMe add def by name: Corpse_HL_Dryad_Barkskin
ROCKETRULES: IgnoreMe add def by name: Corpse_Mutant_Razortooth
ROCKETRULES: IgnoreMe add def by name: Corpse_HL_WasteRat
ROCKETRULES: IgnoreMe add def by name: Corpse_Mech_Borer
ROCKETRULES: IgnoreMe add def by name: Corpse_HL_Toxalope
ROCKETRULES: IgnoreMe add def by name: Corpse_Mech_Psiloid
ROCKETRULES: IgnoreMe add def by name: Corpse_HL_BogHound
ROCKETRULES: IgnoreMe add def by name: Corpse_Mech_Bombito
ROCKETRULES: IgnoreMe add def by name: Corpse_HL_MonitorLizard
ROCKETRULES: IgnoreMe add def by name: Corpse_Mech_Tagmaton
ROCKETRULES: IgnoreMe add def by name: Corpse_HL_PrairieDog
ROCKETRULES: IgnoreMe add def by name: Corpse_Mech_Skutaton
ROCKETRULES: IgnoreMe add def by name: Corpse_HL_Porcupine
ROCKETRULES: IgnoreMe add def by name: Corpse_Mech_Omniservant
ROCKETRULES: IgnoreMe add def by name: Corpse_HL_Mastodon
ROCKETRULES: IgnoreMe add def by name: Corpse_RP_Biometalbeast
ROCKETRULES: IgnoreMe add def by name: Corpse_HL_Cat_Scimitar
ROCKETRULES: IgnoreMe add def by name: Corpse_RP_BiometalbeastWind
ROCKETRULES: IgnoreMe add def by name: Corpse_HL_Wolverine
ROCKETRULES: IgnoreMe add def by name: Corpse_RP_Spraycyst
ROCKETRULES: IgnoreMe add def by name: Corpse_HL_Wolf_Great
ROCKETRULES: IgnoreMe add def by name: Corpse_RP_Causticyst
ROCKETRULES: IgnoreMe add def by name: Corpse_HL_Moose
ROCKETRULES: IgnoreMe add def by name: Corpse_RP_BioferriteCausticyst
ROCKETRULES: IgnoreMe add def by name: Corpse_HL_AlphaThrumbo
ROCKETRULES: IgnoreMe add def by name: Corpse_RP_Twistmatrix
ROCKETRULES: IgnoreMe add def by name: Corpse_HL_Muskox
ROCKETRULES: IgnoreMe add def by name: Corpse_Archocat
ROCKETRULES: IgnoreMe add def by name: Corpse_HL_Tiger
ROCKETRULES: IgnoreMe add def by name: Corpse_Archomutt
ROCKETRULES: IgnoreMe add def by name: Corpse_HL_Mink
ROCKETRULES: IgnoreMe add def by name: Corpse_Archojerboa
ROCKETRULES: IgnoreMe add def by name: Corpse_HL_Gorilla
ROCKETRULES: IgnoreMe add def by name: Corpse_Archoffalo
ROCKETRULES: IgnoreMe add def by name: Corpse_HL_Badger
ROCKETRULES: IgnoreMe add def by name: Corpse_Archolope
ROCKETRULES: IgnoreMe add def by name: Corpse_HL_Panda
ROCKETRULES: IgnoreMe add def by name: Corpse_Archothrumbo
ROCKETRULES: IgnoreMe add def by name: Corpse_HL_Hippo
ROCKETRULES: IgnoreMe add def by name: Corpse_Archotortoise
ROCKETRULES: IgnoreMe add def by name: Corpse_HL_Megavole
ROCKETRULES: IgnoreMe add def by name: Corpse_Archopanda
ROCKETRULES: IgnoreMe add def by name: Corpse_HL_Armadillo
ROCKETRULES: IgnoreMe add def by name: Corpse_Archostrich
ROCKETRULES: IgnoreMe add def by name: Corpse_HL_Alligator
ROCKETRULES: IgnoreMe add def by name: Corpse_Archospider
ROCKETRULES: IgnoreMe add def by name: Corpse_HL_Bullfrog
ROCKETRULES: IgnoreMe add def by name: Corpse_Astromite
ROCKETRULES: IgnoreMe add def by name: Corpse_HL_ColossusToad
ROCKETRULES: IgnoreMe add def by name: Corpse_Stellapede
ROCKETRULES: IgnoreMe add def by name: Corpse_HL_LavaSnail
ROCKETRULES: IgnoreMe add def by name: Corpse_Cosmopillar
ROCKETRULES: IgnoreMe add def by name: Corpse_HL_Sparrow
ROCKETRULES: IgnoreMe add def by name: Corpse_SoS2_Shuttle_Personal
ROCKETRULES: IgnoreMe add def by name: Corpse_HL_Crow
ROCKETRULES: IgnoreMe add def by name: Corpse_SoS2_Shuttle
ROCKETRULES: IgnoreMe add def by name: Corpse_HL_Bluebird
ROCKETRULES: IgnoreMe add def by name: Corpse_SoS2_Shuttle_Heavy
ROCKETRULES: IgnoreMe add def by name: Corpse_HL_Quail
ROCKETRULES: IgnoreMe add def by name: Corpse_SoS2_Shuttle_Superheavy
ROCKETRULES: IgnoreMe add def by name: Corpse_HL_Macaw
ROCKETRULES: IgnoreMe add def by name: Corpse_Force_DarksideWraithRace
ROCKETRULES: IgnoreMe add def by name: Corpse_HL_Flamingo
ROCKETRULES: IgnoreMe add def by name: Corpse_SithSorcery_Terentatek_Pawn
ROCKETRULES: IgnoreMe add def by name: Corpse_HL_Heron
ROCKETRULES: IgnoreMe add def by name: Corpse_Force_Mech_Inquisitor
ROCKETRULES: IgnoreMe add def by name: Corpse_HL_Swan
ROCKETRULES: IgnoreMe add def by name: Corpse_SC_Rockbull
ROCKETRULES: IgnoreMe add def by name: Corpse_HL_Peacock
ROCKETRULES: IgnoreMe add def by name: Corpse_SC_RockbullAlbino
ROCKETRULES: IgnoreMe add def by name: Corpse_HL_Vulture
ROCKETRULES: IgnoreMe add def by name: Corpse_SC_Creamgrub
ROCKETRULES: IgnoreMe add def by name: Corpse_HL_Penguin
ROCKETRULES: IgnoreMe add def by name: Corpse_SC_Insect_Moleroach
ROCKETRULES: IgnoreMe add def by name: Corpse_HL_Walrus
ROCKETRULES: IgnoreMe add def by name: Corpse_SC_Insect_MoleroachBlue
ROCKETRULES: IgnoreMe add def by name: Corpse_HL_SeaLion
ROCKETRULES: IgnoreMe add def by name: Corpse_AEXP_Coyote
ROCKETRULES: IgnoreMe add def by name: Corpse_HL_Seal
ROCKETRULES: IgnoreMe add def by name: HL_TM_DemonR
ROCKETRULES: IgnoreMe add def by name: Corpse_AEXP_Giraffe
ROCKETRULES: IgnoreMe add def by name: Corpse_HL_HermitCrab
ROCKETRULES: IgnoreMe add def by name: HL_TM_LesserDemonR
ROCKETRULES: IgnoreMe add def by name: Corpse_AEXP_Zebra
ROCKETRULES: IgnoreMe add def by name: Corpse_HL_StoneCrab
ROCKETRULES: IgnoreMe add def by name: Corpse_AEXP_Wildebeest
ROCKETRULES: IgnoreMe add def by name: Corpse_HL_SeaTurtle
ROCKETRULES: IgnoreMe add def by name: HL_TM_LesserEarth_ElementalR
ROCKETRULES: IgnoreMe add def by name: Corpse_AEXP_Crocodile
ROCKETRULES: IgnoreMe add def by name: Corpse_HL_Otter
ROCKETRULES: IgnoreMe add def by name: HL_TM_Earth_ElementalR
ROCKETRULES: IgnoreMe add def by name: Corpse_AEXP_Cheetah
ROCKETRULES: IgnoreMe add def by name: Corpse_HL_Larva
ROCKETRULES: IgnoreMe add def by name: HL_TM_GreaterEarth_ElementalR
ROCKETRULES: IgnoreMe add def by name: Corpse_AEXP_Boombat
ROCKETRULES: IgnoreMe add def by name: Corpse_HL_HiveQueen
ROCKETRULES: IgnoreMe add def by name: HL_TM_LesserFire_ElementalR
ROCKETRULES: IgnoreMe add def by name: Corpse_AEXP_Kangaroo
ROCKETRULES: IgnoreMe add def by name: Corpse_HL_Locust
ROCKETRULES: IgnoreMe add def by name: HL_TM_Fire_ElementalR
ROCKETRULES: IgnoreMe add def by name: Corpse_AEXP_Koala
ROCKETRULES: IgnoreMe add def by name: Corpse_HL_Purple_Nebula_Dragon
ROCKETRULES: IgnoreMe add def by name: HL_TM_GreaterFire_ElementalR
ROCKETRULES: IgnoreMe add def by name: Corpse_AEXP_Platypus
ROCKETRULES: IgnoreMe add def by name: Corpse_HL_Blue_Nebula_Dragon
ROCKETRULES: IgnoreMe add def by name: HL_TM_LesserWater_ElementalR
ROCKETRULES: IgnoreMe add def by name: Corpse_AEXP_ArcticCoyote
ROCKETRULES: IgnoreMe add def by name: Corpse_HL_Red_Nebula_Dragon
ROCKETRULES: IgnoreMe add def by name: HL_TM_Water_ElementalR
ROCKETRULES: IgnoreMe add def by name: Corpse_AEXP_BlackBear
ROCKETRULES: IgnoreMe add def by name: Corpse_HL_EH_Void_Dragon
ROCKETRULES: IgnoreMe add def by name: HL_TM_GreaterWater_ElementalR
ROCKETRULES: IgnoreMe add def by name: Corpse_AEXP_CatAbyssinian
ROCKETRULES: IgnoreMe add def by name: Corpse_HL_Destroyer_Void_Dragon
ROCKETRULES: IgnoreMe add def by name: HL_TM_LesserWind_ElementalR
ROCKETRULES: IgnoreMe add def by name: Corpse_AEXP_CatBengal
ROCKETRULES: IgnoreMe add def by name: Corpse_HL_Eater_Void_Dragon
ROCKETRULES: IgnoreMe add def by name: HL_TM_Wind_ElementalR
ROCKETRULES: IgnoreMe add def by name: Corpse_AEXP_CatBritishShorthair
ROCKETRULES: IgnoreMe add def by name: Corpse_HL_Harbinger_Void_Dragon
ROCKETRULES: IgnoreMe add def by name: HL_TM_GreaterWind_ElementalR
ROCKETRULES: IgnoreMe add def by name: Corpse_AEXP_CatMaineCoon
ROCKETRULES: IgnoreMe add def by name: Corpse_HL_Rurelion_Zol_Dragon
ROCKETRULES: IgnoreMe add def by name: HL_TM_MinionR
ROCKETRULES: IgnoreMe add def by name: Corpse_AEXP_CatMunchkin
ROCKETRULES: IgnoreMe add def by name: Corpse_HL_AM_Dryad_Ocular
ROCKETRULES: IgnoreMe add def by name: HL_TM_GreaterMinionR
ROCKETRULES: IgnoreMe add def by name: Corpse_AEXP_CatNorwegianForest
ROCKETRULES: IgnoreMe add def by name: Corpse_HL_AM_Dryad_Spitter
ROCKETRULES: IgnoreMe add def by name: HL_TM_Lesser_SentinelR
ROCKETRULES: IgnoreMe add def by name: Corpse_AEXP_CatPersian
ROCKETRULES: IgnoreMe add def by name: Corpse_HL_AM_Dryad_Corruptor
ROCKETRULES: IgnoreMe add def by name: HL_TM_SentinelR
ROCKETRULES: IgnoreMe add def by name: Corpse_AEXP_CatSiamese
ROCKETRULES: IgnoreMe add def by name: Corpse_HL_AM_Dryad_Unstable
ROCKETRULES: IgnoreMe add def by name: HL_TM_Greater_SentinelR
ROCKETRULES: IgnoreMe add def by name: Corpse_AEXP_CatSomali
ROCKETRULES: IgnoreMe add def by name: Corpse_HL_AM_Dryad_Tumorous
ROCKETRULES: IgnoreMe add def by name: HL_TM_SkeletonLichR
ROCKETRULES: IgnoreMe add def by name: Corpse_AEXP_CatSphynx
ROCKETRULES: IgnoreMe add def by name: Corpse_HL_AM_UnshackledDryad
ROCKETRULES: IgnoreMe add def by name: HL_TM_GiantSkeletonR
ROCKETRULES: IgnoreMe add def by name: Corpse_AEXP_Hyena
ROCKETRULES: IgnoreMe add def by name: Corpse_HL_BI_Queen
ROCKETRULES: IgnoreMe add def by name: HL_TM_SkeletonR
ROCKETRULES: IgnoreMe add def by name: Corpse_AEXP_DesertTortoise
ROCKETRULES: IgnoreMe add def by name: Corpse_HL_ROM_ChthonianLarva
ROCKETRULES: IgnoreMe add def by name: HL_TM_SpiritBearR
ROCKETRULES: IgnoreMe add def by name: Corpse_AEXP_Lion
ROCKETRULES: IgnoreMe add def by name: Corpse_HL_ROM_DarkYoung
ROCKETRULES: IgnoreMe add def by name: HL_TM_SpiritMongooseR
ROCKETRULES: IgnoreMe add def by name: Corpse_AEXP_GilaMonster
ROCKETRULES: IgnoreMe add def by name: Corpse_HL_Black_Dragon
ROCKETRULES: IgnoreMe add def by name: HL_TM_SpiritCrowR
ROCKETRULES: IgnoreMe add def by name: Corpse_AEXP_Beagle
ROCKETRULES: IgnoreMe add def by name: Corpse_HL_Blue_Dragon
ROCKETRULES: IgnoreMe add def by name: HL_TM_SpiritWolfR
ROCKETRULES: IgnoreMe add def by name: Corpse_AEXP_Chihuahua
ROCKETRULES: IgnoreMe add def by name: Corpse_HL_Green_Dragon
ROCKETRULES: IgnoreMe add def by name: Corpse_AEXP_Corgi
ROCKETRULES: IgnoreMe add def by name: Corpse_HL_Purple_Dragon
ROCKETRULES: IgnoreMe add def by name: Corpse_AEXP_FrenchBulldog
ROCKETRULES: IgnoreMe add def by name: Corpse_HL_Red_Dragon
ROCKETRULES: IgnoreMe add def by name: Corpse_AEXP_GermanShepherd
ROCKETRULES: IgnoreMe add def by name: Corpse_HL_White_Dragon
ROCKETRULES: IgnoreMe add def by name: Corpse_AEXP_GreatDane
ROCKETRULES: IgnoreMe add def by name: Corpse_HL_Yellow_Dragon
ROCKETRULES: IgnoreMe add def by name: Corpse_AEXP_Poodle
ROCKETRULES: IgnoreMe add def by name: Corpse_HL_DD_Drake
ROCKETRULES: IgnoreMe add def by name: Corpse_AEXP_Pug
ROCKETRULES: IgnoreMe add def by name: Corpse_HL_Gold_Dragon
ROCKETRULES: IgnoreMe add def by name: Corpse_AEXP_Rottweiler
ROCKETRULES: IgnoreMe add def by name: Corpse_HL_Silver_Dragon
ROCKETRULES: IgnoreMe add def by name: Corpse_AEXP_Shih-Tzu
ROCKETRULES: IgnoreMe add def by name: Corpse_HL_Jade_Dragon
ROCKETRULES: IgnoreMe add def by name: HL_VPE_SteelConstruct
ROCKETRULES: IgnoreMe add def by name: Corpse_AEXP_WelshTerrier
ROCKETRULES: IgnoreMe add def by name: Corpse_HL_True_Dragon
ROCKETRULES: IgnoreMe add def by name: HL_VPE_RockConstruct
ROCKETRULES: IgnoreMe add def by name: Corpse_AEXP_Camel
ROCKETRULES: IgnoreMe add def by name: Corpse_HL_Talbuk
ROCKETRULES: IgnoreMe add def by name: Corpse_AEXP_Rattlesnake
ROCKETRULES: IgnoreMe add def by name: Corpse_HL_Garry_Stitch
ROCKETRULES: IgnoreMe add def by name: Corpse_AEXP_Megascorpion
ROCKETRULES: IgnoreMe add def by name: Corpse_HL_dvd_AnimalFrayhound
ROCKETRULES: IgnoreMe add def by name: Corpse_AEXP_RedPanda
ROCKETRULES: IgnoreMe add def by name: Corpse_HL_DE_Burrower
ROCKETRULES: IgnoreMe add def by name: Corpse_AEXP_WildGoose
ROCKETRULES: IgnoreMe add def by name: Corpse_HL_DE_MikisMetalonEfialtis
ROCKETRULES: IgnoreMe add def by name: Corpse_AEXP_Beaver
ROCKETRULES: IgnoreMe add def by name: Corpse_HL_MA_Aminox
ROCKETRULES: IgnoreMe add def by name: Corpse_AEXP_Hedgehog
ROCKETRULES: IgnoreMe add def by name: Corpse_HL_MA_Capryak
ROCKETRULES: IgnoreMe add def by name: Corpse_AEXP_Jaguar
ROCKETRULES: IgnoreMe add def by name: Corpse_HL_MA_Deermoss
ROCKETRULES: IgnoreMe add def by name: Corpse_AEXP_Lemur
ROCKETRULES: IgnoreMe add def by name: Corpse_HL_MA_Direhorse
ROCKETRULES: IgnoreMe add def by name: Corpse_AEXP_Mandrill
ROCKETRULES: IgnoreMe add def by name: Corpse_HL_MA_Dunbear
ROCKETRULES: IgnoreMe add def by name: Corpse_AEXP_Tapir
ROCKETRULES: IgnoreMe add def by name: Corpse_HL_MA_Duskhorn
ROCKETRULES: IgnoreMe add def by name: Corpse_AEXP_Anaconda
ROCKETRULES: IgnoreMe add def by name: Corpse_HL_MA_Furpotamus
ROCKETRULES: IgnoreMe add def by name: Corpse_AEXP_IndianElephant
ROCKETRULES: IgnoreMe add def by name: Corpse_HL_MA_Gnaut
ROCKETRULES: IgnoreMe add def by name: Corpse_AEXP_MegaWolverine
ROCKETRULES: IgnoreMe add def by name: Corpse_HL_MA_Harpeagle
ROCKETRULES: IgnoreMe add def by name: Corpse_VCE_Megareindeer
ROCKETRULES: IgnoreMe add def by name: Corpse_HL_MA_Hellboar
ROCKETRULES: IgnoreMe add def by name: Corpse_VFEI2_Acidspitter
ROCKETRULES: IgnoreMe add def by name: Corpse_HL_MA_Manehound
ROCKETRULES: IgnoreMe add def by name: Corpse_VFEI2_Boomtick
ROCKETRULES: IgnoreMe add def by name: Corpse_HL_MA_Narkospider
ROCKETRULES: IgnoreMe add def by name: Corpse_VFEI2_Durapod
ROCKETRULES: IgnoreMe add def by name: Corpse_HL_MA_Plastemmoth
ROCKETRULES: IgnoreMe add def by name: Corpse_VFEI2_Empress
ROCKETRULES: IgnoreMe add def by name: Corpse_HL_MA_PlastemmothAlpha
ROCKETRULES: IgnoreMe add def by name: Corpse_VFEI2_Fuelmite
ROCKETRULES: IgnoreMe add def by name: Corpse_HL_MA_Raptorkhan
ROCKETRULES: IgnoreMe add def by name: Corpse_VFEI2_Gigalocust
ROCKETRULES: IgnoreMe add def by name: Corpse_HL_MA_Scarodon
ROCKETRULES: IgnoreMe add def by name: Corpse_VFEI2_Gigamite
ROCKETRULES: IgnoreMe add def by name: Corpse_HL_MA_Simbakub
ROCKETRULES: IgnoreMe add def by name: Corpse_VFEI2_Hellbeetle
ROCKETRULES: IgnoreMe add def by name: Corpse_HL_MA_SimbakubAlpha
ROCKETRULES: IgnoreMe add def by name: Corpse_VFEI2_Ironclad
ROCKETRULES: IgnoreMe add def by name: Corpse_HL_MA_Sivatherium
ROCKETRULES: IgnoreMe add def by name: Corpse_VFEI2_Macrofly
ROCKETRULES: IgnoreMe add def by name: Corpse_HL_MA_Sporemole
ROCKETRULES: IgnoreMe add def by name: Corpse_VFEI2_Megapede
ROCKETRULES: IgnoreMe add def by name: Corpse_HL_MA_Worhin
ROCKETRULES: IgnoreMe add def by name: Corpse_VFEI2_Megathrips
ROCKETRULES: IgnoreMe add def by name: Corpse_HL_Archocat
ROCKETRULES: IgnoreMe add def by name: Corpse_VFEI2_Megawasp
ROCKETRULES: IgnoreMe add def by name: Corpse_HL_Archomutt
ROCKETRULES: IgnoreMe add def by name: Corpse_VFEI2_Patriarch
ROCKETRULES: IgnoreMe add def by name: Corpse_HL_Archojerboa
ROCKETRULES: IgnoreMe add def by name: Corpse_VFEI2_Queen
ROCKETRULES: IgnoreMe add def by name: Corpse_HL_Archoffalo
ROCKETRULES: IgnoreMe add def by name: Corpse_VFEI2_RoyalMegascarab
ROCKETRULES: IgnoreMe add def by name: Corpse_HL_Archolope
ROCKETRULES: IgnoreMe add def by name: Corpse_VFEI2_RoyalMegaspider
ROCKETRULES: IgnoreMe add def by name: Corpse_HL_Archothrumbo
ROCKETRULES: IgnoreMe add def by name: Corpse_VFEI2_RoyalSpelopede
ROCKETRULES: IgnoreMe add def by name: Corpse_HL_Archotortoise
ROCKETRULES: IgnoreMe add def by name: Corpse_VFEI2_Silverfish
ROCKETRULES: IgnoreMe add def by name: Corpse_HL_Archopanda
ROCKETRULES: IgnoreMe add def by name: Corpse_VFEI2_Swarmling
ROCKETRULES: IgnoreMe add def by name: Corpse_HL_Archostrich
ROCKETRULES: IgnoreMe add def by name: Corpse_VFEI2_Tankroach
ROCKETRULES: IgnoreMe add def by name: Corpse_HL_Archospider
ROCKETRULES: IgnoreMe add def by name: Corpse_VFEI2_Teramantis
ROCKETRULES: IgnoreMe add def by name: Corpse_HL_Astromite
ROCKETRULES: IgnoreMe add def by name: Corpse_VFEI2_Titantick
ROCKETRULES: IgnoreMe add def by name: Corpse_HL_Stellapede
ROCKETRULES: IgnoreMe add def by name: Corpse_VFEI2_Venomite
ROCKETRULES: IgnoreMe add def by name: Corpse_HL_Cosmopillar
ROCKETRULES: IgnoreMe add def by name: Corpse_VGE_Astronaut
ROCKETRULES: IgnoreMe add def by name: Corpse_HL_Force_DarksideWraithRace
ROCKETRULES: IgnoreMe add def by name: Corpse_VGE_Astropede
ROCKETRULES: IgnoreMe add def by name: Corpse_HL_SithSorcery_Terentatek_Pawn
ROCKETRULES: IgnoreMe add def by name: Corpse_VGE_Hunter
ROCKETRULES: IgnoreMe add def by name: Corpse_HL_SC_Rockbull
ROCKETRULES: IgnoreMe add def by name: Corpse_VDE_AwakenedDryad_Carrier
ROCKETRULES: IgnoreMe add def by name: Corpse_HL_SC_RockbullAlbino
ROCKETRULES: IgnoreMe add def by name: Corpse_VDE_AwakenedDryad_Clawer
ROCKETRULES: IgnoreMe add def by name: Corpse_HL_SC_Creamgrub
ROCKETRULES: IgnoreMe add def by name: Corpse_VDE_AwakenedDryad_Barkskin
ROCKETRULES: IgnoreMe add def by name: Corpse_HL_SC_Insect_Moleroach
ROCKETRULES: IgnoreMe add def by name: Corpse_VDE_AwakenedDryad_Woodmaker
ROCKETRULES: IgnoreMe add def by name: Corpse_HL_SC_Insect_MoleroachBlue
ROCKETRULES: IgnoreMe add def by name: Corpse_VDE_AwakenedDryad_Medicinemaker
ROCKETRULES: IgnoreMe add def by name: Corpse_HL_AEXP_Coyote
ROCKETRULES: IgnoreMe add def by name: Corpse_VDE_AwakenedDryad_Berrymaker
ROCKETRULES: IgnoreMe add def by name: Corpse_HL_AEXP_Giraffe
ROCKETRULES: IgnoreMe add def by name: Corpse_VDE_AwakenedDryad_Stonedigger
ROCKETRULES: IgnoreMe add def by name: Corpse_HL_AEXP_Zebra
ROCKETRULES: IgnoreMe add def by name: Corpse_VDE_AwakenedDryad_Nectarmaker
ROCKETRULES: IgnoreMe add def by name: Corpse_HL_AEXP_Wildebeest
ROCKETRULES: IgnoreMe add def by name: Corpse_VDE_AwakenedDryad_Spitter
ROCKETRULES: IgnoreMe add def by name: Corpse_HL_AEXP_Crocodile
ROCKETRULES: IgnoreMe add def by name: Corpse_VDE_AwakenedDryad_Gaubricmaker
ROCKETRULES: IgnoreMe add def by name: Corpse_HL_AEXP_Cheetah
ROCKETRULES: IgnoreMe add def by name: Corpse_VDE_Dryad_Stonedigger
ROCKETRULES: IgnoreMe add def by name: Corpse_HL_AEXP_Boombat
ROCKETRULES: IgnoreMe add def by name: Corpse_VDE_Dryad_Spitter
ROCKETRULES: IgnoreMe add def by name: Corpse_HL_AEXP_Kangaroo
ROCKETRULES: IgnoreMe add def by name: Corpse_VDE_Dryad_Gaubricmaker
ROCKETRULES: IgnoreMe add def by name: Corpse_HL_AEXP_Koala
ROCKETRULES: IgnoreMe add def by name: Corpse_VDE_Dryad_Nectarmaker
ROCKETRULES: IgnoreMe add def by name: Corpse_HL_AEXP_Platypus
ROCKETRULES: IgnoreMe add def by name: Corpse_VQE_IceCrawler
ROCKETRULES: IgnoreMe add def by name: Corpse_HL_AEXP_ArcticCoyote
ROCKETRULES: IgnoreMe add def by name: Corpse_VQE_Megamidge
ROCKETRULES: IgnoreMe add def by name: Corpse_HL_AEXP_BlackBear
ROCKETRULES: IgnoreMe add def by name: Corpse_VRE_CompanionDryad
ROCKETRULES: IgnoreMe add def by name: Corpse_HL_AEXP_CatAbyssinian
ROCKETRULES: IgnoreMe add def by name: HL_PM_Chaothrumbo
ROCKETRULES: IgnoreMe add def by name: Corpse_VVE_BangBus
ROCKETRULES: IgnoreMe add def by name: Corpse_HL_AEXP_CatBengal
ROCKETRULES: IgnoreMe add def by name: Corpse_VVE_Bunsen
ROCKETRULES: IgnoreMe add def by name: Corpse_HL_AEXP_CatBritishShorthair
ROCKETRULES: IgnoreMe add def by name: Corpse_VVE_Dinghy
ROCKETRULES: IgnoreMe add def by name: Corpse_HL_AEXP_CatMaineCoon
ROCKETRULES: IgnoreMe add def by name: Corpse_VVE_Dirtbike
ROCKETRULES: IgnoreMe add def by name: Corpse_HL_AEXP_CatMunchkin
ROCKETRULES: IgnoreMe add def by name: Corpse_VVE_Frog
ROCKETRULES: IgnoreMe add def by name: Corpse_HL_AEXP_CatNorwegianForest
ROCKETRULES: IgnoreMe add def by name: Corpse_VVE_Highwayman
ROCKETRULES: IgnoreMe add def by name: Corpse_HL_AEXP_CatPersian
ROCKETRULES: IgnoreMe add def by name: Corpse_VVE_Mule
ROCKETRULES: IgnoreMe add def by name: Corpse_HL_AEXP_CatSiamese
ROCKETRULES: IgnoreMe add def by name: HL_VPER_WarriorSpirit
ROCKETRULES: IgnoreMe add def by name: Corpse_VVE_Prowler
ROCKETRULES: IgnoreMe add def by name: Corpse_HL_AEXP_CatSomali
ROCKETRULES: IgnoreMe add def by name: HL_VPE_MontrSTNL
ROCKETRULES: IgnoreMe add def by name: Corpse_VVE_Roadkill
ROCKETRULES: IgnoreMe add def by name: Corpse_HL_AEXP_CatSphynx
ROCKETRULES: IgnoreMe add def by name: Corpse_VVE_Scytheman
ROCKETRULES: IgnoreMe add def by name: Corpse_HL_AEXP_Hyena
ROCKETRULES: IgnoreMe add def by name: Corpse_VVE_Toad
ROCKETRULES: IgnoreMe add def by name: Corpse_HL_AEXP_DesertTortoise
ROCKETRULES: IgnoreMe add def by name: Corpse_VVE_Traveller
ROCKETRULES: IgnoreMe add def by name: Corpse_HL_AEXP_Lion
ROCKETRULES: IgnoreMe add def by name: Corpse_VVE_Bulldog
ROCKETRULES: IgnoreMe add def by name: Corpse_HL_AEXP_GilaMonster
ROCKETRULES: IgnoreMe add def by name: Corpse_VVE_Charley
ROCKETRULES: IgnoreMe add def by name: Corpse_HL_AEXP_Beagle
ROCKETRULES: IgnoreMe add def by name: Corpse_VVE_Mosquito
ROCKETRULES: IgnoreMe add def by name: Corpse_HL_AEXP_Chihuahua
ROCKETRULES: IgnoreMe add def by name: Corpse_VVE_Roadrunner
ROCKETRULES: IgnoreMe add def by name: Corpse_HL_AEXP_Corgi
ROCKETRULES: IgnoreMe add def by name: Corpse_VVE_Smuggler
ROCKETRULES: IgnoreMe add def by name: Corpse_HL_AEXP_FrenchBulldog
ROCKETRULES: IgnoreMe add def by name: Corpse_VVE_Snatcher
ROCKETRULES: IgnoreMe add def by name: Corpse_HL_AEXP_GermanShepherd
ROCKETRULES: IgnoreMe add def by name: Corpse_VVE_Tango
ROCKETRULES: IgnoreMe add def by name: Corpse_HL_AEXP_GreatDane
ROCKETRULES: IgnoreMe add def by name: Corpse_VVE_Trawler
ROCKETRULES: IgnoreMe add def by name: Corpse_HL_AEXP_Poodle
ROCKETRULES: IgnoreMe add def by name: Corpse_VVE_Wagon
ROCKETRULES: IgnoreMe add def by name: Corpse_HL_AEXP_Pug
ROCKETRULES: IgnoreMe add def by name: Corpse_VVE_Warbird
ROCKETRULES: IgnoreMe add def by name: Corpse_HL_AEXP_Rottweiler
ROCKETRULES: IgnoreMe add def by name: Corpse_VVE_Wisent
ROCKETRULES: IgnoreMe add def by name: Corpse_HL_AEXP_Shih-Tzu
ROCKETRULES: IgnoreMe add def by name: Corpse_TM_StoneGolem
ROCKETRULES: IgnoreMe add def by name: Corpse_HL_AEXP_WelshTerrier
ROCKETRULES: IgnoreMe add def by name: Corpse_TM_SandstoneGolem
ROCKETRULES: IgnoreMe add def by name: Corpse_HL_AEXP_Camel
ROCKETRULES: IgnoreMe add def by name: Corpse_TM_LimestoneGolem
ROCKETRULES: IgnoreMe add def by name: Corpse_HL_AEXP_Rattlesnake
ROCKETRULES: IgnoreMe add def by name: Corpse_TM_GraniteGolem
ROCKETRULES: IgnoreMe add def by name: Corpse_HL_AEXP_Megascorpion
ROCKETRULES: IgnoreMe add def by name: Corpse_TM_SlateGolem
ROCKETRULES: IgnoreMe add def by name: Corpse_HL_AEXP_RedPanda
ROCKETRULES: IgnoreMe add def by name: Corpse_TM_MarbleGolem
ROCKETRULES: IgnoreMe add def by name: Corpse_HL_AEXP_WildGoose
ROCKETRULES: IgnoreMe add def by name: Corpse_TM_MechaGolem
ROCKETRULES: IgnoreMe add def by name: Corpse_HL_AEXP_Beaver
ROCKETRULES: IgnoreMe add def by name: Corpse_TM_FleshGolem
ROCKETRULES: IgnoreMe add def by name: Corpse_HL_AEXP_Hedgehog
ROCKETRULES: IgnoreMe add def by name: Corpse_TM_HollowGolem
ROCKETRULES: IgnoreMe add def by name: Corpse_HL_AEXP_Jaguar
ROCKETRULES: IgnoreMe add def by name: Corpse_TM_MaharalGolem
ROCKETRULES: IgnoreMe add def by name: Corpse_HL_AEXP_Lemur
ROCKETRULES: IgnoreMe add def by name: Corpse_TM_StrawGolem
ROCKETRULES: IgnoreMe add def by name: Corpse_HL_AEXP_Mandrill
ROCKETRULES: IgnoreMe add def by name: Corpse_TM_WoodGolem
ROCKETRULES: IgnoreMe add def by name: Corpse_HL_AEXP_Tapir
ROCKETRULES: IgnoreMe add def by name: Corpse_TM_SilkGolem
ROCKETRULES: IgnoreMe add def by name: Corpse_HL_AEXP_Anaconda
ROCKETRULES: IgnoreMe add def by name: Corpse_TM_SpiritTD
ROCKETRULES: IgnoreMe add def by name: Corpse_HL_AEXP_IndianElephant
ROCKETRULES: IgnoreMe add def by name: Corpse_TM_DemonR
ROCKETRULES: IgnoreMe add def by name: Corpse_HL_AEXP_MegaWolverine
ROCKETRULES: IgnoreMe add def by name: Corpse_TM_LesserDemonR
ROCKETRULES: IgnoreMe add def by name: Corpse_HL_VCE_Megareindeer
ROCKETRULES: IgnoreMe add def by name: Corpse_TM_Dire_WolfR
ROCKETRULES: IgnoreMe add def by name: Corpse_HL_VFEI2_Acidspitter
ROCKETRULES: IgnoreMe add def by name: Corpse_TM_LesserEarth_ElementalR
ROCKETRULES: IgnoreMe add def by name: Corpse_HL_VFEI2_Boomtick
ROCKETRULES: IgnoreMe add def by name: Corpse_TM_Earth_ElementalR
ROCKETRULES: IgnoreMe add def by name: Corpse_HL_VFEI2_Durapod
ROCKETRULES: IgnoreMe add def by name: Corpse_TM_GreaterEarth_ElementalR
ROCKETRULES: IgnoreMe add def by name: Corpse_HL_VFEI2_Empress
ROCKETRULES: IgnoreMe add def by name: Corpse_TM_LesserFire_ElementalR
ROCKETRULES: IgnoreMe add def by name: Corpse_HL_VFEI2_Fuelmite
ROCKETRULES: IgnoreMe add def by name: Corpse_TM_Fire_ElementalR
ROCKETRULES: IgnoreMe add def by name: Corpse_HL_VFEI2_Gigalocust
ROCKETRULES: IgnoreMe add def by name: Corpse_TM_GreaterFire_ElementalR
ROCKETRULES: IgnoreMe add def by name: Corpse_HL_VFEI2_Gigamite
ROCKETRULES: IgnoreMe add def by name: Corpse_TM_LesserWater_ElementalR
ROCKETRULES: IgnoreMe add def by name: Corpse_HL_VFEI2_Hellbeetle
ROCKETRULES: IgnoreMe add def by name: Corpse_TM_Water_ElementalR
ROCKETRULES: IgnoreMe add def by name: Corpse_HL_VFEI2_Ironclad
ROCKETRULES: IgnoreMe add def by name: Corpse_TM_GreaterWater_ElementalR
ROCKETRULES: IgnoreMe add def by name: Corpse_HL_VFEI2_Macrofly
ROCKETRULES: IgnoreMe add def by name: Corpse_TM_LesserWind_ElementalR
ROCKETRULES: IgnoreMe add def by name: Corpse_HL_VFEI2_Megapede
ROCKETRULES: IgnoreMe add def by name: Corpse_TM_Wind_ElementalR
ROCKETRULES: IgnoreMe add def by name: Corpse_HL_VFEI2_Megathrips
ROCKETRULES: IgnoreMe add def by name: Corpse_TM_GreaterWind_ElementalR
ROCKETRULES: IgnoreMe add def by name: Corpse_HL_VFEI2_Megawasp
ROCKETRULES: IgnoreMe add def by name: Corpse_TM_MinionR
ROCKETRULES: IgnoreMe add def by name: Corpse_HL_VFEI2_Patriarch
ROCKETRULES: IgnoreMe add def by name: Corpse_TM_GreaterMinionR
ROCKETRULES: IgnoreMe add def by name: Corpse_HL_VFEI2_Queen
ROCKETRULES: IgnoreMe add def by name: Corpse_TM_Lesser_SentinelR
ROCKETRULES: IgnoreMe add def by name: Corpse_HL_VFEI2_RoyalMegascarab
ROCKETRULES: IgnoreMe add def by name: Corpse_TM_SentinelR
ROCKETRULES: IgnoreMe add def by name: Corpse_HL_VFEI2_RoyalMegaspider
ROCKETRULES: IgnoreMe add def by name: Corpse_TM_Greater_SentinelR
ROCKETRULES: IgnoreMe add def by name: Corpse_HL_VFEI2_RoyalSpelopede
ROCKETRULES: IgnoreMe add def by name: Corpse_TM_SkeletonLichR
ROCKETRULES: IgnoreMe add def by name: Corpse_HL_VFEI2_Silverfish
ROCKETRULES: IgnoreMe add def by name: Corpse_TM_GiantSkeletonR
ROCKETRULES: IgnoreMe add def by name: Corpse_HL_VFEI2_Swarmling
ROCKETRULES: IgnoreMe add def by name: Corpse_TM_SkeletonR
ROCKETRULES: IgnoreMe add def by name: Corpse_HL_VFEI2_Tankroach
ROCKETRULES: IgnoreMe add def by name: Corpse_TM_SpiritBearR
ROCKETRULES: IgnoreMe add def by name: Corpse_HL_VFEI2_Teramantis
ROCKETRULES: IgnoreMe add def by name: Corpse_TM_SpiritMongooseR
ROCKETRULES: IgnoreMe add def by name: Corpse_HL_VFEI2_Titantick
ROCKETRULES: IgnoreMe add def by name: Corpse_TM_SpiritCrowR
ROCKETRULES: IgnoreMe add def by name: Corpse_HL_VFEI2_Venomite
ROCKETRULES: IgnoreMe add def by name: Corpse_TM_SpiritWolfR
ROCKETRULES: IgnoreMe add def by name: Corpse_HL_VDE_AwakenedDryad_Carrier
ROCKETRULES: IgnoreMe add def by name: Corpse_TM_Poppi
ROCKETRULES: IgnoreMe add def by name: Corpse_HL_VDE_AwakenedDryad_Clawer
ROCKETRULES: IgnoreMe add def by name: Corpse_Mech_Astrorepair
ROCKETRULES: IgnoreMe add def by name: Corpse_HL_VDE_AwakenedDryad_Barkskin
ROCKETRULES: IgnoreMe add def by name: Corpse_BiomesIslands_Flamingo
ROCKETRULES: IgnoreMe add def by name: Corpse_HL_VDE_AwakenedDryad_Woodmaker
ROCKETRULES: IgnoreMe add def by name: Corpse_BMT_LandOctopus
ROCKETRULES: IgnoreMe add def by name: Corpse_HL_VDE_AwakenedDryad_Medicinemaker
ROCKETRULES: IgnoreMe add def by name: Corpse_BMT_Maxolotl
ROCKETRULES: IgnoreMe add def by name: Corpse_HL_VDE_AwakenedDryad_Berrymaker
ROCKETRULES: IgnoreMe add def by name: Corpse_BfG_Mech_Fidget
ROCKETRULES: IgnoreMe add def by name: Corpse_HL_VDE_AwakenedDryad_Stonedigger
ROCKETRULES: IgnoreMe add def by name: Corpse_BfG_Mech_Shredder
ROCKETRULES: IgnoreMe add def by name: Corpse_HL_VDE_AwakenedDryad_Nectarmaker
ROCKETRULES: IgnoreMe add def by name: Corpse_Animal_Doberman
ROCKETRULES: IgnoreMe add def by name: Corpse_HL_VDE_AwakenedDryad_Spitter
ROCKETRULES: IgnoreMe add def by name: Corpse_Mech_PfhorCompilerMajor
ROCKETRULES: IgnoreMe add def by name: Corpse_HL_VDE_AwakenedDryad_Gaubricmaker
ROCKETRULES: IgnoreMe add def by name: Corpse_Mech_PfhorCompilerMajorBOSS
ROCKETRULES: IgnoreMe add def by name: Corpse_HL_VDE_Dryad_Stonedigger
ROCKETRULES: IgnoreMe add def by name: Corpse_Mech_PfhorJuggernautMajor
ROCKETRULES: IgnoreMe add def by name: Corpse_HL_VDE_Dryad_Spitter
ROCKETRULES: IgnoreMe add def by name: Corpse_Mech_PfhorJuggernautMajorBOSS
ROCKETRULES: IgnoreMe add def by name: Corpse_HL_VDE_Dryad_Gaubricmaker
ROCKETRULES: IgnoreMe add def by name: Corpse_Mech_PfhorDrone
ROCKETRULES: IgnoreMe add def by name: Corpse_HL_VDE_Dryad_Nectarmaker
ROCKETRULES: IgnoreMe add def by name: Corpse_Mech_PfhorCompiler
ROCKETRULES: IgnoreMe add def by name: Corpse_HL_VQE_IceCrawler
ROCKETRULES: IgnoreMe add def by name: Corpse_Mech_PfhorHulk
ROCKETRULES: IgnoreMe add def by name: Corpse_HL_VQE_Megamidge
ROCKETRULES: IgnoreMe add def by name: Corpse_Mech_PfhorCyborg
ROCKETRULES: IgnoreMe add def by name: Corpse_HL_VRE_CompanionDryad
ROCKETRULES: IgnoreMe add def by name: Corpse_Mech_PfhorFigther
ROCKETRULES: IgnoreMe add def by name: Corpse_HL_TM_DemonR
ROCKETRULES: IgnoreMe add def by name: Corpse_Mech_PfhorTrooper
ROCKETRULES: IgnoreMe add def by name: Corpse_HL_TM_LesserDemonR
ROCKETRULES: IgnoreMe add def by name: Corpse_Mech_PfhorEnforcer
ROCKETRULES: IgnoreMe add def by name: Corpse_HL_TM_Dire_WolfR
ROCKETRULES: IgnoreMe add def by name: Corpse_Mech_PfhorHunter
ROCKETRULES: IgnoreMe add def by name: Corpse_HL_TM_LesserEarth_ElementalR
ROCKETRULES: IgnoreMe add def by name: Corpse_Mech_PfhorJuggernaut
ROCKETRULES: IgnoreMe add def by name: Corpse_HL_TM_Earth_ElementalR
ROCKETRULES: IgnoreMe add def by name: Corpse_Mech_Spht
ROCKETRULES: IgnoreMe add def by name: Corpse_HL_TM_GreaterEarth_ElementalR
ROCKETRULES: IgnoreMe add def by name: Corpse_Drone_DefenseDrone
ROCKETRULES: IgnoreMe add def by name: Corpse_HL_TM_LesserFire_ElementalR
ROCKETRULES: IgnoreMe add def by name: Corpse_Drone_TurretDrone
ROCKETRULES: IgnoreMe add def by name: Corpse_HL_TM_Fire_ElementalR
ROCKETRULES: IgnoreMe add def by name: Corpse_NightlingF
ROCKETRULES: IgnoreMe add def by name: Corpse_HL_TM_GreaterFire_ElementalR
ROCKETRULES: IgnoreMe add def by name: Corpse_Alien_Forsaken
ROCKETRULES: IgnoreMe add def by name: Corpse_HL_TM_LesserWater_ElementalR
ROCKETRULES: IgnoreMe add def by name: UnnaturalCorpse_Alien_Forsaken
ROCKETRULES: IgnoreMe add def by name: Corpse_HL_TM_Water_ElementalR
ROCKETRULES: IgnoreMe add def by name: Corpse_BGM_Snailfalo
ROCKETRULES: IgnoreMe add def by name: Corpse_HL_TM_GreaterWater_ElementalR
ROCKETRULES: IgnoreMe add def by name: Corpse_Stagz_Dryad_Squid
ROCKETRULES: IgnoreMe add def by name: Corpse_HL_TM_LesserWind_ElementalR
ROCKETRULES: IgnoreMe add def by name: Corpse_AIRobot_Hauler
ROCKETRULES: IgnoreMe add def by name: Corpse_HL_TM_Wind_ElementalR
ROCKETRULES: IgnoreMe add def by name: Corpse_AIRobot_Hauler_II
ROCKETRULES: IgnoreMe add def by name: Corpse_HL_TM_GreaterWind_ElementalR
ROCKETRULES: IgnoreMe add def by name: Corpse_AIRobot_Hauler_III
ROCKETRULES: IgnoreMe add def by name: Corpse_HL_TM_MinionR
ROCKETRULES: IgnoreMe add def by name: Corpse_AIRobot_Hauler_IV
ROCKETRULES: IgnoreMe add def by name: Corpse_HL_TM_GreaterMinionR
ROCKETRULES: IgnoreMe add def by name: Corpse_AIRobot_Hauler_V
ROCKETRULES: IgnoreMe add def by name: Corpse_HL_TM_Lesser_SentinelR
ROCKETRULES: IgnoreMe add def by name: Corpse_AIRobot_Cleaner
ROCKETRULES: IgnoreMe add def by name: Corpse_HL_TM_SentinelR
ROCKETRULES: IgnoreMe add def by name: Corpse_AIRobot_Cleaner_II
ROCKETRULES: IgnoreMe add def by name: Corpse_HL_TM_Greater_SentinelR
ROCKETRULES: IgnoreMe add def by name: Corpse_AIRobot_Cleaner_III
ROCKETRULES: IgnoreMe add def by name: Corpse_HL_TM_SkeletonLichR
ROCKETRULES: IgnoreMe add def by name: Corpse_AIRobot_Cleaner_IV
ROCKETRULES: IgnoreMe add def by name: Corpse_HL_TM_GiantSkeletonR
ROCKETRULES: IgnoreMe add def by name: Corpse_AIRobot_Cleaner_V
ROCKETRULES: IgnoreMe add def by name: Corpse_HL_TM_SkeletonR
ROCKETRULES: IgnoreMe add def by name: Corpse_RPP_Bot_Builder_I
ROCKETRULES: IgnoreMe add def by name: Corpse_HL_TM_SpiritBearR
ROCKETRULES: IgnoreMe add def by name: Corpse_RPP_Bot_Builder_II
ROCKETRULES: IgnoreMe add def by name: Corpse_HL_TM_SpiritMongooseR
ROCKETRULES: IgnoreMe add def by name: Corpse_RPP_Bot_Builder_III
ROCKETRULES: IgnoreMe add def by name: Corpse_HL_TM_SpiritCrowR
ROCKETRULES: IgnoreMe add def by name: Corpse_RPP_Bot_Builder_IV
ROCKETRULES: IgnoreMe add def by name: Corpse_HL_TM_SpiritWolfR
ROCKETRULES: IgnoreMe add def by name: Corpse_RPP_Bot_Builder_V
ROCKETRULES: IgnoreMe add def by name: Corpse_HL_BiomesIslands_Flamingo
ROCKETRULES: IgnoreMe add def by name: Corpse_RPP_Bot_Crafter_I
ROCKETRULES: IgnoreMe add def by name: Corpse_HL_BMT_LandOctopus
ROCKETRULES: IgnoreMe add def by name: Corpse_RPP_Bot_Crafter_II
ROCKETRULES: IgnoreMe add def by name: Corpse_HL_BMT_Maxolotl
ROCKETRULES: IgnoreMe add def by name: Corpse_RPP_Bot_Crafter_III
ROCKETRULES: IgnoreMe add def by name: Corpse_HL_Animal_Doberman
ROCKETRULES: IgnoreMe add def by name: Corpse_RPP_Bot_Crafter_IV
ROCKETRULES: IgnoreMe add def by name: Corpse_HL_NightlingF
ROCKETRULES: IgnoreMe add def by name: Corpse_RPP_Bot_Crafter_V
ROCKETRULES: IgnoreMe add def by name: Corpse_HL_BGM_Snailfalo
ROCKETRULES: IgnoreMe add def by name: Corpse_RPP_Bot_ER_I
ROCKETRULES: IgnoreMe add def by name: Corpse_HL_Stagz_Dryad_Squid
ROCKETRULES: IgnoreMe add def by name: Corpse_RPP_Bot_ER_II
ROCKETRULES: IgnoreMe add def by name: Corpse_HL_RB_Snugget
ROCKETRULES: IgnoreMe add def by name: Corpse_RPP_Bot_ER_III
ROCKETRULES: IgnoreMe add def by name: Corpse_HL_VPE_SteelConstruct
ROCKETRULES: IgnoreMe add def by name: Corpse_RPP_Bot_ER_IV
ROCKETRULES: IgnoreMe add def by name: Corpse_HL_VPE_RockConstruct
ROCKETRULES: IgnoreMe add def by name: Corpse_RPP_Bot_ER_V
ROCKETRULES: IgnoreMe add def by name: Corpse_HL_VPE_SummonedSkeleton
ROCKETRULES: IgnoreMe add def by name: Corpse_RPP_Bot_Kitchen_I
ROCKETRULES: IgnoreMe add def by name: Corpse_HL_Mashed_Ashlands_Shieldcrab
ROCKETRULES: IgnoreMe add def by name: Corpse_RPP_Bot_Kitchen_II
ROCKETRULES: IgnoreMe add def by name: Corpse_HL_Mashed_Ashlands_NetchGlowing
ROCKETRULES: IgnoreMe add def by name: Corpse_RPP_Bot_Kitchen_III
ROCKETRULES: IgnoreMe add def by name: Corpse_HL_Mashed_Ashlands_MudcrabGlowing
ROCKETRULES: IgnoreMe add def by name: Corpse_RPP_Bot_Kitchen_IV
ROCKETRULES: IgnoreMe add def by name: Corpse_HL_Mashed_Ashlands_SandcrabGlowing
ROCKETRULES: IgnoreMe add def by name: Corpse_RPP_Bot_Kitchen_V
ROCKETRULES: IgnoreMe add def by name: Corpse_HL_Mashed_Ashlands_AshHopperGlowing
ROCKETRULES: IgnoreMe add def by name: Corpse_RPP_Bot_Omni_I
ROCKETRULES: IgnoreMe add def by name: Corpse_HL_Mashed_Ashlands_NixHoundGlowing
ROCKETRULES: IgnoreMe add def by name: Corpse_RPP_Bot_Omni_II
ROCKETRULES: IgnoreMe add def by name: Corpse_HL_Mashed_Ashlands_NixOxGlowing
ROCKETRULES: IgnoreMe add def by name: Corpse_RPP_Bot_Omni_III
ROCKETRULES: IgnoreMe add def by name: Corpse_HL_Mashed_Ashlands_NixSteedGlowing
ROCKETRULES: IgnoreMe add def by name: Corpse_RPP_Bot_Omni_IV
ROCKETRULES: IgnoreMe add def by name: Corpse_HL_Mashed_Ashlands_ShalkGlowing
ROCKETRULES: IgnoreMe add def by name: Corpse_RPP_Bot_Omni_V
ROCKETRULES: IgnoreMe add def by name: Corpse_HL_Mashed_Ashlands_Toxbug
ROCKETRULES: IgnoreMe add def by name: Corpse_NAT_BileSerpent
ROCKETRULES: IgnoreMe add def by name: Corpse_HL_Mashed_Ashlands_RachnoidGlowing
ROCKETRULES: IgnoreMe add def by name: Corpse_NAT_Collector
ROCKETRULES: IgnoreMe add def by name: Corpse_HL_Mashed_Ashlands_AshHopper
ROCKETRULES: IgnoreMe add def by name: Corpse_PMP_FactionLogisticMech
ROCKETRULES: IgnoreMe add def by name: Corpse_HL_Mashed_Ashlands_BantamGuar
ROCKETRULES: IgnoreMe add def by name: Corpse_PMP_PersonaMechanoid
ROCKETRULES: IgnoreMe add def by name: Corpse_HL_Mashed_Ashlands_SwampJelly
ROCKETRULES: IgnoreMe add def by name: UnnaturalCorpse_PMP_PersonaMechanoid
ROCKETRULES: IgnoreMe add def by name: Corpse_HL_Mashed_Ashlands_Mudcrab
ROCKETRULES: IgnoreMe add def by name: Corpse_PMP_PersonaMechTemplate
ROCKETRULES: IgnoreMe add def by name: Corpse_HL_Mashed_Ashlands_SandcrabBlue
ROCKETRULES: IgnoreMe add def by name: Corpse_Mechanent
ROCKETRULES: IgnoreMe add def by name: Corpse_HL_Mashed_Ashlands_SandcrabOrange
ROCKETRULES: IgnoreMe add def by name: Corpse_Personae_
ROCKETRULES: IgnoreMe add def by name: Corpse_HL_Mashed_Ashlands_Daedroth
ROCKETRULES: IgnoreMe add def by name: Corpse_RB_Snugget
ROCKETRULES: IgnoreMe add def by name: Corpse_HL_Mashed_Ashlands_Ogrim
ROCKETRULES: IgnoreMe add def by name: Corpse_VPE_SteelConstruct
ROCKETRULES: IgnoreMe add def by name: Corpse_HL_Mashed_Ashlands_Smolgrim
ROCKETRULES: IgnoreMe add def by name: Corpse_VPE_RockConstruct
ROCKETRULES: IgnoreMe add def by name: Corpse_HL_Mashed_Ashlands_Scamp
ROCKETRULES: IgnoreMe add def by name: Corpse_VPE_SummonedSkeleton
ROCKETRULES: IgnoreMe add def by name: Corpse_HL_Mashed_Ashlands_Durzog
ROCKETRULES: IgnoreMe add def by name: Corpse_AM_Apoptosis
ROCKETRULES: IgnoreMe add def by name: Corpse_HL_Mashed_Ashlands_Guar
ROCKETRULES: IgnoreMe add def by name: Corpse_AM_Mech_Bellicor
ROCKETRULES: IgnoreMe add def by name: Corpse_HL_Mashed_Ashlands_Kagouti
ROCKETRULES: IgnoreMe add def by name: Corpse_AM_Mech_Artilleron
ROCKETRULES: IgnoreMe add def by name: Corpse_HL_Mashed_Ashlands_KwamaForager
ROCKETRULES: IgnoreMe add def by name: Corpse_AM_Blitzkrieg
ROCKETRULES: IgnoreMe add def by name: Corpse_HL_Mashed_Ashlands_KwamaScrib
ROCKETRULES: IgnoreMe add def by name: Corpse_AM_Mech_Guttersnipe
ROCKETRULES: IgnoreMe add def by name: Corpse_HL_Mashed_Ashlands_KwamaWorker
ROCKETRULES: IgnoreMe add def by name: Corpse_AM_Infernus
ROCKETRULES: IgnoreMe add def by name: Corpse_HL_Mashed_Ashlands_Netch
ROCKETRULES: IgnoreMe add def by name: Corpse_AM_Mech_Legate
ROCKETRULES: IgnoreMe add def by name: Corpse_HL_Mashed_Ashlands_NetchRetching
ROCKETRULES: IgnoreMe add def by name: Corpse_AM_Mech_Lux
ROCKETRULES: IgnoreMe add def by name: Corpse_HL_Mashed_Ashlands_NixHound
ROCKETRULES: IgnoreMe add def by name: Corpse_AM_Mech_MasterChef
ROCKETRULES: IgnoreMe add def by name: Corpse_HL_Mashed_Ashlands_NixOx
ROCKETRULES: IgnoreMe add def by name: Corpse_AM_Mech_Munifex
ROCKETRULES: IgnoreMe add def by name: Corpse_HL_Mashed_Ashlands_NixSteed
ROCKETRULES: IgnoreMe add def by name: Corpse_AM_Mech_Optio
ROCKETRULES: IgnoreMe add def by name: Corpse_HL_Mashed_Ashlands_Pyrantula
ROCKETRULES: IgnoreMe add def by name: Corpse_AM_Mech_Polychoron
ROCKETRULES: IgnoreMe add def by name: Corpse_HL_Mashed_Ashlands_Rachnoid
ROCKETRULES: IgnoreMe add def by name: Corpse_AM_Mech_PristineAssembler
ROCKETRULES: IgnoreMe add def by name: Corpse_HL_Mashed_Ashlands_Alit
ROCKETRULES: IgnoreMe add def by name: Corpse_AM_Mech_PristineSlurrypede
ROCKETRULES: IgnoreMe add def by name: Corpse_HL_Mashed_Ashlands_CliffRacer
ROCKETRULES: IgnoreMe add def by name: Corpse_AM_PristineStrider
ROCKETRULES: IgnoreMe add def by name: Corpse_HL_Mashed_Ashlands_Rotumbo
ROCKETRULES: IgnoreMe add def by name: Corpse_AM_Mech_Sagittarius
ROCKETRULES: IgnoreMe add def by name: Corpse_HL_Mashed_Ashlands_Scuttler
ROCKETRULES: IgnoreMe add def by name: Corpse_AM_Siegemelter
ROCKETRULES: IgnoreMe add def by name: Corpse_HL_Mashed_Ashlands_Wormmouth
ROCKETRULES: IgnoreMe add def by name: Corpse_AM_Starfire
ROCKETRULES: IgnoreMe add def by name: Corpse_HL_Mashed_Ashlands_Shalk
ROCKETRULES: IgnoreMe add def by name: Corpse_AM_Mech_TurboCleaner
ROCKETRULES: IgnoreMe add def by name: Corpse_HL_Mashed_Ashlands_ShalkFungal
ROCKETRULES: IgnoreMe add def by name: Corpse_AM_WarEmpress
ROCKETRULES: IgnoreMe add def by name: Corpse_HL_Mashed_Ashlands_Firebug
ROCKETRULES: IgnoreMe add def by name: Corpse_AM_Aura
ROCKETRULES: IgnoreMe add def by name: Corpse_HL_Mashed_Ashlands_Thunderbug
ROCKETRULES: IgnoreMe add def by name: Corpse_AM_Daggersnout
ROCKETRULES: IgnoreMe add def by name: Corpse_HL_Mashed_Ashlands_SiltStrider
ROCKETRULES: IgnoreMe add def by name: Corpse_AM_Demolisher
ROCKETRULES: IgnoreMe add def by name: Corpse_HL_Mashed_Ashlands_Vvardvark
ROCKETRULES: IgnoreMe add def by name: Corpse_AM_Fireworm
ROCKETRULES: IgnoreMe add def by name: Corpse_HL_Mashed_Ashlands_VvardvarkMossy
ROCKETRULES: IgnoreMe add def by name: Corpse_AM_Goliath
ROCKETRULES: IgnoreMe add def by name: Corpse_HL_EtherHellhound
ROCKETRULES: IgnoreMe add def by name: Corpse_AM_Phalanx
ROCKETRULES: IgnoreMe add def by name: Corpse_HL_Chaoboar
ROCKETRULES: IgnoreMe add def by name: Corpse_AM_Siegebreaker
ROCKETRULES: IgnoreMe add def by name: Corpse_HL_Chaoboom
ROCKETRULES: IgnoreMe add def by name: Corpse_Mashed_Ashlands_Shieldcrab
ROCKETRULES: IgnoreMe add def by name: Corpse_HL_Chaocow
ROCKETRULES: IgnoreMe add def by name: Corpse_Mashed_Ashlands_NetchGlowing
ROCKETRULES: IgnoreMe add def by name: Corpse_HL_Chaodino
ROCKETRULES: IgnoreMe add def by name: Corpse_Mashed_Ashlands_MudcrabGlowing
ROCKETRULES: IgnoreMe add def by name: Corpse_HL_Chaofox
ROCKETRULES: IgnoreMe add def by name: Corpse_Mashed_Ashlands_SandcrabGlowing
ROCKETRULES: IgnoreMe add def by name: Corpse_HL_ChaofusionRhino
ROCKETRULES: IgnoreMe add def by name: Corpse_Mashed_Ashlands_AshHopperGlowing
ROCKETRULES: IgnoreMe add def by name: Corpse_HL_ChaomeldCow
ROCKETRULES: IgnoreMe add def by name: Corpse_Mashed_Ashlands_NixHoundGlowing
ROCKETRULES: IgnoreMe add def by name: Corpse_HL_ChaomeldDog
ROCKETRULES: IgnoreMe add def by name: Corpse_Mashed_Ashlands_NixOxGlowing
ROCKETRULES: IgnoreMe add def by name: Corpse_HL_ChaomeldDragon
ROCKETRULES: IgnoreMe add def by name: Corpse_Mashed_Ashlands_NixSteedGlowing
ROCKETRULES: IgnoreMe add def by name: Corpse_HL_PM_Chaothrumbo
ROCKETRULES: IgnoreMe add def by name: HL_AA_ChameleonYak
ROCKETRULES: IgnoreMe add def by name: Corpse_Mashed_Ashlands_ShalkGlowing
ROCKETRULES: IgnoreMe add def by name: Corpse_HL_RG_Hemolope
ROCKETRULES: IgnoreMe add def by name: Corpse_Mashed_Ashlands_Toxbug
ROCKETRULES: IgnoreMe add def by name: Corpse_HL_RG_Rabbit
ROCKETRULES: IgnoreMe add def by name: Corpse_Mashed_Ashlands_RachnoidGlowing
ROCKETRULES: IgnoreMe add def by name: Corpse_HL_RG_WoollyStegosaurus
ROCKETRULES: IgnoreMe add def by name: Corpse_Mashed_Ashlands_AshHopper
ROCKETRULES: IgnoreMe add def by name: Corpse_HL_RG_Neutrolope
ROCKETRULES: IgnoreMe add def by name: HL_AA_CrescendoAnole
ROCKETRULES: IgnoreMe add def by name: Corpse_Mashed_Ashlands_BantamGuar
ROCKETRULES: IgnoreMe add def by name: Corpse_HL_RG_Rimclaw
ROCKETRULES: IgnoreMe add def by name: Corpse_Mashed_Ashlands_SwampJelly
ROCKETRULES: IgnoreMe add def by name: Corpse_HL_RG_KiwiBird
ROCKETRULES: IgnoreMe add def by name: Corpse_Mashed_Ashlands_Mudcrab
ROCKETRULES: IgnoreMe add def by name: Corpse_HL_VPER_WarriorSpirit
ROCKETRULES: IgnoreMe add def by name: Corpse_Mashed_Ashlands_SandcrabBlue
ROCKETRULES: IgnoreMe add def by name: Corpse_HL_BMT_BarbedPangolin
ROCKETRULES: IgnoreMe add def by name: Corpse_Mashed_Ashlands_SandcrabOrange
ROCKETRULES: IgnoreMe add def by name: Corpse_HL_BMT_BiliousVarog
ROCKETRULES: IgnoreMe add def by name: Corpse_Mashed_Ashlands_Daedroth
ROCKETRULES: IgnoreMe add def by name: Corpse_HL_BMT_BloodletterPetrel
ROCKETRULES: IgnoreMe add def by name: Corpse_Mashed_Ashlands_Ogrim
ROCKETRULES: IgnoreMe add def by name: Corpse_HL_BMT_BunkerBug
ROCKETRULES: IgnoreMe add def by name: Corpse_Mashed_Ashlands_Smolgrim
ROCKETRULES: IgnoreMe add def by name: Corpse_HL_BMT_CarrionVulture
ROCKETRULES: IgnoreMe add def by name: Corpse_Mashed_Ashlands_Scamp
ROCKETRULES: IgnoreMe add def by name: Corpse_HL_BMT_FamineLocust
ROCKETRULES: IgnoreMe add def by name: Corpse_Mashed_Ashlands_Durzog
ROCKETRULES: IgnoreMe add def by name: Corpse_HL_BMT_FenridStoat
ROCKETRULES: IgnoreMe add def by name: Corpse_Mashed_Ashlands_Guar
ROCKETRULES: IgnoreMe add def by name: Corpse_HL_BMT_Polluwog
ROCKETRULES: IgnoreMe add def by name: Corpse_Mashed_Ashlands_Kagouti
ROCKETRULES: IgnoreMe add def by name: Corpse_HL_BMT_GastroToad
ROCKETRULES: IgnoreMe add def by name: Corpse_Mashed_Ashlands_KwamaForager
ROCKETRULES: IgnoreMe add def by name: Corpse_HL_BMT_Glowtail
ROCKETRULES: IgnoreMe add def by name: Corpse_Mashed_Ashlands_KwamaScrib
ROCKETRULES: IgnoreMe add def by name: Corpse_HL_BMT_Maligoat
ROCKETRULES: IgnoreMe add def by name: Corpse_Mashed_Ashlands_KwamaWorker
ROCKETRULES: IgnoreMe add def by name: Corpse_HL_BMT_Creature_Mantrap
ROCKETRULES: IgnoreMe add def by name: Corpse_Mashed_Ashlands_Netch
ROCKETRULES: IgnoreMe add def by name: Corpse_HL_BMT_Megakrill
ROCKETRULES: IgnoreMe add def by name: Corpse_Mashed_Ashlands_NetchRetching
ROCKETRULES: IgnoreMe add def by name: Corpse_HL_BMT_MegaphoridLarva
ROCKETRULES: IgnoreMe add def by name: Corpse_Mashed_Ashlands_NixHound
ROCKETRULES: IgnoreMe add def by name: Corpse_HL_BMT_Megaphorid
ROCKETRULES: IgnoreMe add def by name: Corpse_Mashed_Ashlands_NixOx
ROCKETRULES: IgnoreMe add def by name: Corpse_HL_BMT_Megaroach
ROCKETRULES: IgnoreMe add def by name: Corpse_Mashed_Ashlands_NixSteed
ROCKETRULES: IgnoreMe add def by name: Corpse_HL_BMT_MucklurkerCatfish
ROCKETRULES: IgnoreMe add def by name: Corpse_Mashed_Ashlands_Pyrantula
ROCKETRULES: IgnoreMe add def by name: Corpse_HL_BMT_MutagenicNorphea
ROCKETRULES: IgnoreMe add def by name: Corpse_Mashed_Ashlands_Rachnoid
ROCKETRULES: IgnoreMe add def by name: Corpse_HL_BMT_MutatingTumorfishSpawn
ROCKETRULES: IgnoreMe add def by name: Corpse_Mashed_Ashlands_Alit
ROCKETRULES: IgnoreMe add def by name: Corpse_HL_BMT_MutatingTumorfishFry
ROCKETRULES: IgnoreMe add def by name: Corpse_Mashed_Ashlands_CliffRacer
ROCKETRULES: IgnoreMe add def by name: Corpse_HL_BMT_MutatingTumorfishAdult
ROCKETRULES: IgnoreMe add def by name: Corpse_Mashed_Ashlands_Rotumbo
ROCKETRULES: IgnoreMe add def by name: Corpse_HL_BMT_PustuleHornet
ROCKETRULES: IgnoreMe add def by name: Corpse_Mashed_Ashlands_Scuttler
ROCKETRULES: IgnoreMe add def by name: Corpse_HL_BMT_PustuleHornetSpawned
ROCKETRULES: IgnoreMe add def by name: Corpse_Mashed_Ashlands_Wormmouth
ROCKETRULES: IgnoreMe add def by name: Corpse_HL_BMT_ColonyPustuleHornet
ROCKETRULES: IgnoreMe add def by name: Corpse_Mashed_Ashlands_Shalk
ROCKETRULES: IgnoreMe add def by name: Corpse_HL_BMT_PustuleHornetQueen
ROCKETRULES: IgnoreMe add def by name: Corpse_Mashed_Ashlands_ShalkFungal
ROCKETRULES: IgnoreMe add def by name: Corpse_HL_BMT_ColonyPustuleHornetQueen
ROCKETRULES: IgnoreMe add def by name: Corpse_Mashed_Ashlands_Firebug
ROCKETRULES: IgnoreMe add def by name: Corpse_HL_BMT_Sacapillar
ROCKETRULES: IgnoreMe add def by name: Corpse_Mashed_Ashlands_Thunderbug
ROCKETRULES: IgnoreMe add def by name: Corpse_HL_BMT_Screecher
ROCKETRULES: IgnoreMe add def by name: Corpse_Mashed_Ashlands_SiltStrider
ROCKETRULES: IgnoreMe add def by name: Corpse_HL_BMT_SludgeCrawler
ROCKETRULES: IgnoreMe add def by name: Corpse_Mashed_Ashlands_Vvardvark
ROCKETRULES: IgnoreMe add def by name: Corpse_HL_BMT_SmogMothLarvae
ROCKETRULES: IgnoreMe add def by name: Corpse_Mashed_Ashlands_VvardvarkMossy
ROCKETRULES: IgnoreMe add def by name: Corpse_HL_BMT_SmogPupa
ROCKETRULES: IgnoreMe add def by name: Corpse_EtherHellhound
ROCKETRULES: IgnoreMe add def by name: Corpse_HL_BMT_SmogMoth
ROCKETRULES: IgnoreMe add def by name: Corpse_Chaoboar
ROCKETRULES: IgnoreMe add def by name: Corpse_HL_BMT_Swarmcaller
ROCKETRULES: IgnoreMe add def by name: Corpse_Chaoboom
ROCKETRULES: IgnoreMe add def by name: Corpse_HL_BMT_TaintedTurtle
ROCKETRULES: IgnoreMe add def by name: Corpse_Chaocow
ROCKETRULES: IgnoreMe add def by name: Corpse_HL_BMT_ToxSheep
ROCKETRULES: IgnoreMe add def by name: Corpse_Chaodino
ROCKETRULES: IgnoreMe add def by name: Corpse_HL_BMT_TripleSnapper
ROCKETRULES: IgnoreMe add def by name: Corpse_Chaofox
ROCKETRULES: IgnoreMe add def by name: Corpse_HL_BMT_Varmot
ROCKETRULES: IgnoreMe add def by name: Corpse_ChaofusionRhino
ROCKETRULES: IgnoreMe add def by name: Corpse_HL_BMT_WasteHound
ROCKETRULES: IgnoreMe add def by name: Corpse_ChaomeldCow
ROCKETRULES: IgnoreMe add def by name: Corpse_HL_DankPyon_Alp
ROCKETRULES: IgnoreMe add def by name: Corpse_ChaomeldDog
ROCKETRULES: IgnoreMe add def by name: Corpse_HL_DankPyon_Hampshire
ROCKETRULES: IgnoreMe add def by name: Corpse_ChaomeldDragon
ROCKETRULES: IgnoreMe add def by name: Corpse_HL_DankPyon_Gloucestershire
ROCKETRULES: IgnoreMe add def by name: Corpse_PM_Chaothrumbo
ROCKETRULES: IgnoreMe add def by name: Corpse_HL_DankPyon_NorthernBoar
ROCKETRULES: IgnoreMe add def by name: Corpse_SnakeMorph
ROCKETRULES: IgnoreMe add def by name: Corpse_HL_DankPyon_Ravelder
ROCKETRULES: IgnoreMe add def by name: UnnaturalCorpse_SnakeMorph
ROCKETRULES: IgnoreMe add def by name: Corpse_HL_DankPyon_Angus
ROCKETRULES: IgnoreMe add def by name: Corpse_RG_Hemolope
ROCKETRULES: IgnoreMe add def by name: Corpse_HL_DankPyon_Daer
ROCKETRULES: IgnoreMe add def by name: Corpse_RG_Rabbit
ROCKETRULES: IgnoreMe add def by name: Corpse_HL_DankPyon_DireBoar
ROCKETRULES: IgnoreMe add def by name: Corpse_RG_WoollyStegosaurus
ROCKETRULES: IgnoreMe add def by name: Corpse_HL_DankPyon_Direwolf
ROCKETRULES: IgnoreMe add def by name: HL_AA_MatureFleshbeast
ROCKETRULES: IgnoreMe add def by name: Corpse_RG_Neutrolope
ROCKETRULES: IgnoreMe add def by name: Corpse_HL_DankPyon_Ghoul_Stage_One
ROCKETRULES: IgnoreMe add def by name: Corpse_RG_Rimclaw
ROCKETRULES: IgnoreMe add def by name: Corpse_HL_DankPyon_Ghoul_Stage_Two
ROCKETRULES: IgnoreMe add def by name: Corpse_RG_KiwiBird
ROCKETRULES: IgnoreMe add def by name: Corpse_HL_DankPyon_Ghoul_Stage_Three
ROCKETRULES: IgnoreMe add def by name: Corpse_VPER_WarriorSpirit
ROCKETRULES: IgnoreMe add def by name: Corpse_HL_DankPyon_Griffon
ROCKETRULES: IgnoreMe add def by name: Corpse_VPE_ChimeraS
ROCKETRULES: IgnoreMe add def by name: Corpse_HL_DankPyon_Hyena
ROCKETRULES: IgnoreMe add def by name: Corpse_BMT_BarbedPangolin
ROCKETRULES: IgnoreMe add def by name: Corpse_HL_DankPyon_Deathstinger
ROCKETRULES: IgnoreMe add def by name: Corpse_BMT_BiliousVarog
ROCKETRULES: IgnoreMe add def by name: Corpse_HL_DankPyon_Rox
ROCKETRULES: IgnoreMe add def by name: Corpse_BMT_BloodletterPetrel
ROCKETRULES: IgnoreMe add def by name: Corpse_HL_DankPyon_LargeCobraForest
ROCKETRULES: IgnoreMe add def by name: Corpse_BMT_BunkerBug
ROCKETRULES: IgnoreMe add def by name: Corpse_HL_DankPyon_LargeCobraCave
ROCKETRULES: IgnoreMe add def by name: Corpse_BMT_CarrionVulture
ROCKETRULES: IgnoreMe add def by name: Corpse_HL_DankPyon_GiantConstrictorForest
ROCKETRULES: IgnoreMe add def by name: Corpse_BMT_FamineLocust
ROCKETRULES: IgnoreMe add def by name: Corpse_HL_DankPyon_GiantConstrictorCave
ROCKETRULES: IgnoreMe add def by name: Corpse_BMT_FenridStoat
ROCKETRULES: IgnoreMe add def by name: Corpse_HL_DankPyon_LindwurmForest
ROCKETRULES: IgnoreMe add def by name: Corpse_BMT_Polluwog
ROCKETRULES: IgnoreMe add def by name: Corpse_HL_DankPyon_LindwurmCave
ROCKETRULES: IgnoreMe add def by name: Corpse_BMT_GastroToad
ROCKETRULES: IgnoreMe add def by name: Corpse_HL_DankPyon_AncientTroll
ROCKETRULES: IgnoreMe add def by name: Corpse_BMT_Glowtail
ROCKETRULES: IgnoreMe add def by name: Corpse_HL_DankPyon_Unhold
ROCKETRULES: IgnoreMe add def by name: Corpse_BMT_Maligoat
ROCKETRULES: IgnoreMe add def by name: Corpse_HL_DankPyon_UnholdSnow
ROCKETRULES: IgnoreMe add def by name: Corpse_BMT_Creature_Mantrap
ROCKETRULES: IgnoreMe add def by name: Corpse_HL_DankPyon_Webknecht
ROCKETRULES: IgnoreMe add def by name: Corpse_BMT_Megakrill
ROCKETRULES: IgnoreMe add def by name: Corpse_HL_OuterRim_Gizka
ROCKETRULES: IgnoreMe add def by name: Corpse_BMT_MegaphoridLarva
ROCKETRULES: IgnoreMe add def by name: Corpse_HL_Outland_FockattBlack
ROCKETRULES: IgnoreMe add def by name: Corpse_BMT_Megaphorid
ROCKETRULES: IgnoreMe add def by name: Corpse_HL_Outland_FockattBlue
ROCKETRULES: IgnoreMe add def by name: Corpse_BMT_Megaroach
ROCKETRULES: IgnoreMe add def by name: Corpse_HL_Outland_FockattBrown
ROCKETRULES: IgnoreMe add def by name: Corpse_BMT_MucklurkerCatfish
ROCKETRULES: IgnoreMe add def by name: Corpse_HL_Outland_FockattGrey
ROCKETRULES: IgnoreMe add def by name: Corpse_BMT_MutagenicNorphea
ROCKETRULES: IgnoreMe add def by name: Corpse_HL_Outland_FockattPolar
ROCKETRULES: IgnoreMe add def by name: Corpse_BMT_MutatingTumorfishSpawn
ROCKETRULES: IgnoreMe add def by name: Corpse_HL_SWPotF_RaceDef_ysalamir
ROCKETRULES: IgnoreMe add def by name: Corpse_BMT_MutatingTumorfishFry
ROCKETRULES: IgnoreMe add def by name: Corpse_HL_XMT_FetalHorror
ROCKETRULES: IgnoreMe add def by name: Corpse_BMT_MutatingTumorfishAdult
ROCKETRULES: IgnoreMe add def by name: Corpse_HL_XMT_AbominableMaw
ROCKETRULES: IgnoreMe add def by name: Corpse_BMT_PustuleHornet
ROCKETRULES: IgnoreMe add def by name: Corpse_HL_XMT_BeautifulHarmonizer
ROCKETRULES: IgnoreMe add def by name: Corpse_BMT_PustuleHornetSpawned
ROCKETRULES: IgnoreMe add def by name: Corpse_HL_XMT_Fleshtoad
ROCKETRULES: IgnoreMe add def by name: Corpse_BMT_ColonyPustuleHornet
ROCKETRULES: IgnoreMe add def by name: Corpse_HL_XMT_Fleshspawn
ROCKETRULES: IgnoreMe add def by name: Corpse_BMT_PustuleHornetQueen
ROCKETRULES: IgnoreMe add def by name: Corpse_HL_XMT_MedicineToad
ROCKETRULES: IgnoreMe add def by name: Corpse_BMT_ColonyPustuleHornetQueen
ROCKETRULES: IgnoreMe add def by name: Corpse_HL_XMT_Smotherer
ROCKETRULES: IgnoreMe add def by name: Corpse_BMT_Sacapillar
ROCKETRULES: IgnoreMe add def by name: Corpse_HL_XMT_Exterminator
ROCKETRULES: IgnoreMe add def by name: Corpse_BMT_Screecher
ROCKETRULES: IgnoreMe add def by name: Corpse_HL_XMT_Howler
ROCKETRULES: IgnoreMe add def by name: Corpse_BMT_SludgeCrawler
ROCKETRULES: IgnoreMe add def by name: Corpse_HL_XMT_Hivehound
ROCKETRULES: IgnoreMe add def by name: Corpse_BMT_SmogMothLarvae
ROCKETRULES: IgnoreMe add def by name: Corpse_HL_XMT_Barnacle
ROCKETRULES: IgnoreMe add def by name: Corpse_BMT_SmogPupa
ROCKETRULES: IgnoreMe add def by name: Corpse_HL_XMT_Ovocloner
ROCKETRULES: IgnoreMe add def by name: Corpse_BMT_SmogMoth
ROCKETRULES: IgnoreMe add def by name: Corpse_HL_XMT_Cloning_Egg
ROCKETRULES: IgnoreMe add def by name: Corpse_BMT_Swarmcaller
ROCKETRULES: IgnoreMe add def by name: Corpse_HL_XMT_FleshTick
ROCKETRULES: IgnoreMe add def by name: Corpse_BMT_TaintedTurtle
ROCKETRULES: IgnoreMe add def by name: Corpse_HL_XMT_Petrolspore
ROCKETRULES: IgnoreMe add def by name: Corpse_BMT_ToxSheep
ROCKETRULES: IgnoreMe add def by name: Corpse_HL_XMT_Slumberbeast
ROCKETRULES: IgnoreMe add def by name: Corpse_BMT_TripleSnapper
ROCKETRULES: IgnoreMe add def by name: Corpse_HL_XMT_Jagerbar
ROCKETRULES: IgnoreMe add def by name: Corpse_BMT_Varmot
ROCKETRULES: IgnoreMe add def by name: Corpse_HL_XMT_Plaguerat
ROCKETRULES: IgnoreMe add def by name: Corpse_BMT_WasteHound
ROCKETRULES: IgnoreMe add def by name: Corpse_HL_XMT_Jellyrat
ROCKETRULES: IgnoreMe add def by name: Corpse_NCL_MechWorm
ROCKETRULES: IgnoreMe add def by name: Corpse_HL_XMT_Umbilical
ROCKETRULES: IgnoreMe add def by name: Corpse_NCL_Mech_Dinergate
ROCKETRULES: IgnoreMe add def by name: Corpse_HL_XMT_Sleipnir
ROCKETRULES: IgnoreMe add def by name: Corpse_NCL_Mech_DinergateSniper
ROCKETRULES: IgnoreMe add def by name: Corpse_HL_XMT_StrangleMoss
ROCKETRULES: IgnoreMe add def by name: Corpse_NCL_Mech_Ironbark
ROCKETRULES: IgnoreMe add def by name: Corpse_HL_XMT_Threadbeast
ROCKETRULES: IgnoreMe add def by name: Corpse_NCL_Mech_Mantis
ROCKETRULES: IgnoreMe add def by name: Corpse_HL_XMT_Hammerpede
ROCKETRULES: IgnoreMe add def by name: Corpse_NCL_Mech_PillBug
ROCKETRULES: IgnoreMe add def by name: Corpse_HL_XMT_AcidAphid
ROCKETRULES: IgnoreMe add def by name: Corpse_NCL_Mech_Scorpion
ROCKETRULES: IgnoreMe add def by name: Corpse_HL_XMT_Larva
ROCKETRULES: IgnoreMe add def by name: Corpse_NCL_Mech_Scutiger
ROCKETRULES: IgnoreMe add def by name: Corpse_HL_XMT_Droplet
ROCKETRULES: IgnoreMe add def by name: Corpse_TW_Mech_Birgus
ROCKETRULES: IgnoreMe add def by name: Corpse_HL_XMT_Starbeast_Pod
ROCKETRULES: IgnoreMe add def by name: Corpse_TW_Mech_Capitalistic_Militor
ROCKETRULES: IgnoreMe add def by name: Corpse_HL_XMT_Humanoid_Pod
ROCKETRULES: IgnoreMe add def by name: Corpse_TW_University_Minitor
ROCKETRULES: IgnoreMe add def by name: Corpse_HL_XMT_Advanced_Humanoid_Pod
ROCKETRULES: IgnoreMe add def by name: Corpse_TW_Gestapo_Minitor
ROCKETRULES: IgnoreMe add def by name: Corpse_HL_XMT_Thrumbo_Pod
ROCKETRULES: IgnoreMe add def by name: Corpse_TW_Mech_Doxa
ROCKETRULES: IgnoreMe add def by name: Corpse_HL_XMT_Advanced_Thrumbo_Pod
ROCKETRULES: IgnoreMe add def by name: Corpse_TW_Mech_Shellsplitter_Spider
ROCKETRULES: IgnoreMe add def by name: Corpse_HL_XMT_Reptile_Pod
ROCKETRULES: IgnoreMe add def by name: Corpse_Mech_CentipedeMissile
ROCKETRULES: IgnoreMe add def by name: Corpse_HL_XMT_Advanced_Reptile_Pod
ROCKETRULES: IgnoreMe add def by name: Corpse_TW_MechPenguin
ROCKETRULES: IgnoreMe add def by name: Corpse_HL_XMT_Feline_Pod
ROCKETRULES: IgnoreMe add def by name: Corpse_TW_Mech_MechTeslaCentipede
ROCKETRULES: IgnoreMe add def by name: Corpse_HL_XMT_Advanced_Feline_Pod
ROCKETRULES: IgnoreMe add def by name: Corpse_TW_Mech_Paratrooper
ROCKETRULES: IgnoreMe add def by name: Corpse_HL_XMT_Canine_Pod
ROCKETRULES: IgnoreMe add def by name: Corpse_TW_Mech_Praetor
ROCKETRULES: IgnoreMe add def by name: Corpse_HL_XMT_Advanced_Canine_Pod
ROCKETRULES: IgnoreMe add def by name: Corpse_TW_Mech_Psycasts_Militor
ROCKETRULES: IgnoreMe add def by name: Corpse_HL_XMT_Avian_Pod
ROCKETRULES: IgnoreMe add def by name: Corpse_TW_Mech_Psycasts_Militor_Ally
ROCKETRULES: IgnoreMe add def by name: Corpse_HL_XMT_Advanced_Avian_Pod
ROCKETRULES: IgnoreMe add def by name: Corpse_TW_Mech_Shell_Fortification
ROCKETRULES: IgnoreMe add def by name: Corpse_HL_XMT_Booma_Pod
ROCKETRULES: IgnoreMe add def by name: Corpse_TW_Mech_Shell_Fortification_ShellBreakFormed
ROCKETRULES: IgnoreMe add def by name: Corpse_HL_XMT_Advanced_Booma_Pod
ROCKETRULES: IgnoreMe add def by name: Corpse_TW_Mech_Shell_Fortification_Reforged
ROCKETRULES: IgnoreMe add def by name: Corpse_HL_XMT_Ursine_Pod
ROCKETRULES: IgnoreMe add def by name: Corpse_NCL_Dinergate_Drone
ROCKETRULES: IgnoreMe add def by name: Corpse_HL_XMT_Advanced_Ursine_Pod
ROCKETRULES: IgnoreMe add def by name: Corpse_NCL_Scutiger_Drone
ROCKETRULES: IgnoreMe add def by name: Corpse_HL_XMT_Rodent_Pod
ROCKETRULES: IgnoreMe add def by name: Corpse_DankPyon_Alp
ROCKETRULES: IgnoreMe add def by name: Corpse_HL_XMT_Advanced_Rodent_Pod
ROCKETRULES: IgnoreMe add def by name: Corpse_DankPyon_Hampshire
ROCKETRULES: IgnoreMe add def by name: Corpse_HL_XMT_Advanced_Equine_Pod
ROCKETRULES: IgnoreMe add def by name: Corpse_DankPyon_Gloucestershire
ROCKETRULES: IgnoreMe add def by name: Corpse_HL_XMT_Equine_Pod
ROCKETRULES: IgnoreMe add def by name: Corpse_DankPyon_NorthernBoar
ROCKETRULES: IgnoreMe add def by name: Corpse_HL_XMT_Bovine_Pod
ROCKETRULES: IgnoreMe add def by name: Corpse_DankPyon_Ravelder
ROCKETRULES: IgnoreMe add def by name: Corpse_HL_XMT_Advanced_Bovine_Pod
ROCKETRULES: IgnoreMe add def by name: Corpse_DankPyon_Angus
ROCKETRULES: IgnoreMe add def by name: Corpse_HL_XMT_Insect_Pod
ROCKETRULES: IgnoreMe add def by name: Corpse_DankPyon_Daer
ROCKETRULES: IgnoreMe add def by name: Corpse_HL_XMT_Advanced_Insect_Pod
ROCKETRULES: IgnoreMe add def by name: Corpse_DankPyon_DireBoar
ROCKETRULES: IgnoreMe add def by name: Corpse_HL_VFEI2_BlackEmpress
ROCKETRULES: IgnoreMe add def by name: Corpse_DankPyon_Direwolf
ROCKETRULES: IgnoreMe add def by name: Corpse_HL_VFEI2_BlackQueen
ROCKETRULES: IgnoreMe add def by name: Corpse_DankPyon_Ghoul_Stage_One
ROCKETRULES: IgnoreMe add def by name: Corpse_HL_VFEI2_BlackSwarmling
ROCKETRULES: IgnoreMe add def by name: Corpse_DankPyon_Ghoul_Stage_Two
ROCKETRULES: IgnoreMe add def by name: Corpse_HL_AA_BlackScarab_Temporary
ROCKETRULES: IgnoreMe add def by name: Corpse_DankPyon_Ghoul_Stage_Three
ROCKETRULES: IgnoreMe add def by name: Corpse_HL_AA_BlackSpelopede_Temporary
ROCKETRULES: IgnoreMe add def by name: Corpse_DankPyon_Golem_Iron
ROCKETRULES: IgnoreMe add def by name: Corpse_HL_AA_BlackSpider_Temporary
ROCKETRULES: IgnoreMe add def by name: Corpse_DankPyon_Golem_Gold
ROCKETRULES: IgnoreMe add def by name: Corpse_HL_AA_MammothWorm_Temporary
ROCKETRULES: IgnoreMe add def by name: Corpse_DankPyon_Golem_Steel
ROCKETRULES: IgnoreMe add def by name: Corpse_HL_AA_BlackLarvae
ROCKETRULES: IgnoreMe add def by name: Corpse_DankPyon_Golem_Silver
ROCKETRULES: IgnoreMe add def by name: Corpse_HL_AAVPE_BlackQueen
ROCKETRULES: IgnoreMe add def by name: Corpse_DankPyon_Griffon
ROCKETRULES: IgnoreMe add def by name: Corpse_HL_AA_OcularOriginator
ROCKETRULES: IgnoreMe add def by name: Corpse_DankPyon_Hyena
ROCKETRULES: IgnoreMe add def by name: Corpse_HL_AA_Summoned_Eyeling
ROCKETRULES: IgnoreMe add def by name: Corpse_DankPyon_Deathstinger
ROCKETRULES: IgnoreMe add def by name: Corpse_HL_AA_AcanthamoebaGiganteaSmall
ROCKETRULES: IgnoreMe add def by name: Corpse_DankPyon_RusticMimic
ROCKETRULES: IgnoreMe add def by name: Corpse_HL_AA_AcanthamoebaGiganteaLarge
ROCKETRULES: IgnoreMe add def by name: Corpse_DankPyon_RoyalMimic
ROCKETRULES: IgnoreMe add def by name: Corpse_HL_AA_AcanthamoebaGiganteaHuge
ROCKETRULES: IgnoreMe add def by name: Corpse_DankPyon_Rox
ROCKETRULES: IgnoreMe add def by name: Corpse_HL_AA_Aerofleet
ROCKETRULES: IgnoreMe add def by name: Corpse_DankPyon_Schrat
ROCKETRULES: IgnoreMe add def by name: Corpse_HL_AA_ColossalAerofleet
ROCKETRULES: IgnoreMe add def by name: Corpse_DankPyon_Schrat_Sapling
ROCKETRULES: IgnoreMe add def by name: Corpse_HL_AA_Agaripawn
ROCKETRULES: IgnoreMe add def by name: Corpse_DankPyon_LargeCobraForest
ROCKETRULES: IgnoreMe add def by name: Corpse_HL_AA_Agaripod
ROCKETRULES: IgnoreMe add def by name: Corpse_DankPyon_LargeCobraCave
ROCKETRULES: IgnoreMe add def by name: Corpse_HL_AA_AngelMothLarva
ROCKETRULES: IgnoreMe add def by name: Corpse_DankPyon_GiantConstrictorForest
ROCKETRULES: IgnoreMe add def by name: Corpse_HL_AA_AngelMoth
ROCKETRULES: IgnoreMe add def by name: Corpse_DankPyon_GiantConstrictorCave
ROCKETRULES: IgnoreMe add def by name: Corpse_HL_AA_AnimaColossus
ROCKETRULES: IgnoreMe add def by name: Corpse_DankPyon_LindwurmForest
ROCKETRULES: IgnoreMe add def by name: Corpse_HL_AA_Animalisk
ROCKETRULES: IgnoreMe add def by name: Corpse_DankPyon_LindwurmCave
ROCKETRULES: IgnoreMe add def by name: Corpse_HL_AA_AnimusVox
ROCKETRULES: IgnoreMe add def by name: Corpse_DankPyon_AncientTroll
ROCKETRULES: IgnoreMe add def by name: Corpse_HL_AA_ArcticLion
ROCKETRULES: IgnoreMe add def by name: Corpse_DankPyon_Unhold
ROCKETRULES: IgnoreMe add def by name: Corpse_HL_AA_LarvalAtispec
ROCKETRULES: IgnoreMe add def by name: Corpse_DankPyon_UnholdSnow
ROCKETRULES: IgnoreMe add def by name: Corpse_HL_AA_Atispec
ROCKETRULES: IgnoreMe add def by name: Corpse_DankPyon_Webknecht
ROCKETRULES: IgnoreMe add def by name: Corpse_HL_AA_AuroraSylph
ROCKETRULES: IgnoreMe add def by name: Corpse_OuterRim_Gizka
ROCKETRULES: IgnoreMe add def by name: Corpse_HL_AA_Barbslinger
ROCKETRULES: IgnoreMe add def by name: Corpse_Outland_FockattBlack
ROCKETRULES: IgnoreMe add def by name: Corpse_HL_AA_BedBug
ROCKETRULES: IgnoreMe add def by name: Corpse_Outland_FockattBlue
ROCKETRULES: IgnoreMe add def by name: Corpse_HL_AA_Behemoth
ROCKETRULES: IgnoreMe add def by name: Corpse_Outland_FockattBrown
ROCKETRULES: IgnoreMe add def by name: Corpse_HL_AA_BlackScarab
ROCKETRULES: IgnoreMe add def by name: Corpse_Outland_FockattGrey
ROCKETRULES: IgnoreMe add def by name: Corpse_HL_AA_BlackSpelopede
ROCKETRULES: IgnoreMe add def by name: Corpse_Outland_FockattPolar
ROCKETRULES: IgnoreMe add def by name: Corpse_HL_AA_BlackSpider
ROCKETRULES: IgnoreMe add def by name: Corpse_SWPotF_RaceDef_ysalamir
ROCKETRULES: IgnoreMe add def by name: Corpse_HL_AA_Blizzarisk
ROCKETRULES: IgnoreMe add def by name: Corpse_XMT_FetalHorror
ROCKETRULES: IgnoreMe add def by name: Corpse_HL_AA_BlizzariskClutchMother
ROCKETRULES: IgnoreMe add def by name: Corpse_XMT_AbominableMaw
ROCKETRULES: IgnoreMe add def by name: Corpse_HL_AA_BloodShrimp
ROCKETRULES: IgnoreMe add def by name: Corpse_XMT_BeautifulHarmonizer
ROCKETRULES: IgnoreMe add def by name: Corpse_HL_AA_Bobeene
ROCKETRULES: IgnoreMe add def by name: Corpse_XMT_Fleshtoad
ROCKETRULES: IgnoreMe add def by name: Corpse_HL_AA_BoulderMit
ROCKETRULES: IgnoreMe add def by name: Corpse_XMT_Fleshspawn
ROCKETRULES: IgnoreMe add def by name: Corpse_HL_AA_SummitCrab
ROCKETRULES: IgnoreMe add def by name: Corpse_XMT_MedicineToad
ROCKETRULES: IgnoreMe add def by name: Corpse_HL_AA_Bumbledrone
ROCKETRULES: IgnoreMe add def by name: Corpse_XMT_Smotherer
ROCKETRULES: IgnoreMe add def by name: Corpse_HL_AA_BumbledroneHierophant
ROCKETRULES: IgnoreMe add def by name: Corpse_XMT_Exterminator
ROCKETRULES: IgnoreMe add def by name: Corpse_HL_AA_BumbledroneQueen
ROCKETRULES: IgnoreMe add def by name: Corpse_XMT_Howler
ROCKETRULES: IgnoreMe add def by name: Corpse_HL_AA_Cactipine
ROCKETRULES: IgnoreMe add def by name: Corpse_XMT_Hivehound
ROCKETRULES: IgnoreMe add def by name: Corpse_HL_AA_ChameleonYak
ROCKETRULES: IgnoreMe add def by name: Corpse_XMT_Barnacle
ROCKETRULES: IgnoreMe add def by name: Corpse_HL_AA_ChemfuelMyrmidon
ROCKETRULES: IgnoreMe add def by name: Corpse_XMT_Ovocloner
ROCKETRULES: IgnoreMe add def by name: Corpse_HL_AA_Cinderlisk
ROCKETRULES: IgnoreMe add def by name: Corpse_XMT_Cloning_Egg
ROCKETRULES: IgnoreMe add def by name: Corpse_HL_AA_CrepuscularBeetle
ROCKETRULES: IgnoreMe add def by name: Corpse_XMT_FleshTick
ROCKETRULES: IgnoreMe add def by name: Corpse_HL_AA_CrescendoAnole
ROCKETRULES: IgnoreMe add def by name: Corpse_XMT_Petrolspore
ROCKETRULES: IgnoreMe add def by name: Corpse_HL_AA_CrystallineCaracal
ROCKETRULES: IgnoreMe add def by name: Corpse_XMT_Slumberbeast
ROCKETRULES: IgnoreMe add def by name: Corpse_HL_AA_CrystalMit
ROCKETRULES: IgnoreMe add def by name: Corpse_XMT_Jagerbar
ROCKETRULES: IgnoreMe add def by name: Corpse_HL_AA_Darkbeast
ROCKETRULES: IgnoreMe add def by name: Corpse_XMT_Plaguerat
ROCKETRULES: IgnoreMe add def by name: Corpse_HL_AA_DarkVandal
ROCKETRULES: IgnoreMe add def by name: Corpse_XMT_Jellyrat
ROCKETRULES: IgnoreMe add def by name: Corpse_HL_AA_DecayDrake
ROCKETRULES: IgnoreMe add def by name: Corpse_XMT_Umbilical
ROCKETRULES: IgnoreMe add def by name: Corpse_HL_AA_DesertAve
ROCKETRULES: IgnoreMe add def by name: Corpse_XMT_Sleipnir
ROCKETRULES: IgnoreMe add def by name: Corpse_HL_AA_DevilSheep
ROCKETRULES: IgnoreMe add def by name: Corpse_XMT_StrangleMoss
ROCKETRULES: IgnoreMe add def by name: Corpse_HL_AA_DrainerLarva
ROCKETRULES: IgnoreMe add def by name: Corpse_XMT_Threadbeast
ROCKETRULES: IgnoreMe add def by name: Corpse_HL_AA_Drainer
ROCKETRULES: IgnoreMe add def by name: Corpse_XMT_Hammerpede
ROCKETRULES: IgnoreMe add def by name: Corpse_HL_AA_Dunealisk
ROCKETRULES: IgnoreMe add def by name: Corpse_XMT_AcidAphid
ROCKETRULES: IgnoreMe add def by name: Corpse_HL_AA_DunealiskClutchMother
ROCKETRULES: IgnoreMe add def by name: Corpse_XMT_Larva
ROCKETRULES: IgnoreMe add def by name: Corpse_HL_AA_DuskProwler
ROCKETRULES: IgnoreMe add def by name: Corpse_XMT_Droplet
ROCKETRULES: IgnoreMe add def by name: Corpse_HL_AA_DuskRat
ROCKETRULES: IgnoreMe add def by name: Corpse_XMT_Starbeast_AlienRace
ROCKETRULES: IgnoreMe add def by name: Corpse_HL_AA_EmpressButterflyLarva
ROCKETRULES: IgnoreMe add def by name: UnnaturalCorpse_XMT_Starbeast_AlienRace
ROCKETRULES: IgnoreMe add def by name: Corpse_HL_AA_EmpressButterfly
ROCKETRULES: IgnoreMe add def by name: Corpse_XMT_Royal_AlienRace
ROCKETRULES: IgnoreMe add def by name: Corpse_HL_AA_EngorgedTentacularAberration
ROCKETRULES: IgnoreMe add def by name: UnnaturalCorpse_XMT_Royal_AlienRace
ROCKETRULES: IgnoreMe add def by name: Corpse_HL_AA_Erin
ROCKETRULES: IgnoreMe add def by name: Corpse_XMT_Hybrid_AlienRace
ROCKETRULES: IgnoreMe add def by name: Corpse_HL_AA_Eyeling
ROCKETRULES: IgnoreMe add def by name: UnnaturalCorpse_XMT_Hybrid_AlienRace
ROCKETRULES: IgnoreMe add def by name: Corpse_HL_AA_Feralisk
ROCKETRULES: IgnoreMe add def by name: Corpse_XMT_Subverter
ROCKETRULES: IgnoreMe add def by name: Corpse_HL_AA_FeraliskClutchMother
ROCKETRULES: IgnoreMe add def by name: Corpse_XMT_Starbeast_Pod
ROCKETRULES: IgnoreMe add def by name: Corpse_HL_AA_FireWasp
ROCKETRULES: IgnoreMe add def by name: Corpse_XMT_Humanoid_Pod
ROCKETRULES: IgnoreMe add def by name: Corpse_HL_AA_FissionMouse
ROCKETRULES: IgnoreMe add def by name: Corpse_XMT_Advanced_Humanoid_Pod
ROCKETRULES: IgnoreMe add def by name: Corpse_HL_AA_FissionMouseSecond
ROCKETRULES: IgnoreMe add def by name: Corpse_XMT_Thrumbo_Pod
ROCKETRULES: IgnoreMe add def by name: Corpse_HL_AA_FissionMouseThird
ROCKETRULES: IgnoreMe add def by name: Corpse_XMT_Advanced_Thrumbo_Pod
ROCKETRULES: IgnoreMe add def by name: Corpse_HL_AA_FlamingoPhoenix
ROCKETRULES: IgnoreMe add def by name: Corpse_XMT_Reptile_Pod
ROCKETRULES: IgnoreMe add def by name: Corpse_HL_AA_FrostAve
ROCKETRULES: IgnoreMe add def by name: Corpse_XMT_Advanced_Reptile_Pod
ROCKETRULES: IgnoreMe add def by name: Corpse_HL_AA_FrostboundBehemoth
ROCKETRULES: IgnoreMe add def by name: Corpse_XMT_Feline_Pod
ROCKETRULES: IgnoreMe add def by name: Corpse_HL_AA_Frostling
ROCKETRULES: IgnoreMe add def by name: Corpse_XMT_Advanced_Feline_Pod
ROCKETRULES: IgnoreMe add def by name: Corpse_HL_AA_FrostLynx
ROCKETRULES: IgnoreMe add def by name: Corpse_XMT_Canine_Pod
ROCKETRULES: IgnoreMe add def by name: Corpse_HL_AA_Frostmite
ROCKETRULES: IgnoreMe add def by name: Corpse_XMT_Advanced_Canine_Pod
ROCKETRULES: IgnoreMe add def by name: Corpse_HL_AA_FungalHusk
ROCKETRULES: IgnoreMe add def by name: Corpse_XMT_Avian_Pod
ROCKETRULES: IgnoreMe add def by name: Corpse_HL_AA_Gallatross
ROCKETRULES: IgnoreMe add def by name: Corpse_XMT_Advanced_Avian_Pod
ROCKETRULES: IgnoreMe add def by name: Corpse_HL_AA_GallatrossMoribund
ROCKETRULES: IgnoreMe add def by name: Corpse_XMT_Booma_Pod
ROCKETRULES: IgnoreMe add def by name: Corpse_HL_AA_Genix
ROCKETRULES: IgnoreMe add def by name: Corpse_XMT_Advanced_Booma_Pod
ROCKETRULES: IgnoreMe add def by name: Corpse_HL_AA_GiantCrownedSilkie
ROCKETRULES: IgnoreMe add def by name: Corpse_XMT_Ursine_Pod
ROCKETRULES: IgnoreMe add def by name: Corpse_HL_AA_Gigantelope
ROCKETRULES: IgnoreMe add def by name: Corpse_XMT_Advanced_Ursine_Pod
ROCKETRULES: IgnoreMe add def by name: Corpse_HL_AA_GreatDevourer
ROCKETRULES: IgnoreMe add def by name: Corpse_XMT_Rodent_Pod
ROCKETRULES: IgnoreMe add def by name: Corpse_HL_AA_GreenGoo
ROCKETRULES: IgnoreMe add def by name: Corpse_XMT_Advanced_Rodent_Pod
ROCKETRULES: IgnoreMe add def by name: Corpse_HL_AA_GreyCoatedMouflon
ROCKETRULES: IgnoreMe add def by name: Corpse_XMT_Equine_Pod
ROCKETRULES: IgnoreMe add def by name: Corpse_HL_AA_Groundrunner
ROCKETRULES: IgnoreMe add def by name: Corpse_XMT_Advanced_Equine_Pod
ROCKETRULES: IgnoreMe add def by name: Corpse_HL_AA_Helixien
ROCKETRULES: IgnoreMe add def by name: Corpse_XMT_Bovine_Pod
ROCKETRULES: IgnoreMe add def by name: Corpse_HL_AA_InfectedAerofleet
ROCKETRULES: IgnoreMe add def by name: Corpse_XMT_Advanced_Bovine_Pod
ROCKETRULES: IgnoreMe add def by name: Corpse_HL_AA_IronhuskBeetle
ROCKETRULES: IgnoreMe add def by name: Corpse_XMT_Insect_Pod
ROCKETRULES: IgnoreMe add def by name: Corpse_HL_AA_Junglelisk
ROCKETRULES: IgnoreMe add def by name: Corpse_XMT_Advanced_Insect_Pod
ROCKETRULES: IgnoreMe add def by name: Corpse_HL_AA_Lockjaw
ROCKETRULES: IgnoreMe add def by name: Corpse_VFEI2_BlackEmpress
ROCKETRULES: IgnoreMe add def by name: Corpse_HL_AA_Locusts
ROCKETRULES: IgnoreMe add def by name: Corpse_VFEI2_BlackQueen
ROCKETRULES: IgnoreMe add def by name: Corpse_HL_AA_LuciferBug
ROCKETRULES: IgnoreMe add def by name: Corpse_VFEI2_BlackSwarmling
ROCKETRULES: IgnoreMe add def by name: Corpse_HL_AA_MammothWorm
ROCKETRULES: IgnoreMe add def by name: Corpse_AA_BlackScarab_Temporary
ROCKETRULES: IgnoreMe add def by name: Corpse_HL_AA_Mantrap
ROCKETRULES: IgnoreMe add def by name: Corpse_AA_BlackSpelopede_Temporary
ROCKETRULES: IgnoreMe add def by name: Corpse_HL_AA_MatureFleshbeast
ROCKETRULES: IgnoreMe add def by name: Corpse_AA_BlackSpider_Temporary
ROCKETRULES: IgnoreMe add def by name: Corpse_HL_AA_MeadowAve
ROCKETRULES: IgnoreMe add def by name: Corpse_AA_MammothWorm_Temporary
ROCKETRULES: IgnoreMe add def by name: Corpse_HL_AA_MegaLouse
ROCKETRULES: IgnoreMe add def by name: Corpse_AA_BlackLarvae
ROCKETRULES: IgnoreMe add def by name: Corpse_HL_AA_Metallovore
ROCKETRULES: IgnoreMe add def by name: Corpse_AAVPE_BlackQueen
ROCKETRULES: IgnoreMe add def by name: Corpse_HL_AA_Mime
ROCKETRULES: IgnoreMe add def by name: Corpse_AA_OcularOriginator
ROCKETRULES: IgnoreMe add def by name: Corpse_HL_AA_Murkling
ROCKETRULES: IgnoreMe add def by name: Corpse_AA_Summoned_Eyeling
ROCKETRULES: IgnoreMe add def by name: Corpse_HL_AA_MycoidColossus
ROCKETRULES: IgnoreMe add def by name: Corpse_AA_AcanthamoebaGiganteaSmall
ROCKETRULES: IgnoreMe add def by name: Corpse_HL_AA_Needlepost
ROCKETRULES: IgnoreMe add def by name: Corpse_AA_AcanthamoebaGiganteaLarge
ROCKETRULES: IgnoreMe add def by name: Corpse_HL_AA_Needleroll
ROCKETRULES: IgnoreMe add def by name: Corpse_HL_AA_NightMule
ROCKETRULES: IgnoreMe add def by name: Corpse_HL_AA_NightAve
ROCKETRULES: IgnoreMe add def by name: Corpse_HL_AA_Nightling
ROCKETRULES: IgnoreMe add def by name: Corpse_HL_AA_NightRam
ROCKETRULES: IgnoreMe add def by name: Corpse_HL_AA_OcularJelly
ROCKETRULES: IgnoreMe add def by name: Corpse_HL_AA_OcularNightling
ROCKETRULES: IgnoreMe add def by name: Corpse_HL_AA_OvergrownColossus
ROCKETRULES: IgnoreMe add def by name: Corpse_HL_AA_PebbleMit
ROCKETRULES: IgnoreMe add def by name: Corpse_HL_AA_PedigreedRaptor
ROCKETRULES: IgnoreMe add def by name: Corpse_HL_AA_PhoenixOwlcat
ROCKETRULES: IgnoreMe add def by name: Corpse_HL_AA_Plasmorph
ROCKETRULES: IgnoreMe add def by name: Corpse_HL_AA_Radyak
ROCKETRULES: IgnoreMe add def by name: Corpse_HL_AA_RaptorShrimp
ROCKETRULES: IgnoreMe add def by name: Corpse_HL_AA_Ravager
ROCKETRULES: IgnoreMe add def by name: Corpse_HL_AA_RayHound
ROCKETRULES: IgnoreMe add def by name: Corpse_HL_AA_Razorjack
ROCKETRULES: IgnoreMe add def by name: Corpse_HL_AA_RedGoo
ROCKETRULES: IgnoreMe add def by name: Corpse_HL_AA_RedSpore
ROCKETRULES: IgnoreMe add def by name: Corpse_HL_AA_RipperHound
ROCKETRULES: IgnoreMe add def by name: Corpse_HL_AA_RoughPlatedMonitor
ROCKETRULES: IgnoreMe add def by name: Corpse_HL_AA_RoyalAve
ROCKETRULES: IgnoreMe add def by name: Corpse_HL_AA_SandLion
ROCKETRULES: IgnoreMe add def by name: Corpse_HL_AA_SandProwler
ROCKETRULES: IgnoreMe add def by name: Corpse_HL_AA_SandSquid
ROCKETRULES: IgnoreMe add def by name: Corpse_HL_AA_ShadowCharger
ROCKETRULES: IgnoreMe add def by name: Corpse_HL_AA_ShockGoat
ROCKETRULES: IgnoreMe add def by name: Corpse_HL_AA_Skiphound
ROCKETRULES: IgnoreMe add def by name: Corpse_HL_AA_Skyeel
ROCKETRULES: IgnoreMe add def by name: Corpse_HL_AA_Slurrypede
ROCKETRULES: IgnoreMe add def by name: Corpse_HL_AA_SmallButterfly
ROCKETRULES: IgnoreMe add def by name: Corpse_HL_AA_SpinedGow
ROCKETRULES: IgnoreMe add def by name: Corpse_HL_AA_Swarmling
ROCKETRULES: IgnoreMe add def by name: Corpse_HL_AA_TarGuzzler
ROCKETRULES: IgnoreMe add def by name: Corpse_HL_AA_TeratogenicOriginator
ROCKETRULES: IgnoreMe add def by name: Corpse_HL_AA_Terramorph
ROCKETRULES: IgnoreMe add def by name: Corpse_HL_AA_TetraSlug
ROCKETRULES: IgnoreMe add def by name: Corpse_HL_AA_Thermadon
ROCKETRULES: IgnoreMe add def by name: Corpse_HL_AA_Thunderbeast
ROCKETRULES: IgnoreMe add def by name: Corpse_HL_AA_Thunderox
ROCKETRULES: IgnoreMe add def by name: Corpse_HL_AA_UnblinkingEye
ROCKETRULES: IgnoreMe add def by name: Corpse_HL_AA_Wildpawn
ROCKETRULES: IgnoreMe add def by name: Corpse_HL_AA_Wildpod
ROCKETRULES: IgnoreMe add def by name: Corpse_HL_AA_WindBeast
ROCKETRULES: IgnoreMe add def by name: Corpse_HL_BMT_AaroxisDendoriaLarvae
ROCKETRULES: IgnoreMe add def by name: Corpse_HL_BMT_AaroxisDendoriaPupa
ROCKETRULES: IgnoreMe add def by name: Corpse_HL_BMT_AaroxisDendoria
ROCKETRULES: IgnoreMe add def by name: Corpse_HL_BMT_AcidSlug
ROCKETRULES: IgnoreMe add def by name: Corpse_HL_BMT_Basilisk
ROCKETRULES: IgnoreMe add def by name: Corpse_HL_BMT_Batbird
ROCKETRULES: IgnoreMe add def by name: Corpse_HL_BMT_BeardedYak
ROCKETRULES: IgnoreMe add def by name: Corpse_HL_BMT_BloodropLarvae
ROCKETRULES: IgnoreMe add def by name: Corpse_HL_BMT_BloodropPupa
ROCKETRULES: IgnoreMe add def by name: Corpse_HL_BMT_BloodropMoth
ROCKETRULES: IgnoreMe add def by name: Corpse_HL_BMT_BovineBeetleLarvae
ROCKETRULES: IgnoreMe add def by name: Corpse_HL_BMT_BovineBeetlePupa
ROCKETRULES: IgnoreMe add def by name: Corpse_HL_BMT_BovineBeetle
ROCKETRULES: IgnoreMe add def by name: Corpse_HL_BMT_BrownBat
ROCKETRULES: IgnoreMe add def by name: Corpse_HL_BMT_CactusCrab
ROCKETRULES: IgnoreMe add def by name: Corpse_HL_BMT_CaveCricket
ROCKETRULES: IgnoreMe add def by name: Corpse_HL_BMT_CaveLemming
ROCKETRULES: IgnoreMe add def by name: Corpse_HL_BMT_CaveSpider
ROCKETRULES: IgnoreMe add def by name: Corpse_HL_BMT_ChemSnail
ROCKETRULES: IgnoreMe add def by name: Corpse_HL_BMT_CrestedDragon
ROCKETRULES: IgnoreMe add def by name: Corpse_HL_BMT_CrystalBeetleLarvae
ROCKETRULES: IgnoreMe add def by name: Corpse_HL_BMT_CrystalBeetlePupa
ROCKETRULES: IgnoreMe add def by name: Corpse_HL_BMT_CrystalBeetle
ROCKETRULES: IgnoreMe add def by name: Corpse_HL_BMT_CrystalCrab
ROCKETRULES: IgnoreMe add def by name: Corpse_HL_BMT_CrystalFairyMole
ROCKETRULES: IgnoreMe add def by name: Corpse_HL_BMT_CrystalMantis
ROCKETRULES: IgnoreMe add def by name: Corpse_HL_BMT_Crystalope
ROCKETRULES: IgnoreMe add def by name: Corpse_HL_BMT_DarkAxolotl
ROCKETRULES: IgnoreMe add def by name: Corpse_HL_BMT_Diggerpede
ROCKETRULES: IgnoreMe add def by name: Corpse_HL_BMT_FacetMothLarvae
ROCKETRULES: IgnoreMe add def by name: Corpse_HL_BMT_FacetMothPupa
ROCKETRULES: IgnoreMe add def by name: Corpse_HL_BMT_FacetMoth
ROCKETRULES: IgnoreMe add def by name: Corpse_HL_BMT_FireSalamander
ROCKETRULES: IgnoreMe add def by name: Corpse_HL_BMT_FleeceSpider
ROCKETRULES: IgnoreMe add def by name: Corpse_HL_BMT_FoundryBeetleLarvae
ROCKETRULES: IgnoreMe add def by name: Corpse_HL_BMT_FoundryBeetlePupa
ROCKETRULES: IgnoreMe add def by name: Corpse_HL_BMT_FoundryBeetle
ROCKETRULES: IgnoreMe add def by name: Corpse_HL_BMT_FreezerFrog
ROCKETRULES: IgnoreMe add def by name: Corpse_HL_BMT_FrostweaverSpider
ROCKETRULES: IgnoreMe add def by name: Corpse_HL_BMT_FungalFerret
ROCKETRULES: IgnoreMe add def by name: Corpse_HL_BMT_FungalMantis
ROCKETRULES: IgnoreMe add def by name: Corpse_HL_BMT_FungalWeevil
ROCKETRULES: IgnoreMe add def by name: Corpse_HL_BMT_Gembug
ROCKETRULES: IgnoreMe add def by name: Corpse_HL_BMT_GiantSlug
ROCKETRULES: IgnoreMe add def by name: Corpse_HL_BMT_GiantSnail
ROCKETRULES: IgnoreMe add def by name: Corpse_HL_BMT_GlarralPenguin
ROCKETRULES: IgnoreMe add def by name: Corpse_HL_BMT_GlowBat
ROCKETRULES: IgnoreMe add def by name: Corpse_HL_BMT_GlowSlug
ROCKETRULES: IgnoreMe add def by name: Corpse_HL_BMT_GoetoTadpole
ROCKETRULES: IgnoreMe add def by name: Corpse_HL_BMT_GoetoToad
ROCKETRULES: IgnoreMe add def by name: Corpse_HL_BMT_HoarfrostMastodon
ROCKETRULES: IgnoreMe add def by name: Corpse_HL_BMT_HungeringHydra
ROCKETRULES: IgnoreMe add def by name: Corpse_HL_BMT_ImperialToad
ROCKETRULES: IgnoreMe add def by name: Corpse_HL_BMT_Jellypot
ROCKETRULES: IgnoreMe add def by name: Corpse_HL_BMT_JewelBeetleLarvae
ROCKETRULES: IgnoreMe add def by name: Corpse_HL_BMT_JewelBeetlePupa
ROCKETRULES: IgnoreMe add def by name: Corpse_HL_BMT_JewelBeetle
ROCKETRULES: IgnoreMe add def by name: Corpse_HL_BMT_MaceDrake
ROCKETRULES: IgnoreMe add def by name: Corpse_HL_BMT_Maguana
ROCKETRULES: IgnoreMe add def by name: Corpse_HL_BMT_Megabat
ROCKETRULES: IgnoreMe add def by name: Corpse_HL_BMT_Megapleura
ROCKETRULES: IgnoreMe add def by name: Corpse_HL_BMT_MetalloSnail
ROCKETRULES: IgnoreMe add def by name: Corpse_HL_BMT_Mole
ROCKETRULES: IgnoreMe add def by name: Corpse_HL_BMT_Molebear
ROCKETRULES: IgnoreMe add def by name: Corpse_HL_BMT_MossBeetleLarvae
ROCKETRULES: IgnoreMe add def by name: Corpse_HL_BMT_MossBeetlePupa
ROCKETRULES: IgnoreMe add def by name: Corpse_HL_BMT_MossBeetle
ROCKETRULES: IgnoreMe add def by name: Corpse_HL_BMT_MossyFennec
ROCKETRULES: IgnoreMe add def by name: Corpse_HL_BMT_Pillbug
ROCKETRULES: IgnoreMe add def by name: Corpse_HL_BMT_PodWorm
ROCKETRULES: IgnoreMe add def by name: Corpse_HL_BMT_Rimebeak
ROCKETRULES: IgnoreMe add def by name: Corpse_HL_BMT_RoyalRhinoLarvae
ROCKETRULES: IgnoreMe add def by name: Corpse_HL_BMT_RoyalRhinoPupa
ROCKETRULES: IgnoreMe add def by name: Corpse_HL_BMT_RoyalRhino
ROCKETRULES: IgnoreMe add def by name: Corpse_HL_BMT_SandLeaper
ROCKETRULES: IgnoreMe add def by name: Corpse_HL_BMT_SandPillar
ROCKETRULES: IgnoreMe add def by name: Corpse_HL_BMT_ShatterjawBeetleLarvae
ROCKETRULES: IgnoreMe add def by name: Corpse_HL_BMT_ShatterjawBeetlePupa
ROCKETRULES: IgnoreMe add def by name: Corpse_HL_BMT_ShatterjawBeetle
ROCKETRULES: IgnoreMe add def by name: Corpse_HL_BMT_ShimmershellSnail
ROCKETRULES: IgnoreMe add def by name: Corpse_HL_BMT_SilverSheep
ROCKETRULES: IgnoreMe add def by name: Corpse_HL_BMT_SmolderstingScorpion
ROCKETRULES: IgnoreMe add def by name: Corpse_HL_BMT_Snowstalker
ROCKETRULES: IgnoreMe add def by name: Corpse_HL_BMT_SonarRabbit
ROCKETRULES: IgnoreMe add def by name: Corpse_HL_BMT_Stoneback
ROCKETRULES: IgnoreMe add def by name: Corpse_HL_BMT_Thrumbungus
ROCKETRULES: IgnoreMe add def by name: Corpse_HL_BMT_TruffleMole
ROCKETRULES: IgnoreMe add def by name: Corpse_HL_BMT_Woollybat
ROCKETRULES: IgnoreMe add def by name: Corpse_HL_BMT_Xyrion
ROCKETRULES: IgnoreMe add def by name: Corpse_HL_BMT_Yooka
ROCKETRULES: IgnoreMe add def by name: Corpse_HL_Outland_Oxect
ROCKETRULES: IgnoreMe add def by name: Corpse_HL_BotchJob_UndeadCat
ROCKETRULES: IgnoreMe add def by name: Corpse_HL_BotchJob_UndeadColossus
ROCKETRULES: IgnoreMe add def by name: Corpse_HL_BotchJob_UndeadDragon
ROCKETRULES: IgnoreMe add def by name: Corpse_HL_BotchJob_Ghoul
ROCKETRULES: IgnoreMe add def by name: Corpse_HL_BotchJob_UndeadHorse
ROCKETRULES: IgnoreMe add def by name: Corpse_HL_BotchJob_Skeleton
ROCKETRULES: IgnoreMe add def by name: Corpse_HL_BotchJob_UndeadWarg
ROCKETRULES: IgnoreMe add def by name: Corpse_HL_BotchJob_Wraith
ROCKETRULES: IgnoreMe add def by name: Corpse_HL_AG_OcularSlinger
ROCKETRULES: IgnoreMe add def by name: Corpse_HL_REDS_SpiritAnimal
ROCKETRULES: IgnoreMe add def by name: Corpse_HL_REDS_SpiritWolfEcho
ROCKETRULES: IgnoreMe add def by name: G_CentaurFourArm_Corpse
ROCKETRULES: IgnoreMe add def by name: G_CentaurFourArmWinged_Corpse
ROCKETRULES: IgnoreMe add def by name: G_CentaurSixArm_Corpse
ROCKETRULES: IgnoreMe add def by name: G_CentaurSixArmWinged_Corpse
ROCKETRULES: IgnoreMe add def by name: G_CentaurWinged_Corpse
ROCKETRULES: IgnoreMe add def by name: G_SnekFourArm_Corpse
ROCKETRULES: IgnoreMe add def by name: G_SnekFourArmWinged_Corpse
ROCKETRULES: IgnoreMe add def by name: G_SnekSixArm_Corpse
ROCKETRULES: IgnoreMe add def by name: G_SnekSixArmWinged_Corpse
ROCKETRULES: IgnoreMe add def by name: G_SnekWinged_Corpse
ROCKETRULES: IgnoreMe add def by name: G_SpooderFourArm_Corpse
ROCKETRULES: IgnoreMe add def by name: G_SpooderFourArmWinged_Corpse
ROCKETRULES: IgnoreMe add def by name: G_SpooderSixArm_Corpse
ROCKETRULES: IgnoreMe add def by name: G_SpooderSixArmWinged_Corpse
ROCKETRULES: IgnoreMe add def by name: G_SpooderWinged_Corpse
ROCKETRULES: IgnoreMe add def by name: G_FourArmTailed_Corpse
ROCKETRULES: IgnoreMe add def by name: G_FourArmTailedWinged_Corpse
ROCKETRULES: IgnoreMe add def by name: G_FourArmWinged_Corpse
ROCKETRULES: IgnoreMe add def by name: G_SixArmTailed_Corpse
ROCKETRULES: IgnoreMe add def by name: G_SixArmTailedWinged_Corpse
ROCKETRULES: IgnoreMe add def by name: G_SixArmWinged_Corpse
ROCKETRULES: IgnoreMe add def by name: G_TailedWinged_Corpse
ROCKETRULES: IgnoreMe add def by name: M_MechaCentaurFourArm_Corpse
ROCKETRULES: IgnoreMe add def by name: M_MechaCentaurFourArmWinged_Corpse
ROCKETRULES: IgnoreMe add def by name: M_MechaCentaurSixArm_Corpse
ROCKETRULES: IgnoreMe add def by name: M_MechaCentaurSixArmWinged_Corpse
ROCKETRULES: IgnoreMe add def by name: M_MechaCentaurWinged_Corpse
ROCKETRULES: IgnoreMe add def by name: M_MechaSnekFourArm_Corpse
ROCKETRULES: IgnoreMe add def by name: M_MechaSnekFourArmWinged_Corpse
ROCKETRULES: IgnoreMe add def by name: M_MechaSnekSixArm_Corpse
ROCKETRULES: IgnoreMe add def by name: M_MechaSnekSixArmWinged_Corpse
ROCKETRULES: IgnoreMe add def by name: M_MechaSnekWinged_Corpse
ROCKETRULES: IgnoreMe add def by name: M_MechaSpooderFourArm_Corpse
ROCKETRULES: IgnoreMe add def by name: M_MechaSpooderFourArmWinged_Corpse
ROCKETRULES: IgnoreMe add def by name: M_MechaSpooderSixArm_Corpse
ROCKETRULES: IgnoreMe add def by name: M_MechaSpooderSixArmWinged_Corpse
ROCKETRULES: IgnoreMe add def by name: M_MechaSpooderWinged_Corpse
ROCKETRULES: IgnoreMe add def by name: M_MechaFourArmTailed_Corpse
ROCKETRULES: IgnoreMe add def by name: M_MechaFourArmTailedWinged_Corpse
ROCKETRULES: IgnoreMe add def by name: M_MechaFourArmWinged_Corpse
ROCKETRULES: IgnoreMe add def by name: M_MechaSixArmTailed_Corpse
ROCKETRULES: IgnoreMe add def by name: M_MechaSixArmTailedWinged_Corpse
ROCKETRULES: IgnoreMe add def by name: M_MechaSixArmWinged_Corpse
ROCKETRULES: IgnoreMe add def by name: M_MechaTailedWinged_Corpse
ROCKETRULES: IgnoreMe add def by name: M_MechaCentaur_Corpse
ROCKETRULES: IgnoreMe add def by name: M_MechaSnek_Corpse
ROCKETRULES: IgnoreMe add def by name: M_MechaSpooder_Corpse
ROCKETRULES: IgnoreMe add def by name: M_MechaFourArm_Corpse
ROCKETRULES: IgnoreMe add def by name: M_MechaSixArm_Corpse
ROCKETRULES: IgnoreMe add def by name: M_MechaTailed_Corpse
ROCKETRULES: IgnoreMe add def by name: M_MechaWinged_Corpse
MissileGirl: Hijacking ([REFLECTED] RimWorld.StatWorker:GetValue, [DECLARING] RimWorld.StatWorker:GetValue, [ISSTATIC] False, [ISPUBLIC] False, [ISVIRTUAL] StatWorker, [ABSTRACT] False)
MissileGirl: Patching finished
RR: Frame_CompleteConstruction_Patches - TranspilerSpawn - failed to apply patch (instructions not found, stage 1)
GAGARIN: Lock removed!
[HugsLib] initializing RunAndGun, ARimWorldOfMagic
Exception from asynchronous event: HarmonyLib.HarmonyException: Patching exception in method static System.Collections.Generic.IEnumerable`1<System.Reflection.MethodBase> Xenomorphtype.Patch_VefAbility_Cast::TargetMethods() ---> System.Reflection.TargetInvocationException: Exception has been thrown by the target of an invocation. ---> System.TypeLoadException: Could not load type of field 'EnchantQualityPlus.Technomancer.DefOf:VPE_EnchantQuality' (0) due to: Could not resolve type with token 01000019 from typeref (expected class 'VFECore.Abilities.AbilityDef' in assembly 'VFECore, Version=1.1.7.0, Culture=neutral, PublicKeyToken=null') assembly:VFECore, Version=1.1.7.0, Culture=neutral, PublicKeyToken=null type:VFECore.Abilities.AbilityDef member:(null)
[Ref 53D03D47]
(wrapper managed-to-native) System.RuntimeTypeHandle.type_is_assignable_from(System.Type,System.Type)
  at System.RuntimeTypeHandle.CanCastTo (System.RuntimeType type, System.RuntimeType target) [0x00000] in <51fded79cd284d4d911c5949aff4cb21>:0 
  at System.RuntimeType.IsAssignableFrom (System.Type c) [0x00020] in <51fded79cd284d4d911c5949aff4cb21>:0 
  at Xenomorphtype.XMTPsychicDefensePatches+Patch_VefAbility_Cast.TargetMethods () [0x00068] in <5cb0df19b6a5410f82af96806d7dac31>:0 
(wrapper managed-to-native) System.Reflection.RuntimeMethodInfo.InternalInvoke(System.Reflection.RuntimeMethodInfo,object,object[],System.Exception&)
  at System.Reflection.RuntimeMethodInfo.Invoke (System.Object obj, System.Reflection.BindingFlags invokeAttr, System.Reflection.Binder binder, System.Object[] parameters, System.Globalization.CultureInfo culture) [0x0006a] in <51fded79cd284d4d911c5949aff4cb21>:0 
   --- End of inner exception stack trace ---
[Ref 96E3190D]
  at System.Reflection.RuntimeMethodInfo.Invoke (System.Object obj, System.Reflection.BindingFlags invokeAttr, System.Reflection.Binder binder, System.Object[] parameters, System.Globalization.CultureInfo culture) [0x00083] in <51fded79cd284d4d911c5949aff4cb21>:0 
  at System.Reflection.MethodBase.Invoke (System.Object obj, System.Object[] parameters) [0x00000] in <51fded79cd284d4d911c5949aff4cb21>:0 
  at HarmonyLib.PatchClassProcessor.RunMethod[S,T] (T defaultIfNotExisting, T defaultIfFailing, System.Func`2[T,TResult] failOnResult, System.Object[] parameters) [0x000fb] in <024a0e6ec8c2437ead047b6279389c23>:0 
   --- End of inner exception stack trace ---
[Ref 1DB6E02F]
  at HarmonyLib.PatchClassProcessor.ReportException (System.Exception exception, System.Reflection.MethodBase original) [0x0013c] in <024a0e6ec8c2437ead047b6279389c23>:0 
  at HarmonyLib.PatchClassProcessor.Patch () [0x00096] in <024a0e6ec8c2437ead047b6279389c23>:0 
  at HarmonyLib.Harmony.<PatchAll>b__10_1 (System.Type type) [0x00007] in <024a0e6ec8c2437ead047b6279389c23>:0 
  at HarmonyLib.CollectionExtensions.Do[T] (System.Collections.Generic.IEnumerable`1[T] sequence, System.Action`1[T] action) [0x00014] in <024a0e6ec8c2437ead047b6279389c23>:0 
  at HarmonyLib.CollectionExtensions.DoIf[T] (System.Collections.Generic.IEnumerable`1[T] sequence, System.Func`2[T,TResult] condition, System.Action`1[T] action) [0x00007] in <024a0e6ec8c2437ead047b6279389c23>:0 
  at HarmonyLib.Harmony.PatchAll (System.Reflection.Assembly assembly) [0x00006] in <024a0e6ec8c2437ead047b6279389c23>:0 
  at HarmonyLib.Harmony.PatchAll () [0x0001d] in <024a0e6ec8c2437ead047b6279389c23>:0 
  at Xenomorphtype.XMT+<>c__DisplayClass0_0.<.cctor>b__0 () [0x00001] in <5cb0df19b6a5410f82af96806d7dac31>:0 
  at Verse.LongEventHandler.RunEventFromAnotherThread (System.Action action) [0x00008] in <61e4173561894da49d210260257b5097>:0 
[OgreStack]: Modify Stack Sizes Complete
CE is trying to create default parameter lists ...
creating default parameter list for genes...
8705 default entities for genes created
creating default parameter list for objects...
17500 default entities for objects created
creating default parameter list for turrets...
244 default entities for turrets created
...lists created
CE is trying to apply modified parameters...
no modifications for genes
no modifications for objects
no modifications for lifestages
...done
Finished transpiling 2312 methods - 8/12/2026 11:35:25 PM
null texture passed to GUI.DrawTexture
null texture passed to GUI.DrawTexture
null texture passed to GUI.DrawTexture
null texture passed to GUI.DrawTexture
null texture passed to GUI.DrawTexture
null texture passed to GUI.DrawTexture
null texture passed to GUI.DrawTexture
null texture passed to GUI.DrawTexture
null texture passed to GUI.DrawTexture
null texture passed to GUI.DrawTexture
null texture passed to GUI.DrawTexture
null texture passed to GUI.DrawTexture
Unloading 3 Unused Serialized files (Serialized files now loaded: 45)
[PhysX] Initialized MultithreadedTaskDispatcher with 20 workers.
UnloadTime: 33.117300 ms
FileNotFoundException: Cannot resolve dependency to assembly 'UnityEngine.InputLegacyModule, Version=0.0.0.0, Culture=neutral, PublicKeyToken=null' because it has not been preloaded. When using the ReflectionOnly APIs, dependent assemblies must be pre-loaded or loaded on demand through the ReflectionOnlyAssemblyResolve event.


Unloading 206 unused Assets to reduce memory usage. Loaded Objects now: 177248.
Total: 6498.054600 ms (FindLiveObjects: 572.258700 ms CreateObjectMapping: 18.664400 ms MarkObjects: 5898.296200 ms  DeleteObjects: 8.834700 ms)

Loading game from file Дейmas with mods:
  - zetrith.prepatcher
  - jikulopo.prepatcher
  - brrainz.harmony
  - Ludeon.RimWorld
  - Ludeon.RimWorld.Royalty
  - Ludeon.RimWorld.Ideology
  - Ludeon.RimWorld.Biotech
  - Ludeon.RimWorld.Anomaly
  - Ludeon.RimWorld.Odyssey
  - adaptive.storage.framework
  - imranfish.xmlextensions
  - RedMattis.BetterPrerequisites
  - SmashPhil.VehicleFramework
  - UnlimitedHugs.HugsLib
  - OskarPotocki.VanillaFactionsExpanded.Core
  - EBSG.Framework
  - Aoba.Exosuit.Framework
  - zal.eyeprosthetics
  - Farxmai2.GeneBanksExapnded
  - HB.Xenotype.Corracall
  - HB.Xenotype.Corracall.rus
  - hssn.FALLOUTWeapons
  - Lyn.VAEBulletproof
  - mingtuwuxiang.GothicDecorative
  - mingtuwuxiang.SpaceBaseDecorative
  - Wtf.RH2.Faction.VOID
  - RH2.Faction.VOID
  - RH2.Helldivers.Super.Apparel
  - RH2.VOID.Storyteller
  - ravvy.DD.Void.Addon
  - sbz.NeatStorageFridge
  - sbz.GravshipStorage
  - sbz.NeatStorage
  - syrchalis.processor.framework
  - Telkir.TMods.MoreFloors
  - TW.Tangs.Retexture.Snowman
  - Wyr3d.ReinforcedWallsResumed
  - Adaptive.Ideology.Storage
  - Adaptive.PrimitiveStorage
  - Adaptive.SimpleStorage
  - darjeeling.BattleCloak
  - NinaGoblin.AlliesAreHelpful
  - UnlimitedHugs.AllowTool
  - duz.almosttherefork
  - sarg.alphabooks
  - sarg.alphacrafts
  - Sarg.AlphaMemes
  - sarg.alpharandom
  - XMB.AncientThreat.MO
  - aw.mech.helmets
  - als.anomalygravship
  - 22.AnomalyPortal
  - zoarak.anomalyplat
  - Mlie.Apothecary
  - com.bymarcin.ArchitectIcons
  - New.ArchotechPowerArmor
  - Argon.CoreLib
  - ICC.AOV.OSEC
  - Neronix17.Asimov
  - LingLuo.PawnCuter
  - automatic.autocleaner
  - GT.Sam.BasicDoubleDoors
  - ElSov.Beliar
  - zal.betterinfestations
  - Micharduio.BetterPrerequisites (incompatible version)
  - RedMattis.BiggerGravship
  - BiomesTeam.CoreFramework
  - automatic.bionicicons
  - Nalzurin.AutoImplanter
  - biotexpans.core
  - Gene.Rotfish
  - Fuu.BloodAnimations
  - SX99.biotech.bloodcolorgenes
  - Defi.Blueprints.fork
  - zal.cocch
  - brrainz.cameraplus
  - iforgotmysocks.CaravanAdventures
  - gutelbergn.catsbootsandglovesrus
  - void.charactereditor
  - oels.chooseyouroutfit
  - LavaExcess.ColonyManagerRedux.Rus
  - isorex.communityframework
  - PeteTimesSix.CompactHediffs
  - ShunTheWitch.CVNmechanoidwarfarecore
  - CC.Drug.Dealer
  - lts.CC
  - Endermaster567.CryptosleepAdaptationGene (incompatible version)
  - HaiLuan.CustomQuestFramework
  - Vortex.CustomizeWeapon
  - DimonSever000.BackstoryConstructor.Specific
  - DimonSever000.IdeologyVirtues
  - DimonSever000.ScienceRework
  - DimonSever000.FactionLanguages
  - CaesarV6.DamageIndicators
  - DPRTF.DarkPsychicRituals.Sentinel
  - Shashlichnik.DeepAndDeeper
  - det.avaloi
  - det.boglegs
  - det.brawnum
  - det.buzzers
  - det.halffoot
  - det.keshig
  - det.stoneborn
  - det.venators
  - latta.devl10n
  - HaiLuan.VoidUniverse
  - onyxae.dragonsdescent
  - rabiosus.DrawFromCenter
  - overpl.DrawnSpots
  - Dubwise.DubsBadHygiene
  - Dubwise.DubsBreakMod
  - Dubwise.DubsMintMenus
  - Dubwise.Rimatomics
  - Mlie.DynamicEconomy
  - Akolit.EBSG.Framework
  - Ghastly.EchoesOfTheRim
  - SlimeSenpai.EndlessGrowth
  - ninagoblin.enhancedvatlearning
  - EuglenaExpanded.EuglenaXenotype
  - custom.evolutionarygene
  - 9JokerS.Aoba.Exosuit.Framework
  - Wemd.ExpandedFloors
  - Mlie.ExtraPsycasts
  - Mlie.ExtraPsycasts.rus
  - azravos.factioncustomizer
  - Sov.Fallout
  - van.foodfamine
  - Neronix17.UI.Faunapedia
  - feb.coloredgravlights
  - ChaoticEnrico.FollowTarget
  - Mlie.FoodPoisoningStackFix
  - GarryFlowers.Frankenstein
  - notdvd.fraymod
  - stoneman.freewill
  - latta.fsharp.core
  - Sov.Tenmo
  - RedMattis.GeneExtractor
  - AmCh.Eragon.HCGeneFabrication
  - nalzurin.generemovercontinued
  - Defi.GeneRipper
  - DanielWedemeyer.GeneRipper.rus
  - tac.genetrader
  - Goat.Gene.Library
  - GenepackManipulation.Ooooo
  - m00nl1ght.GeologicalLandforms
  - MemeGoddess.GiddyUp
  - CCDevelopment.GloriaLasPlagas.0003
  - bean.customxenotypes.goblinsoftherim
  - SorXchi.Goblins.Rus
  - Sov.Goliann
  - Telefonmast.GraphicsSettings
  - Sgtfireball.GravshipCargoPod
  - kathanon.GrowthAccelerator
  - seekiworksmod.no5
  - GT.Sam.HealthDisplay
  - Andromeda.HelpMeBuild
  - dogwithafro.hemogenmedicine
  - ElSov.Highborn
  - Adamas.Hospital
  - erdelf.HumanoidAlienRaces
  - amegakull.SCVRole
  - ilyvion.laboratory
  - custom.immortalregenerant
  - Haecriver.InjuredCarry
  - Keshash.InjuryTextures
  - Turnovus.Biotech.IntegratedGenes
  - lts.I
  - Turnovus.Biotech.IntegratedXenotypes
  - akaster.ivdruginfuser
  - DrAke.JeanGreyPhoenixForce
  - zal.jecsliterwom
  - Megamech.justEquipIt
  - Linnun.KeepConverting
  - Antigravity.KryptonianGene
  - costel.layeredapparel
  - MrHydralisk.LayeredAtmosphereOrbit
  - Krafs.LevelUp
  - juanlopez2008.LightsOut
  - thamuzz.livingBuildingFramework
  - Zeracronius.LockableDoors
  - Mlie.LogAfterDefError
  - GoGaTio.LostFactoryMechanoids
  - Maal.MagicalTattoo
  - Aranmaho.Makai
  - natsuki.manipulatorbeam
  - m00nl1ght.MapPreview
  - SirMashedPotato.Bloodmoon
  - pyrce.mass.graves.continued
  - AzzyH.MechChargerBooster
  - Horo.MechaniteForge.11
  - Horo.MechaniteForge.11.AnaMBro (incompatible version)
  - zoarak.mechplat
  - YourName.MechCustomMod
  - EL.InvMech
  - GoGaTio.MechanoidUpgrades
  - Samael.NPCMechsAndAnimals
  - Mlie.MedicalSupplements
  - Papito.MedicinesPlus.AT
  - Gerrymon.MCO
  - madman.toolsofthetrade
  - Mewn.MedievalSigns
  - Tinda.Medieval.Tailor.Continued
  - Pribovich.MemorialStele
  - Mlie.MercenariesForMe
  - erdelf.MinifyEverything
  - Haplo.Miscellaneous.Robots
  - Taranchuk.ModErrorChecker
  - CAT.MonoPack
  - DarthCY.Misc.MoreBetterDeepDrill
  - MrKociak.MoreArchotechStuffandThingsReupload (incompatible version)
  - LegendaryMinuteman.MAI
  - Stolij.MoreBatteries
  - Unknown.Perevod.Stolij.MoreBatteries (incompatible version)
  - Mlie.MoreFactionInteraction
  - Darkborderman.MoreTraitGenes
  - Darkborderman.MoreTraitGenes.rus
  - Mlie.MorePlanning
  - noodlesking.MorePsycasts (incompatible version)
  - noodlesking.MorePsycasts.rus
  - Bichang.MoreSculpture
  - CN.MoreUsefulInjection
  - zylle.MoreVanillaBiomes
  - Mlie.MoveInteractionCell
  - IssacZhuang.MuzzleFlash
  - ThatThing.Mycohazard
  - veterano.mythicages.megafaunabestiary
  - Bart.MTOR
  - Sov.Nephilim
  - Andromeda.NiceBillTab
  - Andromeda.NiceHealthTab
  - Andromeda.NiceInventoryTab
  - Andromeda.NicePlantsMenu
  - Unon.NoBurnMetal
  - NinaGoblin.NoOneLeftBehind
  - Ogre.OgreStack
  - Ogre.OgreStack.rus
  - 6224Y.OneWithDeath
  - redundant.oopsallgenepacks
  - RashoMcree.Odyssey.OrbitalPlatforms
  - BlackMarket420.PandoraFramework
  - zawodroshen.pandora.frontier.remake
  - gutelbergn.pfr.rus
  - ggfirst.pawngizmohider
  - Taranchuk.PerformanceOptimizer
  - Taranchuk.PerformanceOptimizerRussianTranslation
  - Scherub.PlanningExtended
  - CAT.PlasmaPack
  - Simmin.PowerTools (incompatible version)
  - RU.pashka.Simmin.PowerTools (incompatible version)
  - Ghastly.ProtocolAnomaly
  - arquebus.psyblasters
  - tk421storm.Ragdoll
  - aRandomKiwi.RaidsForMe
  - Mlie.RaiseTheRoof
  - lts.RH
  - Spuffy.AnimaReplant
  - kongkim.ResearchData
  - PeteTimesSix.ResearchReinvented
  - ReSplice.XOTR.Core
  - BDew.Restraints
  - Wilbon.RHC
  - ReunionMovement.Lite
  - Airo.RimboundCore
  - Jaxe.RimHUD
  - magicalliopleurodon.rimmagic
  - Maux36.Rimpsyche
  - rupal.rimpymodmanagerdatabase
  - aRandomKiwi.RimSaves
  - rimsenal.EVP
  - rimsenal.hair
  - rimsenal.security
  - rimsenal.storyteller
  - rimsenal.federation
  - rimsenal.feral
  - Rimsenal.Spacer
  - rimsenal.Sophian
  - rimsenal.Techist
  - rimsenal.Urb
  - Rimsenal.Askbarn
  - Rimsenal.Harana
  - Rimsenal.Zohar
  - rimsenal.core
  - aRandomKiwi.RimThemes
  - ratys.rtfuse
  - ratys.rtsolarflareshield
  - Ru.kikohi.forsakens (incompatible version)
  - roolo.RunAndGun.kotobike
  - am.rus.vanillaracesexpanded (incompatible version)
  - HaiLuan.AllsparkCrisis
  - leha08039.AllsparkCrisis.rus
  - kentington.saveourship2
  - SCP.OnlyClothes
  - bellodhr.SeamlessDoors
  - Arcjc007.ShieldGenerator
  - BP.ShowBuildableMaterialCount
  - Salvador143.ShuttleDock
  - arvkus.simplerecycling
  - SunshineyDays.SimpleBlinkingAnimation
  - Stokes.simplehoodcape
  - Memegoddess.SmartMedicine
  - sarg.smartspeed
  - dhultgren.smarterconstruction
  - Mlie.SmarterDeconstructionAndMining
  - det.spacerarsenal
  - notdvd.spacerpack2
  - lee.theforce.standalone
  - Starei.PlantPeople
  - CAT.StellicArsenal
  - det.sbcuisine
  - DrAke.StormGeneInjector
  - ICC.EOV.SCULPTURE
  - MemeGoddess.TDPack
  - bean.customxenotypes.terrorsoftherim
  - DrAke.TheFlashGene
  - RF.LUNARTIKAAA
  - sakura.Exosuit.Ronin
  - joseasoler.TraderGen
  - kearril.TradingOptionsContinue
  - Aelanna.TransparentSubstructure
  - ferny.TriumphantResearch
  - LunarDawn.TrueNonSenescence
  - Trouperton.TrystanTravellersShuttleSchematics
  - MrKociak.BiotechTunnelersAreDeepDrills
  - UNAGI.suit.SET
  - shunter.uniqueweaponsunbound
  - Starei.LeaderTitles
  - Mlie.UseThisInstead
  - Ushanka.GlittertechExpansion
  - Ushanka.HackingExpansion
  - Ushanka.LuciferiumExpansion
  - Ushanka.NecroaArchovirus
  - nephlite.orbitaltradecolumn
  - Kilo.VacSlipsuit
  - vanillaexpanded.achievements
  - VanillaExpanded.VanillaAnimalsExpanded
  - VanillaExpanded.VAnomalyEInsanity
  - VanillaExpanded.VAPPE
  - VanillaExpanded.VAEAccessories
  - VanillaExpanded.VanillaAspirationsExpanded
  - VanillaExpanded.VanillaBackstoriesExpanded
  - VanillaExpanded.BaseGeneration
  - VanillaExpanded.VBooksE
  - VanillaExpanded.VBrewE
  - VE.VanillaChristmasExpanded
  - Donald.VCR
  - VanillaExpanded.VEE
  - OskarPotocki.VFE.Classical
  - OskarPotocki.VFE.Empire
  - OskarPotocki.VFE.Insectoid2
  - OskarPotocki.VFE.Medieval2
  - OskarPotocki.VanillaFactionsExpanded.SettlersModule
  - OskarPotocki.VFE.Tribals
  - VanillaExpanded.VanillaFoodVarietyExpanded
  - VanillaExpanded.VFECore
  - VanillaExpanded.VFEArchitect
  - VanillaExpanded.VFEMedical
  - VanillaExpanded.VFEPower
  - VanillaExpanded.VFEProduction
  - VanillaExpanded.VFESecurity
  - VMGE.ByNiki
  - vanillaexpanded.gravship
  - VanillaExpanded.VHE
  - VanillaExpanded.Ideo.Dryads
  - VanillaExpanded.VIEHAR
  - VanillaExpanded.Ideo.RelicsAndArtifacts
  - VanillaExpanded.Ideo.SophianStyle
  - VanillaExpanded.VExplorationE
  - VanillaExpanded.VNutrientE
  - VanillaExpanded.VNutrientE.AnaMBro
  - VanillaExpanded.VPlantsESucculents
  - vanillaquestsexpanded.cryptoforge
  - vanillaquestsexpanded.deadlife
  - vanillaracesexpanded.android
  - vanillaracesexpanded.customicons
  - vanillaracesexpanded.fungoid
  - vanillaracesexpanded.genie
  - vanillaracesexpanded.highmate
  - vanillaracesexpanded.hussar
  - vanillaracesexpanded.lycanthrope
  - vanillaracesexpanded.phytokin
  - vanillaracesexpanded.pigskin
  - vanillaracesexpanded.sanguophage
  - vanillaracesexpanded.saurid
  - vanillaracesexpanded.starjack
  - vanillaracesexpanded.waster
  - VanillaExpanded.Recycling
  - VanillaExpanded.VanillaSocialInteractionsExpanded
  - VanillaExpanded.Temperature
  - VanillaExpanded.VanillaTradingExpanded
  - VanillaExpanded.VanillaTraitsExpanded
  - OskarPotocki.VanillaVehiclesExpanded
  - VanillaExpanded.VWEBF
  - VanillaExpanded.VWEC
  - VanillaExpanded.VWEG
  - VanillaExpanded.VWEMS
  - VanillaExpanded.VWENL
  - VanillaExpanded.VWETB
  - flangopink.VanillaXCOMChosenWeapons
  - flangopink.VanillaXCOMLaserWeapons
  - flangopink.VanillaXCOMMagWeapons
  - flangopink.VanillaXCOMPlasmaWeapons
  - flangopink.VanillaXCOMWeapons
  - hlx.VanometricGenerator
  - Nalzurin.ViltrumiteXenotype
  - visiblewealth.1trickPwnyta
  - NinaGoblin.VisitSettlements
  - det.voltweaponry
  - VPE.Mechanitor.Sentinel.rus
  - VVenchov.VVNewHarvest
  - Wall.Light.Relic
  - Mersid.WCE2Updated.Core
  - Mersid.WCE2Updated.Core.rus
  - addvans.WASDedPawn
  - Tixiv.WhoShotMyLegOff
  - Nevelian.Suvi.WC
  - ferny.Worldbuilder
  - wvc.sergkart.races.biotech
  - NachoToast.XenotypePatchUtils
  - Zhuma.XenotypeSummary
  - Mlie.YayosCaravan
  - Veltaris.MechanoidSkins
  - btd.remix.gravshipblueprints
  - Nanamy.GeneBanksExpandedRu
  - Araru.hssn.FALLOUTWeapons
  - OompaLoompa.RUStranslationSBD
  - Niki.RH2.Helldivers.Super.Apparel (incompatible version)
  - senselessfearful.sbz.NeatStorageFridge
  - LeeRoY.sbz.GravshipStorage
  - Araru.sbz.NeatStorage
  - RU.pashka.syrchalis.processor.framework
  - Undozed.Wyr3d.ReinforcedWallsResumed
  - Torann.ARimworldOfMagic
  - kamikadza13.AlphaMemes
  - RavenBlindRage.aw.mech.helmets
  - durex.rus.AnomalyPortal (incompatible version)
  - Macropod.RuTrans.Mlie.Apothecary (incompatible version)
  - New.ArchotechPowerArmor.rus
  - Sinoptick.Neronix17.Asimov
  - ZaryuARM.Mod
  - RavenBlindRage.LingLuo.PawnCuter
  - Dmitry6.automatic.autocleaner
  - Na1lo.BasicDoubleDoorsRUS
  - beliar.russian.husk
  - m00nl1ght.GeologicalLandforms.BiomeTransitions
  - BiomesTeam.BiomesCore
  - biotexpans.insect
  - biotexpans.mammalia
  - biotexpans.mythic
  - als.biotechgravship
  - HeavenlyGuardian.Bladelink
  - BlackMarket420.Xenotype.Doberkin
  - ilyvion.colonymanagerredux
  - avilmask.CommonSense
  - RU.pashka.PeteTimesSix.CompactHediffs
  - whymemuted.Vortex.CustomizeWeapon.RUS
  - NightSt4r1zh.DPRTF.DarkPsychicRituals.Sentinel
  - BEEYEEETCH.latta.devl10n
  - RU.pashka.Dubwise.Rimatomics
  - HaiLuan.Dungeon
  - Kamikadza13.SlimeSenpai.EndlessGrowth
  - ETRT.TribalApparel
  - EBSG.AiO
  - Apofis.Wemd.ExpandedFloors
  - ICC.FOV.ORBITER
  - wara.factiondisplayfix
  - RavenBlindRage.Neronix17.UI.Faunapedia
  - zal.forsakens
  - senselessfearful.Onotdvd.fraymod
  - Leoltron.GeneBankIndicators
  - BiomesTeam.GeneticsMushkin
  - Arquebus.StagzMerfolk
  - tefnut.gravship.water.systems
  - Araru.GT.Sam.HealthDisplay
  - Kamikadza13.erdelf.HumanoidAlienRaces
  - Akolit.amegakull.SCVRole
  - AT.IG.RU
  - RavenBlindRage.lts.I
  - JellyCreative.IsekaiLeveling
  - kikohi.jewelry
  - kamikadza13.LightsOut
  - dobi.RusLuciferiumExpansion
  - K1CKFRY.MapPreviewRussian
  - RavenBlindRage.SirMashedPotato.Bloodmoon
  - RavenBlindRage.AzzyH.MechChargerBooster
  - GoGaTio.MechanoidUpgrades.Anomaly
  - Niki.Gerrymon.MCO (incompatible version)
  - Alaestor.MiscRobots.PlusPlus (incompatible version)
  - kaitorisenkou.ModularWeapons2
  - RavenBlindRage.CAT.MonoPack
  - Daemon976.moreandroidstories
  - Nevelian.LegendaryMinuteman.MAI (incompatible version)
  - MoreBiotechStyleGenes.Mod
  - zed.0xff.VRES.MoreVats
  - Xenomorphchyma.MoreVanillaBiomesRu
  - telardo.MultiFloors
  - GoGaTio.NewAnomalyThreats
  - HICON.NiceBillTabExpansion
  - ganja.veextra.nonlethal
  - Dmitry6.oopsallgenepacks.Rus
  - Ygdrad.PackmuleGene
  - RavenBlindRage.BlackMarket420.PandoraFramework
  - dmitry6.RusPerformanceOptimizer
  - Pal5k.PersonaMechs2
  - Mehni.PickUpAndHaul
  - RavenBlindRage.CAT.PlasmaPack
  - ferny.progressionworlds
  - Akolit.Ghastly.ProtocolAnomaly
  - Undozed.aRandomKiwi.RaidsForMe
  - RU.pashka.machine.rtr
  - Memegoddess.ReplaceStuff
  - KasaneRandall.rus.ResearchData
  - DoubleU.Wilbon.RHC
  - VexedTrees980.RimRobots
  - Airo.RimboundNovakinXenotype
  - kamikadza13.RimHUD
  - Bonible.rimsenalfactions
  - Ru.iforgotmysocks.CaravanAdventures (incompatible version)
  - osetrokarasek.rus.psyblasters (incompatible version)
  - UNAGI.suit.SET.rus
  - rusUshanka.GlittertechExpansion
  - EL.SOS2.TR
  - Kamikadza13.SCP.OnlyClothes
  - MemeGoddess.SearchAndDestroy
  - RavenBlindRage.arvkus.simplerecycling
  - AT.FS.RU
  - RavenBlindRage.CAT.StellicArsenal
  - neronix17.toolbox
  - MemeGoddess.TDPack.RU.DyavolZlozz
  - Kamikadza13.RF.LUNARTIKAAA
  - CAT.VEAcidWeaponsPack
  - Mewn.Rus.TradingOptions
  - Andromeda.UsefulMarks
  - Ushanka.BiologicalWarfare
  - Micharduio.LE.GE.HE
  - Niki.Kilo.VacSlipsuit
  - VanillaExpanded.VARME
  - OW.RU.Books
  - VanillaExpanded.VBrewECandT
  - VanillaExpanded.VChemfuelE
  - VanillaExpanded.VCookE
  - OW.RU.Events
  - Mic.VFE.Classical
  - OskarPotocki.VFE.Deserters
  - CN.VFEI2SwarmDisaster
  - Mic.VFE.Settlers
  - VanillaExpanded.VCEF
  - OW.RU.Gravship1
  - VanillaExpanded.VPersonaWeaponsE
  - VanillaExpanded.VPsycastsE
  - OW.RU.Cryptoforge
  - OW.RU.Deadlife
  - OW.RU.Android
  - OW.RU.Fungoid
  - OW.RU.Genie
  - OW.RU.Hussar
  - OW.RU.Phytokin
  - Mewn.RUS.vanillaracesexpanded.pigskin
  - Mewn.RU.vanillaracesexpanded.sanguophage
  - OW.RU.Saurid
  - OW.RU.Waster
  - vanillaexpanded.skills
  - VanillaExpanded.VWE
  - VanillaExpanded.VWEL
  - Stom13.NonLethal.Weapons (incompatible version)
  - RU.pashka.flangopink.VanillaXCOMWeapons
  - whymemuted.det.voltweaponry.RUS
  - tgbm.vve.secondary.weapons
  - com.yayo.yayoAni.continued
  - RU.rimsenal.EVP
  - RU.rimsenal.core
  - RU.rimsenal.federation
  - RU.rimsenal.feral
  - RU.rimsenal.security
  - NetzachSloth.ARimworldOfMagic.BlackguardClass
  - awmrko.ARimworldOfMagic.DemigodofNecromancy
  - NetzachSloth.ARimworldOfMagic.DreadNecromancerClass
  - NetzachSloth.ARimworldOfMagic.SpaceTimeMageClass.Revisited
  - NetzachSloth.ARimworldOfMagic.WightClass
  - all.rom.cla.genes
  - sarg.alphamechs
  - sarg.alphaskills
  - Neronix17.Archotech.Genetics
  - Myf.LightSeeker
  - mjcg.AutoAbility
  - MrKociak.YABEMBionicModularity
  - RavenBlindRage.BlackMarket420.Xenotype.Doberkin
  - CatLover366.BootsAndGloves
  - Leo.CleanCommandBar
  - zal.eltexbodysuit
  - Matathias.Empire
  - StatistNo1.EnchantQualityPlus (incompatible version)
  - Proxyer.FixRoMWithIdeo
  - jimothy.testibles.VESkillgenes
  - BkidiY.IsekaiLeveling.RU
  - Dmitry6.kikohi.jewelry
  - Kure.AROM
  - Aranmaho.Makai.Psycast
  - SirMashedPotato.Ashlands
  - GoGaTio.MechanoidUpgrades.Archotech
  - Alma.MeguminPsycast
  - Alma.MeguminPsycast.rus
  - Unknown.Perevod.Alaestor.MiscRobots.PlusPlus (incompatible version)
  - kamikadza13.MoreArchotech (incompatible version)
  - telardo.MultiFloors.rus
  - whymemuted.ganja.veextra.nonlethal.RUS
  - Neronix17.OuterRim.Core
  - Neronix17.Outland.Genetics
  - Capataina.PassionOnLevelUp (incompatible version)
  - tachyonite.pawnmorpherpublic
  - ReGrowth.BOTR.Core
  - RU.pashka.Uuugggg.ReplaceStuff
  - rusPal5k.PersonaMechs2
  - neronix17.shieldgenerators
  - Nishe.SICoffeesandTeas
  - PeteTimesSix.SimpleSidearms
  - lf.mod.SoulWeaver
  - guy762.StarWarsXenotypes
  - Akarthus.TheCosmicOdyssey.AccessoryExpanded
  - RavenBlindRage.CAT.VEAcidWeaponsPack
  - self.undeadcanlearn.rimworldofmagic
  - BB.VAE.Gloves.And.Boots
  - VanillaExpanded.VCookEStews
  - VanillaExpanded.VCookESushi
  - Mewn.RU.Deserters
  - OskarPotocki.VFE.Pirates
  - VanillaExpanded.VPE.Hemosage
  - VanillaExpanded.VPE.Puppeteer
  - Chairheir.VPERunesmith
  - VanillaExpanded.VWEHW
  - VanillaExpanded.VWEQ
  - VPE.Aeromancer.Sentinel
  - VPE.Anima.Sentinel
  - VPE.Arknights.Sentinel
  - VPE.Gauranlen.Sentinel
  - VPE.Biohazard.Sentinel
  - VPE.Blader.Sentinel
  - VPE.Fleshshaper.Sentinel
  - VPE.Geomancer.Sentinel
  - VPE.Gravcaster.Sentinel
  - VPE.Horaxian.Sentinel
  - VPE.Hydromancer.Sentinel
  - VPE.Mechanitor.Sentinel
  - VPE.Originium.Sentinel
  - VPE.Oripathy.Sentinel
  - VPE.PhaseShift.Sentinel
  - VPE.Ragnarok.Sentinel
  - Aranmaho.RangerClass
  - VPE.Framework.Sentinel
  - VPE.Umbra.Sentinel
  - Slug.PsyMass1
  - GeraRiviev.vve.secondary.weapons
  - Aranmaho.RavenousEye.Wildhunter.Psycast
  - crtdgd.ru.YayosAnimation
  - FrozenSnowFox.FilthVanishesWithRainAndTime
  - RU.ARimworldOfMagic
  - sarg.rimbees
  - Nide.alphaskills.rus
  - hlx.UltratechAlteredCarbon
  - leha08039.ArchotechGenetics.Rus
  - BiomesTeam.BiomesPollutedLands
  - MrKociak.YABEMBionicModularityAnimals
  - Dmitry6.MrKociak.YABEMBionicModularity.rus
  - davai.sortedcategories
  - zal.eltexweaponry
  - StatistNo1.EvolvedOrgansRedux
  - vat.epoeforked
  - Xavior.GlitterTech
  - detvisor.impactweaponryreloaded
  - ratys.madskills
  - Elktor31.GoGaTio.MechanoidUpgrades.Archotech (incompatible version)
  - Nyar.NCLvsTW
  - BRKR.NoBackstoryLockedPsycastPaths
  - Neronix17.OuterRim.Csilla
  - RU.pashka.Neronix17.OuterRim.Core
  - Neronix17.OuterRim.GalacticEmpire
  - Neronix17.OuterRim.Mandalore
  - Neronix17.OuterRim.RebelAlliance
  - Nevelian.tachyonite.pawnmorpherpublic
  - RamboGTTH.lf.mod.SoulWeaver
  - lee.theforce.lightsaber
  - AT.RU.XENO
  - Argon.TribalMedicineRemake
  - GeraRiviev.VAE.Gloves.And.Boots
  - Mic.VFE.Pirates
  - OW.RU.Pirates
  - VanillaExpanded.VPlantsE
  - OW.RU.PSY
  - VanillaExpanded.VTEXE
  - VanillaExpanded.VWEFT
  - RamboGTTH.VPE.Aeromancer
  - RamboGTTH.VPE.Anima.Sentinel
  - RamboGTTH.VPE.Gauranlen.Sentinel
  - RamboGTTH.VPE.Biohazard.Sentinel
  - RamboGTTH.VPE.Blader.Sentinel
  - VPE.Deadlife.Sentinel
  - RamboGTTH.VPE.Fleshshaper.Sentinel
  - RamboGTTH.VPE.Geomancer
  - RamboGTTH.VPE.Gravcaster
  - RamboGTTH.VPE.Hydromancer
  - VPE.Luminis.Sentinel
  - RamboGTTH.VPE.Mechanitor.Sentinel
  - VPE.Neurophage.Sentinel
  - RamboGTTH.VPE.PhaseShift.Sentinel
  - RamboGTTH.VPE.Ragnarok.Sentinel
  - RamboGTTH.VPE.Umbra.Sentinel
  - VPE.Voidweaver.Sentinel
  - Poncho.AutomaticHydroponics
  - Novichok.BiomesTeam.BiomesPollutedLands
  - RU.pashka.vat.epoeforked
  - Apofiy.NCLvsTW.RussianTranslation
  - DankPyon.Medieval.Overhaul
  - RU.pashka.Neronix17.OuterRim.Csilla
  - RU.pashka.Neronix17.OuterRim.GalacticEmpire
  - RU.pashka.Neronix17.OuterRim.Mandalore
  - Neronix17.OuterRim.OldRepublic
  - RU.pashka.Neronix17.OuterRim.RebelAlliance
  - Neronix17.Outland.Core
  - Gerrymon.SexyMasks
  - lee.theforce.factions
  - guy762.MM.KotORCore
  - Mewn.Rus.TribalMedicineRemake
  - OW.RU.CORE
  - VanillaExpanded.VPlantsEMushrooms
  - vanillaracesexpanded.insector
  - OW.RU.Weapons
  - RamboGTTH.VPE.Deadlife.Sentinel
  - RamboGTTH.VPE.Luminis.Sentinel
  - RamboGTTH.VPE.Voidweaver.Sentinel
  - niz.xenomorphtype
  - sarg.alphaanimals
  - AutomaticHydroponics.Expanded
  - GeraRiviev.AutomaticHydroponicsRU
  - BiomesTeam.BiomesCaverns
  - Seti.Medieval.Trinkets
  - Feliperathal.CustomizeWeaponExpanded
  - Seti.Medieval.Implants
  - Dasreich666.RusMedievalOverhaul
  - van.hornetkeeping
  - Mewn.Extra.Signs
  - EEG.MOxASF
  - RU.pashka.Neronix17.OuterRim.OldRepublic
  - RU.pashka.Neronix17.Outland.Core
  - Neronix17.Outland.MotzCoalition
  - buyue.SimpleTextureTweaks
  - guy762.KotORWeapons
  - BotchJob.Profaned
  - OW.RU.ACHIEVE
  - OW.RU.Plants
  - Danzen.VPE.BiotechIntegration
  - VRE.GrimCheese.vanillaracesexpanded.insector
  - Russian.niz.xenomorphtype
  - sarg.alphagenes
  - GeraRiviev.AutomaticHydroponics.Expanded
  - Biomes.Rus
  - Garwel.Celsius
  - ferny.generallymoreresearch
  - serzhuk.Seti.Medieval.Implants
  - vr.missilegirl
  - RU.pashka.Neronix17.Outland.MotzCoalition
  - FarTresh.BotchJob.Profaned
  - VanillaExpanded.VMemesE
  - vpebi.russian.durex (incompatible version)
  - seromas.BiotechIntegrationTweaks
  - FrozenSnowFox.BetterExplorationLoot
  - FrozenSnowFox.ComplexJobs
  - kupa.AlphaGenesIntegrated
  - alphagenes.ru
  - emitbreaker.Faith.Framework
  - ferny.progressionattire
  - redaquasurfer.spirits
  - OW.RU.VIE
  - GrillMaster.vanillaxenotypesimproved
  - ferny.BetterArchitect
  - sk.infusion
  - senselessfearful.redaquasurfer.spirits
  - Kelly259.BetterArchitectMenu.ru
  - RU.pashka.latta.infusion
Could not find class RWM_BTD_Remix_GravshipBlueprints.BTD_GameComponent_QuestData while resolving node li. Trying to use Verse.GameComponent instead. Full node: <li Class="RWM_BTD_Remix_GravshipBlueprints.BTD_GameComponent_QuestData"><siteDesigns><keys><li>826</li></keys><values><li><categoryDefName>BTD Tier 0</categoryDefName><label>Ebon_Hawk</label></li></values></siteDesigns></li>
SaveableFromNode exception: System.ArgumentException: Can't load abstract class Verse.GameComponent
[Ref 8FA4C5EC]
  at Verse.ScribeExtractor.SaveableFromNode[T] (System.Xml.XmlNode subNode, System.Object[] ctorArgs) [0x00143] in <61e4173561894da49d210260257b5097>:0 
Subnode:
<li Class="RWM_BTD_Remix_GravshipBlueprints.BTD_GameComponent_QuestData"><siteDesigns><keys><li>826</li></keys><values><li><categoryDefName>BTD Tier 0</categoryDefName><label>Ebon_Hawk</label></li></values></siteDesigns></li>
Could not find class RWM_BTD_Remix_GravshipBlueprints.BTD_GameComponent_StartingShip while resolving node li. Trying to use Verse.GameComponent instead. Full node: <li Class="RWM_BTD_Remix_GravshipBlueprints.BTD_GameComponent_StartingShip" />
SaveableFromNode exception: System.ArgumentException: Can't load abstract class Verse.GameComponent
[Ref 8FA4C5EC] Duplicate stacktrace, see ref for original
Subnode:
<li Class="RWM_BTD_Remix_GravshipBlueprints.BTD_GameComponent_StartingShip" />
Could not find class RWM_BTD_Remix_GravshipBlueprints.BTD_GameComponent_UsedQuestDesigns while resolving node li. Trying to use Verse.GameComponent instead. Full node: <li Class="RWM_BTD_Remix_GravshipBlueprints.BTD_GameComponent_UsedQuestDesigns"><usedDesignKeys><li>BTD Tier 0|Ebon_Hawk</li><li>BTD Tier 3|Battlestar</li></usedDesignKeys></li>
SaveableFromNode exception: System.ArgumentException: Can't load abstract class Verse.GameComponent
[Ref 8FA4C5EC] Duplicate stacktrace, see ref for original
Subnode:
<li Class="RWM_BTD_Remix_GravshipBlueprints.BTD_GameComponent_UsedQuestDesigns"><usedDesignKeys><li>BTD Tier 0|Ebon_Hawk</li><li>BTD Tier 3|Battlestar</li></usedDesignKeys></li>
Tried to register the same load ID twice: null, pathRelToParent=/sourcePrecept, parent=MMr_crossbow_Siege1410
Tried to register the same load ID twice: null, pathRelToParent=/sourcePrecept, parent=MMr_javelin1444
Tried to register the same load ID twice: null, pathRelToParent=/sourcePrecept, parent=MMr_taxes1701
Tried to register the same load ID twice: null, pathRelToParent=/sourcePrecept, parent=MMr_crossbow_repeater2542663
Tried to register the same load ID twice: null, pathRelToParent=/sourcePrecept, parent=guy762_Clothing_scumII5642367
Grammar unresolvable. Root 'r_name'

GRAMMAR RESOLUTION TRACE
1    r_name → [narrative_name] [volcano]
       narrative_name → UNRESOLVABLE
2      volcano → Mountain
     r_name → UNRESOLVABLE

INCLUDES
Mashed_Ashlands_NamerVolcanoDormant
Mashed_Ashlands_NamerVolcanoCommon
WorldFeatureNamerCommon
OutlanderPlaceNameUtility
TribalWordUtility

CUSTOM RULES
Failed to resolve text. Trying again with English.
Grammar unresolvable. Root 'r_name'

GRAMMAR RESOLUTION TRACE
1    r_name → [descriptor] [narrative_name] [volcano]
2      descriptor → boiling
       narrative_name → UNRESOLVABLE
2      volcano → Mountain
     r_name → UNRESOLVABLE

INCLUDES
Mashed_Ashlands_NamerVolcanoActive
Mashed_Ashlands_NamerVolcanoCommon
WorldFeatureNamerCommon
OutlanderPlaceNameUtility
TribalWordUtility

CUSTOM RULES
Grammar unresolvable. Root 'r_name'

GRAMMAR RESOLUTION TRACE
1    r_name → [descriptor] [narrative_name] [volcano]
2      descriptor → seething
       narrative_name → UNRESOLVABLE
2      volcano → Mountain
     r_name → UNRESOLVABLE

INCLUDES
Mashed_Ashlands_NamerVolcanoActive
Mashed_Ashlands_NamerVolcanoCommon
WorldFeatureNamerCommon
OutlanderPlaceNameUtility
TribalWordUtility

CUSTOM RULES
Grammar unresolvable. Root 'r_name'

GRAMMAR RESOLUTION TRACE
1    r_name → [descriptor] [narrative_name] [volcano]
2      descriptor → infernal
       narrative_name → UNRESOLVABLE
2      volcano → Mountain
     r_name → UNRESOLVABLE

INCLUDES
Mashed_Ashlands_NamerVolcanoActive
Mashed_Ashlands_NamerVolcanoCommon
WorldFeatureNamerCommon
OutlanderPlaceNameUtility
TribalWordUtility

CUSTOM RULES
Grammar unresolvable. Root 'r_name'

GRAMMAR RESOLUTION TRACE
1    r_name → [descriptor] [narrative_name] [volcano]
2      descriptor → ruined
       narrative_name → UNRESOLVABLE
2      volcano → Mountain
     r_name → UNRESOLVABLE

INCLUDES
Mashed_Ashlands_NamerVolcanoBlighted
Mashed_Ashlands_NamerVolcanoCommon
WorldFeatureNamerCommon
OutlanderPlaceNameUtility
TribalWordUtility

CUSTOM RULES
Grammar unresolvable. Root 'r_name'

GRAMMAR RESOLUTION TRACE
1    r_name → [descriptor] [narrative_name] [volcano]
2      descriptor → desolate
       narrative_name → UNRESOLVABLE
2      volcano → Mountain
     r_name → UNRESOLVABLE

INCLUDES
Mashed_Ashlands_NamerVolcanoBlighted
Mashed_Ashlands_NamerVolcanoCommon
WorldFeatureNamerCommon
OutlanderPlaceNameUtility
TribalWordUtility

CUSTOM RULES
Grammar unresolvable. Root 'r_name'

GRAMMAR RESOLUTION TRACE
1    r_name → [descriptor] [narrative_name] [volcano]
2      descriptor → verdant
       narrative_name → UNRESOLVABLE
2      volcano → Mountain
     r_name → UNRESOLVABLE

INCLUDES
Mashed_Ashlands_NamerVolcanoExtinct
Mashed_Ashlands_NamerVolcanoCommon
WorldFeatureNamerCommon
OutlanderPlaceNameUtility
TribalWordUtility

CUSTOM RULES
Grammar unresolvable. Root 'r_name'

GRAMMAR RESOLUTION TRACE
1    r_name → [descriptor] [narrative_name] [volcano]
2      descriptor → ancient
       narrative_name → UNRESOLVABLE
2      volcano → Mountain
     r_name → UNRESOLVABLE

INCLUDES
Mashed_Ashlands_NamerVolcanoExtinct
Mashed_Ashlands_NamerVolcanoCommon
WorldFeatureNamerCommon
OutlanderPlaceNameUtility
TribalWordUtility

CUSTOM RULES
Grammar unresolvable. Root 'r_name'

GRAMMAR RESOLUTION TRACE
1    r_name → [descriptor] [narrative_name] [volcano]
2      descriptor → overgrown
       narrative_name → UNRESOLVABLE
2      volcano → Mountain
     r_name → UNRESOLVABLE

INCLUDES
Mashed_Ashlands_NamerVolcanoExtinct
Mashed_Ashlands_NamerVolcanoCommon
WorldFeatureNamerCommon
OutlanderPlaceNameUtility
TribalWordUtility

CUSTOM RULES
Duplicate WorldComponent_GlittershipChunk detected. Ignoring.
[Empire] Finalizing init of FactionFC. fromload: True
Pawnmorpher: GenCompCacher caught exception ReflectionTypeLoadException while loading types from EnchantQualityPlus, Version=1.0.0.0, Culture=neutral, PublicKeyToken=null!
System.Reflection.ReflectionTypeLoadException: Exception of type 'System.Reflection.ReflectionTypeLoadException' was thrown.
Could not load type of field 'EnchantQualityPlus.Technomancer.DefOf:VPE_EnchantQuality' (0) due to: Could not resolve type with token 01000019 from typeref (expected class 'VFECore.Abilities.AbilityDef' in assembly 'VFECore, Version=1.1.7.0, Culture=neutral, PublicKeyToken=null') assembly:VFECore, Version=1.1.7.0, Culture=neutral, PublicKeyToken=null type:VFECore.Abilities.AbilityDef member:(null)
Could not resolve type with token 0100001a from typeref (expected class 'VFECore.Abilities.Ability' in assembly 'VFECore, Version=1.1.7.0, Culture=neutral, PublicKeyToken=null') assembly:VFECore, Version=1.1.7.0, Culture=neutral, PublicKeyToken=null type:VFECore.Abilities.Ability member:(null)
[Ref 9CA1F42D]
(wrapper managed-to-native) System.Reflection.Assembly.GetTypes(System.Reflection.Assembly,bool)
  at System.Reflection.Assembly.GetTypes () [0x00000] in <51fded79cd284d4d911c5949aff4cb21>:0 
  at Pawnmorph.Utilities.GenCompCacher.LoadTypesFrom (System.Reflection.Assembly assembly, System.Collections.Generic.List`1[T] compTypes) [0x00000] in <8ff83870b17241fd906d7b1baad0da73>:0 
Pawnmorph.Utilities.GenCompCacher..cctor()
System.TypeLoadException: Could not load type of field 'EnchantQualityPlus.Technomancer.DefOf:VPE_EnchantQuality' (0) due to: Could not resolve type with token 01000019 from typeref (expected class 'VFECore.Abilities.AbilityDef' in assembly 'VFECore, Version=1.1.7.0, Culture=neutral, PublicKeyToken=null') assembly:VFECore, Version=1.1.7.0, Culture=neutral, PublicKeyToken=null type:VFECore.Abilities.AbilityDef member:(null)
System.TypeLoadException: Could not resolve type with token 0100001a from typeref (expected class 'VFECore.Abilities.Ability' in assembly 'VFECore, Version=1.1.7.0, Culture=neutral, PublicKeyToken=null') assembly:VFECore, Version=1.1.7.0, Culture=neutral, PublicKeyToken=null type:VFECore.Abilities.Ability member:(null)
MissileGirl: <color=red>Warm up</color> started for new map!
MissileGirl: <color=red>Warm up ABORTED!</color> for new map!
MissileGirl: <color=red>Warm up</color> started for new map!
Exception parsing node <color>UniqueWeapon_Fire</color> into a UnityEngine.Color:
System.FormatException: Input string was not in a correct format.
[Ref 7272B8E5]
  at System.Number.ThrowOverflowOrFormatException (System.Boolean overflow, System.String overflowResourceKey) [0x0001a] in <51fded79cd284d4d911c5949aff4cb21>:0 
  at System.Number.ParseSingle (System.ReadOnlySpan`1[T] value, System.Globalization.NumberStyles styles, System.Globalization.NumberFormatInfo info) [0x00071] in <51fded79cd284d4d911c5949aff4cb21>:0 
  at System.Single.Parse (System.String s, System.IFormatProvider provider) [0x0001b] in <51fded79cd284d4d911c5949aff4cb21>:0 
  at Verse.ParseHelper.ParseFloat (System.String str) [0x00006] in <61e4173561894da49d210260257b5097>:0 
  at Verse.ParseHelper.ParseColor (System.String str) [0x00024] in <61e4173561894da49d210260257b5097>:0 
(wrapper delegate-invoke) System.Func`2[System.String,UnityEngine.Color].invoke_TResult_T(string)
  at Verse.ParseHelper.FromString[T] (System.String str) [0x00009] in <61e4173561894da49d210260257b5097>:0 
  at Verse.ScribeExtractor.ValueFromNode[T] (System.Xml.XmlNode subNode, T defaultValue) [0x0003d] in <61e4173561894da49d210260257b5097>:0 
Tried to register the same load ID twice: null, pathRelToParent=/sourcePrecept, parent=EndTable2227291
Tried to register the same load ID twice: null, pathRelToParent=/sourcePrecept, parent=EndTable2568136
Tried to register the same load ID twice: null, pathRelToParent=/sourcePrecept, parent=EndTable5569843
Tried to register the same load ID twice: null, pathRelToParent=/sourcePrecept, parent=EndTable5569991
Tried to register the same load ID twice: null, pathRelToParent=/sourcePrecept, parent=EndTable5569996
Tried to register the same load ID twice: null, pathRelToParent=/sourcePrecept, parent=EndTable5570233
Tried to register the same load ID twice: null, pathRelToParent=/sourcePrecept, parent=EndTable5570472
Tried to register the same load ID twice: null, pathRelToParent=/sourcePrecept, parent=EndTable5570515
Tried to register the same load ID twice: null, pathRelToParent=/sourcePrecept, parent=EndTable5601900
Tried to register the same load ID twice: null, pathRelToParent=/sourcePrecept, parent=EndTable5610466
Tried to register the same load ID twice: null, pathRelToParent=/sourcePrecept, parent=EndTable5611840
Tried to register the same load ID twice: null, pathRelToParent=/sourcePrecept, parent=EndTable5618821
Tried to register the same load ID twice: null, pathRelToParent=/sourcePrecept, parent=EndTable5640796
Tried to register the same load ID twice: null, pathRelToParent=/sourcePrecept, parent=EndTable5640850
Tried to register the same load ID twice: null, pathRelToParent=/sourcePrecept, parent=EndTable3818036
Tried to register the same load ID twice: null, pathRelToParent=/sourcePrecept, parent=EndTable5644710
Tried to register the same load ID twice: null, pathRelToParent=/sourcePrecept, parent=EndTable5644728
Tried to register the same load ID twice: null, pathRelToParent=/sourcePrecept, parent=EndTable5644874
Tried to register the same load ID twice: null, pathRelToParent=/sourcePrecept, parent=EndTable5644875
Tried to register the same load ID twice: null, pathRelToParent=/sourcePrecept, parent=Dresser224707
Tried to register the same load ID twice: null, pathRelToParent=/sourcePrecept, parent=Dresser2568199
Tried to register the same load ID twice: null, pathRelToParent=/sourcePrecept, parent=Dresser5569988
Tried to register the same load ID twice: null, pathRelToParent=/sourcePrecept, parent=Dresser5570658
Tried to register the same load ID twice: null, pathRelToParent=/sourcePrecept, parent=Dresser5602350
Tried to register the same load ID twice: null, pathRelToParent=/sourcePrecept, parent=Dresser5610942
Tried to register the same load ID twice: null, pathRelToParent=/sourcePrecept, parent=Dresser5611356
Tried to register the same load ID twice: null, pathRelToParent=/sourcePrecept, parent=Dresser3818235
Tried to register the same load ID twice: null, pathRelToParent=/sourcePrecept, parent=Dresser5644608
Tried to register the same load ID twice: null, pathRelToParent=/sourcePrecept, parent=Dresser5644727
Tried to register the same load ID twice: null, pathRelToParent=/sourcePrecept, parent=Dresser5644732
Tried to register the same load ID twice: null, pathRelToParent=/sourcePrecept, parent=Dresser4689960
Could not resolve reference to object with loadID Thing_Human5719844 of type Verse.Pawn. Was it compressed away, destroyed, had no ID number, or not saved/loaded right? curParent=RimWorld.DirectPawnRelation curPathRelToParent=
Could not get load ID. We're asking for something which was never added during LoadingVars. pathRelToParent=/sourcePrecept, parent=MMr_crossbow_Siege1410
Could not get load ID. We're asking for something which was never added during LoadingVars. pathRelToParent=/sourcePrecept, parent=MMr_javelin1444
Could not get load ID. We're asking for something which was never added during LoadingVars. pathRelToParent=/sourcePrecept, parent=MMr_taxes1701
Could not get load ID. We're asking for something which was never added during LoadingVars. pathRelToParent=/sourcePrecept, parent=MMr_crossbow_repeater2542663
Could not get load ID. We're asking for something which was never added during LoadingVars. pathRelToParent=/sourcePrecept, parent=guy762_Clothing_scumII5642367
Could not get load ID. We're asking for something which was never added during LoadingVars. pathRelToParent=/sourcePrecept, parent=EndTable2227291
Could not get load ID. We're asking for something which was never added during LoadingVars. pathRelToParent=/sourcePrecept, parent=EndTable2568136
Could not get load ID. We're asking for something which was never added during LoadingVars. pathRelToParent=/sourcePrecept, parent=EndTable5569843
Could not get load ID. We're asking for something which was never added during LoadingVars. pathRelToParent=/sourcePrecept, parent=EndTable5569991
Could not get load ID. We're asking for something which was never added during LoadingVars. pathRelToParent=/sourcePrecept, parent=EndTable5569996
Could not get load ID. We're asking for something which was never added during LoadingVars. pathRelToParent=/sourcePrecept, parent=EndTable5570233
Could not get load ID. We're asking for something which was never added during LoadingVars. pathRelToParent=/sourcePrecept, parent=EndTable5570472
Could not get load ID. We're asking for something which was never added during LoadingVars. pathRelToParent=/sourcePrecept, parent=EndTable5570515
Could not get load ID. We're asking for something which was never added during LoadingVars. pathRelToParent=/sourcePrecept, parent=EndTable5601900
Could not get load ID. We're asking for something which was never added during LoadingVars. pathRelToParent=/sourcePrecept, parent=EndTable5610466
Could not get load ID. We're asking for something which was never added during LoadingVars. pathRelToParent=/sourcePrecept, parent=EndTable5611840
Could not get load ID. We're asking for something which was never added during LoadingVars. pathRelToParent=/sourcePrecept, parent=EndTable5618821
Could not get load ID. We're asking for something which was never added during LoadingVars. pathRelToParent=/sourcePrecept, parent=EndTable5640796
Could not get load ID. We're asking for something which was never added during LoadingVars. pathRelToParent=/sourcePrecept, parent=EndTable5640850
Could not get load ID. We're asking for something which was never added during LoadingVars. pathRelToParent=/sourcePrecept, parent=EndTable3818036
Could not get load ID. We're asking for something which was never added during LoadingVars. pathRelToParent=/sourcePrecept, parent=EndTable5644710
Could not get load ID. We're asking for something which was never added during LoadingVars. pathRelToParent=/sourcePrecept, parent=EndTable5644728
Could not get load ID. We're asking for something which was never added during LoadingVars. pathRelToParent=/sourcePrecept, parent=EndTable5644874
Could not get load ID. We're asking for something which was never added during LoadingVars. pathRelToParent=/sourcePrecept, parent=EndTable5644875
Could not get load ID. We're asking for something which was never added during LoadingVars. pathRelToParent=/sourcePrecept, parent=Dresser224707
Could not get load ID. We're asking for something which was never added during LoadingVars. pathRelToParent=/sourcePrecept, parent=Dresser2568199
Could not get load ID. We're asking for something which was never added during LoadingVars. pathRelToParent=/sourcePrecept, parent=Dresser5569988
Could not get load ID. We're asking for something which was never added during LoadingVars. pathRelToParent=/sourcePrecept, parent=Dresser5570658
Could not get load ID. We're asking for something which was never added during LoadingVars. pathRelToParent=/sourcePrecept, parent=Dresser5602350
Could not get load ID. We're asking for something which was never added during LoadingVars. pathRelToParent=/sourcePrecept, parent=Dresser5610942
Could not get load ID. We're asking for something which was never added during LoadingVars. pathRelToParent=/sourcePrecept, parent=Dresser5611356
Could not get load ID. We're asking for something which was never added during LoadingVars. pathRelToParent=/sourcePrecept, parent=Dresser3818235
Could not get load ID. We're asking for something which was never added during LoadingVars. pathRelToParent=/sourcePrecept, parent=Dresser5644608
Could not get load ID. We're asking for something which was never added during LoadingVars. pathRelToParent=/sourcePrecept, parent=Dresser5644727
Could not get load ID. We're asking for something which was never added during LoadingVars. pathRelToParent=/sourcePrecept, parent=Dresser5644732
Could not get load ID. We're asking for something which was never added during LoadingVars. pathRelToParent=/sourcePrecept, parent=Dresser4689960
[Rimpsyche] Last known version: 1.0.41 | current version: 1.0.41
Clearing Caches
Pawn Kimi has relation "ExLover" with null pawn after loading. This means that we forgot to serialize pawns somewhere (e.g. pawns from passing trade ships).
[Empire] Loaded save was written with Empire 1.6.28; active version is 1.6.29.
[Isekai WorldBoss] MapComponent loaded. Boss: none, waves: 0
Could not do PostLoadInit on RimWorld.Pawn_TrainingTracker: System.NullReferenceException: Object reference not set to an instance of an object
[Ref F8FF2929]
  at RimWorld.Pawn_TrainingTracker.CanAssignToTrain (RimWorld.TrainableDef td, Verse.ThingDef pawnDef, System.Boolean& visible, Verse.Pawn pawn) [0x0018d] in <61e4173561894da49d210260257b5097>:0 
  at RimWorld.Pawn_TrainingTracker.CanAssignToTrain (RimWorld.TrainableDef td, System.Boolean& visible) [0x00000] in <61e4173561894da49d210260257b5097>:0 
  at RimWorld.Pawn_TrainingTracker.CanAssignToTrain (RimWorld.TrainableDef td) [0x00000] in <61e4173561894da49d210260257b5097>:0 
  at Verse.BackCompatibility.PawnTrainingTrackerPostLoadInit (RimWorld.Pawn_TrainingTracker tracker, Verse.DefMap`2[RimWorld.TrainableDef,System.Boolean]& wantedTrainables, Verse.DefMap`2[RimWorld.TrainableDef,System.Int32]& steps, Verse.DefMap`2[RimWorld.TrainableDef,System.Boolean]& learned) [0x00082] in <61e4173561894da49d210260257b5097>:0 
  at RimWorld.Pawn_TrainingTracker.ExposeData () [0x0006a] in <61e4173561894da49d210260257b5097>:0 
  at Verse.PostLoadIniter.DoAllPostLoadInits () [0x00032] in <61e4173561894da49d210260257b5097>:0 
Hash collision between SimpleResearchBench_ReplaceStuff and  RP_Crustcyst_Stuff_(4, 4): both have short hash 56867
Hash collision between KneelPillow_ReplaceStuff and  RP_Diffusecyst_Stuff_(2, 6): both have short hash 43661
Hash collision between MUS_Gothicstyle_door_ReplaceStuff and  RP_Diffusecyst_(9, 3): both have short hash 2460
Hash collision between MUS_Gothicstyle_MonsterStatueLarge_ReplaceStuff and  RP_Diffusecyst_(8, 10): both have short hash 18588
Hash collision between MUS_Gothicstyle_Bed_ReplaceStuff and  CWE_Module_Style_RSUrb: both have short hash 23098
Hash collision between BasinStuff_ReplaceStuff and  RP_Diffusecyst_(4, 5): both have short hash 37899
Hash collision between RadiatorTowelRail_ReplaceStuff and  RP_Crustcyst_(3, 3): both have short hash 25981
Hash collision between TableFiveFingerFilet_ReplaceStuff and  RP_Diffusecyst_(6, 2): both have short hash 49869
Hash collision between DankPyon_RusticTable1x3c_ReplaceStuff and  RP_Diffusecyst_(6, 8): both have short hash 50056
Hash collision between DankPyon_ReinforcedRusticTable1x2c_ReplaceStuff and  RP_Crustcyst_(3, 1): both have short hash 25924
Hash collision between DankPyon_Turret_Scorpio_ReplaceStuff and  RP_Diffusecyst_Stuff_(4, 8): both have short hash 55800
Hash collision between DankPyon_ShelfFilledFood_ReplaceStuff and  RP_Diffusecyst_Stuff_(6, 6): both have short hash 2252
[HugsLib][ERR] AllowTool caused an exception during OnFixedUpdate: System.InvalidOperationException: Collection was modified; enumeration operation may not execute.
[Ref 862B632D]
  at System.Collections.Generic.HashSet`1+Enumerator[T].MoveNext () [0x00013] in <1f993cbf88314b1baa1e10ca917bdc64>:0 
  at AllowTool.HaulUrgentlyCacheHandler.GetMapHaulables (Verse.Map map, System.Collections.Generic.IReadOnlyList`1[T] intersectWith, System.Collections.Generic.ICollection`1[T] targetList) [0x0006e] in <8a098910d6a84b188090b9d6c096e9ee>:0 
  at AllowTool.HaulUrgentlyCacheHandler.RecacheIfNeeded (Verse.Map map, System.Single currentTime) [0x0004f] in <8a098910d6a84b188090b9d6c096e9ee>:0 
  at AllowTool.HaulUrgentlyCacheHandler.GetDesignatedThingsForMap (Verse.Map map, System.Single currentTime) [0x00001] in <8a098910d6a84b188090b9d6c096e9ee>:0 
  at AllowTool.HaulUrgentlyCacheHandler+NoStorageSpaceTracker.ProcessDesignations (Verse.Map map, System.Int32 currentUpdate, System.Single currentTime) [0x0002b] in <8a098910d6a84b188090b9d6c096e9ee>:0 
  at AllowTool.HaulUrgentlyCacheHandler.ProcessCacheEntries (System.Int32 currentFrame, System.Single currentTime) [0x00029] in <8a098910d6a84b188090b9d6c096e9ee>:0 
  at AllowTool.AllowToolController.FixedUpdate () [0x00012] in <8a098910d6a84b188090b9d6c096e9ee>:0 
  at HugsLib.HugsLibController.OnFixedUpdate () [0x00021] in <e92fb9c535b84355b807623efc376846>:0 
[Big and Small]: Found 839 AlienRace.ThingDef_AlienRace ThingDefs.
These are either from HAR races or B&S races automatically converted for compatibility.
<color=#00FFFFFF>SOS2: </color>Map-0-PlayerHome<color=#00FF00FF> Recached,</color> Found ships: 0
StandingLamp, SunLamp, WallLamp, FloodLight, TubeTelevision, FlatscreenTelevision, MegascreenTelevision, OrbitalTradeBeacon, CommsConsole, MoisturePump, GroundPenetratingScanner, LongRangeMineralScanner, MultiAnalyzer, VitalsMonitor, PowerConduit, HiddenConduit, WaterproofConduit, PowerSwitch, WoodFiredGenerator, ChemfuelPoweredGenerator, WindTurbine, Battery, SolarGenerator, GeothermalGenerator, WatermillGenerator, ElectricTailoringBench, ElectricSmithy, TableMachining, ElectricStove, ElectricSmelter, BiofuelRefinery, FabricationBench, HiTechResearchBench, ElectricCrematorium, HydroponicsBasin, DeepDrill, NutrientPasteDispenser, Turret_MiniTurret, Turret_Autocannon, Turret_Sniper, Turret_FoamTurret, Turret_RocketswarmLauncher, PsychicEmanator, VanometricPowerCell, InfiniteChemreactor, Autodoor, Heater, Cooler, UnstablePowerCell, ShipLandingBeacon, SleepAccelerator, BiosculpterPod, NeuralSupercharger, LightBall, Loudspeaker, Autobong, DeathrestCasket, Hemopump, HemogenAmplifier, GlucosoidPump, PsychofluidPump, DeathrestAccelerator, BandNode, ToxifierGenerator, GeneAssembler, GeneBank, GeneExtractor, GrowthVat, PollutionPump, WastepackAtomizer, GeneProcessor, MechBooster, MechGestator, LargeMechGestator, SubcoreEncoder, SubcoreSoftscanner, SubcoreRipscanner, BasicRecharger, StandardRecharger, SecurityDoor, ElectricInhibitor, ProximityDetector, AtmosphericHeater, FrenzyInducer, SleepSuppressor, BioferriteGenerator, Electroharvester, BioferriteShaper, SerumCentrifuge, BioferriteHarvester, GravEngine, GravcorePowerCell, PilotSubpersonaCore, GravshipShieldGenerator, AncientGravReactor, AncientTerraformer, LifeSupportUnit, OrbitalScanner, OxygenPump, VacBarrier, KCSG_PowerConduit, MF_Building_AutoRepairArm, GBE_GeneBankLarge, GBE_GeneBankHuge, Turret_hssn_MinigunTurret, Turret_hssn_PlasmaTurret, Turret_hssn_LaserTurret, MUS_Gothicstyle_Autodoor, MUS_Gothicstyle_CastleAutoDoor, MUS_SpaceBase_BigAutoDoor, MUS_SpaceBase_AutoDoor, MUS_SpaceBase_Window, MUS_SpaceBase_WallLamp, MUS_SpaceBase_WindowModule, MUS_SpaceBase_MonitorModule, MUS_SpaceBase_MonitorForestModule, MUS_SpaceBase_MonitorOceanModule, MUS_SpaceBase_MonitorDesertModule, MUS_SpaceBase_CompactBattery, MUS_SpaceBase_SolarGeneratorModule, MUS_SpaceBase_FloorLamp, MUS_SpaceBase_Television, MUS_SpaceBase_BigTelevision, MUS_SpaceBase_HolographicInstrument, RH_VOIDPowerCell, RH_Corpo_StandingLamp, RH_Corpo_StandingLamp_Red, RH_Corpo_StandingLamp_Green, RH_Corpo_StandingLamp_Blue, RH2Bench_SEAFMachiningBench, sbz_Fridge, sbz_LargeFridge, sbz_SingleChestFridge, sbz_DoubleChestFridge, sbz_SingleWallFridge, sbz_DoubleWallFridge, sbz_CorpseFridge, AC_OilPressWorkshop, AC_DairyProcessingStation, AC_VinegarCask, AC_ArtisanalGrinder, AC_BottlingStation, AC_Infuser, AM_GrogDispenser, GravHoldingPlatform, ShipSecurityDoor, AYHerbBox, AYHerbBoxLime, AYCharcoalFiredGenerator, AYWaterGrower, Asimov_ChargepackCharger, Asimov_ChargePad, Asimov_LongRangeWirelessCharger, Asimov_WirelessCharger, LingBodyCuter, AutocleanerCharger, BDD_AutoDoor, AutoImplanter, RF_RottingGasGenerator, CAChemfuelPoweredGenerator, CVN_MineralExtractor, CC_industrial_drying_rack, UV_BiomutationTerraformer, AdvancedIncubator, ToiletAdvStuff, ToiletSpacer, ShowerAdvStuff, HotTub, WashingMachine, DBHSaunaHeaterElec, ElectricPump, PumpingStation, SewageTreatment, WaterTreatment, SewageDumpPort, CryogenicExtractionNode, SpacerWaterRecoverySystem, ElectricBoiler, CeilingFan, CeilingFanS, AirConOutdoorUnit, AirconIndoorUnit, FreezerUnit, NuclearResearchBench, TableRimatomicsMachining, ResearchReactor, WeaponsBench, PlutoniumProcessor, RimatomicsRTG, ReactorCoreA, ReactorCoreB, ReactorCoreC, Turbine, BigTurbine, CoolingRadiator, CoolingWater, CoolingTower, Transformer, ReactorControl, storagePool, RadiationDetector, DU_Blastdoor, PPC, PPCWeaponsConsole, RadarDish, PPCADS, PPCTeslaCoil, PPCHEL, PPCRailgun, PPCObelisk, PPCMarauder, RimatomicsShieldGenerator, MissileSilo, EVL_Neurostimulator, EVL_VR_Simulator, EVL_Cognition_Engine, dvd_FogDecoder, dvd_FrayLinkableSmall, dvd_FrayCrafter, dvd_EvermurkCrafter, dvd_SpiritBox, GET_GeneExtractor_II, GET_GeneExtractor_III, GET_GeneExtractor_IV, GET_GN_Engineer, GET_GN_Druid, GET_GN_Intern, GET_GN_Culture, GET_GN_Warrior, GET_GN_BasicBody, GET_GN_ViperSpecial, GET_GN_WeaknessOfMind, GET_GN_WeaknessOfBody, GeneFab_GeneBench, GeneFab_CompactGeneBench, GeneRemover, GeneRipper, GeneLibrary, kathanon_GrowthAccelerator_GrowthVatAccelerator, LTS_ModuleBench, Makai_Powerlink_Relay, Makai_PointDefense, Makai_MatterConstructor, Makai_Powernode_TierOne, Makai_SunC, Makai_FlameEssenceProcessor, Makai_FrostEssenceProcessor, Makai_En_Reciever, Makai_En_Condens, Makai_St_Conv, Makai_Cs_Forg, Makai_Cs_loom, Makai_Turret_A, Makai_Turret_F, Makai_Turret_B, Makai_Turret_C, Makai_Turret_D, Makai_Turret_E, MB_ManipulatorBeamEmitter, MB_ManipulatorBeamEmitterAuto, MechChargerBooster_I, MechChargerBooster_II, MechChargerBooster_III, MechChargerBooster_IV, MFMechaniteForge, MU_BasicUpgradesAssembler, MU_AdvancedUpgradesAssembler, MU_MechUpgrader, MU_AssemblyCentrifuge, MU_UpgradesFabricator, MSDrugMixer, MSStimLab, MS_DStand, MBDD_RangedDeepDrill, MBDD_LargeDeepDrill, MBDD_ArchotechDeepDrill, MAG_ArchotechBatteryS, AdvancedBattery, LowTierBattery, MidTierBattery, VeryAdvancedBattery, Bart_DeepScanner, ThingGeneArchive, ThingGeneMacroprocessor, ThingGeneRegister, ThingGeneSubprocessor, BM_PowerArmorSpot, Gha_ObeliskSuppressor, RTR_SolarArray, RH_RepairHub_Fleshweaver, RH_RepairHub_Small, RH_RepairHub_Large, ArchotechAnalyzer, RS_GeneVault, RS_GeneRepository, RS_GeneCentrifuge, RS_XenoGermDuplicator, Turret_ShardSentry, Turret_WaveEmitter, PortableReactor, Turret_SuvTurret, Turret_SupTurret, Turret_MC, RocketTurret, Turret_EMPLobber, Turret_FireLobber, Turret_Incinerator, Turret_Graser, Turret_Rotarygun, Turret_MiniSlugger, Turret_MiniShooter, FedTable, Turret_FedHarvester, Turret_PB, FeralTable, PortableReactorSpacer, NutrientProcessor, SurvivalStation, GDTable, YPTable, JITable, TETable, Building_RTCircuitBreaker, Building_RTMakeshiftFuse, Building_RTMagneticShield, RP_StructuralRepairer, Holodeck_Basic, Holodeck_Standard, Holodeck_AI, Ship_Beam_Wrecked, ShipAirlockWrecked, Ship_DamagedReactor, Ship_Beam, ShipInside_SolarGenerator, ShipInside_PassiveVent, ShipAirlock, ShipAirlockBeam, Ship_Engine_Small, Ship_Engine, Ship_Engine_Large, Ship_Thruster, Ship_Engine_Interplanetary, Ship_Engine_Interplanetary_Large, ShipPilotSeatMini, ShipConsoleTactical, ShipConsoleScience, Ship_DroneCore, Ship_ComputerCore, Ship_SensorCluster, Ship_SensorClusterAdv, Ship_LifeSupport, Ship_LifeSupport_Small, ShipCapacitorSmall, ShipCapacitor, Ship_Reactor, Ship_Reactor_Small, ShipShuttleBay, ShipShuttleBayLarge, ShipSalvageBayNano, ShipCloakingDevice, Ship_CryptosleepCasket, SpaceCrib, Ship_AvatarCasket, HullFoamDistributor, ShipAirlockBeamWall, WallSunLampSoS, ShipCombatShieldGenerator, ShipCombatShieldGeneratorMini, ShipHeatsink, ShipHeatsinkLarge, ShipPurgePort, ShipPurgePortLarge, ShipTurret_ACI, ShipTurret_ACII, ShipTurret_ACIII, ShipTurret_Laser, ShipTurret_Laser_Large, ShipTurret_Plasma, ShipTurret_Plasma_Large, ShipTurret_Kinetic, ShipTurret_Kinetic_Large, ShipSpinalBarrelLaser, ShipSpinalBarrelPlasma, ShipSpinalBarrelKinetic, ShipTorpedoOne, ShipTorpedoTwo, ShipTorpedoSix, Ship_BeamMech, ShipInside_SolarGeneratorMech, ShipInside_PassiveVentMechanoid, ShipAirlockMech, Ship_BeamArchotech, ShipInside_SolarGeneratorArchotech, ShipInside_PassiveVentArchotech, ShipAirlockArchotech, Ship_Engine_Archotech, ArchotechAntimatterReactor, ShipHeatsinkAntiEntropy, ArchotechShieldGenerator, ShipArchotechSpore, ArchotechUplink, ShipSpinalBarrelPsychic, ShipSpinalBarrelMechanite, ArchoRecycler, ShieldGenerator, SC_ArchotechMicrowave, USH_Turret_ADP, USH_DarkGlitterpanel, USH_LightGlitterpanel, USH_FabricsGlitterpanel, USH_NeuralGlitterpanel, USH_AwareGlitterpanel, USH_GlittertechRepairer, USH_GlittertechTargeter, USH_GlittertechFabricator, USH_MemoryPylon, USH_MolecularDisassembler, USH_NeuroclearConsole, USH_NeutroamineExtractor, USH_ResearchProbe, USH_SolarFlareBank, USH_Telepad, USH_OptimizationCoprocessor, USH_JammerCoprocessor, USH_VitalityCoprocessor, USH_Cyberpod, USH_DataServer, USH_Turret_MechhiveDisruptor, USH_LuciferiumMedicalSimulator, USH_LuciferiumMedicalPump, USH_ScarletAttractor, LuciferiumCollector, AdvancedLuciferiumCollector, LuciferiumCollectorBoosterA, LuciferiumCollectorBoosterB, LuciferiumCollectorBoosterC, USH_LuciferiumSynthesizer, USH_LuciferiumPrecisionBooster, ScarlettRefinery, LightColumnMod, DarkColumnMod, OrbitalTradeColumnMod, Wall_TradeDevice, SunColumnMod, Wall_SunDevice, Wall_HeatDevice, IceColumnMod, Wall_CoolDevice, DetColumnMod, FlameColumnMod, EMPColumnMod, DeadColumnMod, VBE_TypewritersTable, VBE_SodaFountain, VCE_FairyLamps, VCE_FestiveJukebox, VCE_GrandFestiveTree, VCE_Turret_Snowthrower, VCE_Turret_Snowcannon, VCE_StandingFestiveTree, VFEE_Candelabra, VFEI2_StaticPod, VFEM2_AlchemicalWorkbench_Electric, Windmill, Radio_Industrial, Radio_Spacer, Joy_Arcade, Joy_InudstrialComputer, Joy_ModernComputer, VFE_DeskLamp, VFE_FloorLamp, Light_Streetlamp, VFE_RoyalLamp, Facility_VitalsCentre, VFE_AdvancedWindTurbine, VFE_AdvancedSolarGenerator, VFE_AdvancedWatermillGenerator, VPE_AdvancedGeothermalGenerator, VFE_LargeBattery, VFE_SmallBattery, VFE_AdvancedBattery, VFE_LargeAdvancedBattery, VPE_NuclearGenerator, VFE_PortableWoodFiredGenerator, VFE_PortableChemfuelPoweredGenerator, VFE_IndustrialWoodFiredGenerator, VFE_IndustrialChemfuelPoweredGenerator, VFE_TidalGenerator, VFE_SmallVanometricPowerCell, VFE_LargeVanometricPowerCell, VPE_ArchotechViolenceGenerator, VFE_TableMachiningLarge, VFE_TableSmithyLarge, VFE_TableStoveLarge, VFE_TableTailorLarge, VFE_ComponentFabricationBench, VFE_TableButcherElectric, VFE_TableDrugLabElectric, VFE_TableStonecutterElectric, VFES_Turret_NonLethalTurret, VFES_Turret_AntiAir, VFES_Turret_Concealed, VFES_ConcealedBarrier, VFES_SmallRepulsor, VFES_LargeRepulsor, VFES_Turret_MilitaryTurret, VFES_Turret_ArmoredTurret, VFES_Turret_Searchlight, VFES_Turret_Flame, VFES_Turret_ShotgunTurret, VFES_Turret_AutocannonDouble, VFES_Turret_Minigun, VFES_Turret_ChargeTurret, VFES_Turret_ChargeRailgun, VFES_Turret_TeslaBlaster, VGE_CompactBiosculpterPod, VGE_OperatorSubpersonaCore, VGE_GravshipBasicRecharger, VGE_GravshipStandardRecharger, VGE_CompactGeneBank, VGE_AstrofuelGenerator, VGE_IndustrialAstrofuelGenerator, VGE_AstrofuelSynthesizer, VGE_OxygenHarvester, VGE_LifeSupportSystem, VGE_IndustrialOxygenPump, VGE_OxygenReclaimer, VGE_Agrocell, VGE_PointDefenseTurret, VGE_AnticraftCaster, VGE_CompactStove, VGE_CompactDrugLab, VGE_CompactMachiningTable, VGE_CompactSmithy, VGE_CompactTailor, VGE_CompactRefinery, VGE_CompactFabBench, VGE_GravjumperEngine, VGE_GravhulkEngine, VGE_CommsTerminal, VGE_WallOrbitalTradeBeacon, VGE_SmallHeatsink, VGE_LargeHeatsink, VGE_GravcorePowerCoil, VGE_GravshipCapacitor, VGE_SolarPanelling, VGE_CompactResearchBench, VGE_CompactMultiAnalyzer, VGE_GravshipScannerCluster, VGE_GunnerSubpersonaCore, VGE_MaintenanceHub, VGE_CapacitorHarmonizer, VGE_VacBarrierDouble, VGE_VacBarrierTriple, VGE_VacBarrierQuintuple, VNPE_NutrientPasteGrinder, VNPE_NutrientPasteTap, VNPE_NutrientPasteFeeder, VNPE_NutrientPasteDripper, VNPE_NutrientPasteVat, VQE_CryptofusionCoil, VQE_FrozenCryptogenerator, VQE_AncientCryptoforge, VQE_AncientShieldedTurret, VQE_AncientSpacerAutocannon, VQE_SmallFlashfreezer, VQE_AncientFloorHeater, VQED_AncientSiloLamp, VQED_AncientSiloFloodlight, VQED_AncientBurnoutGenerator, VQED_IndustrialBurnoutGenerator, VQED_AncientKinoProjector, VREA_AndroidStand, VREA_AndroidPartWorkbench, VREA_SubcorePolyanalyzer, VREA_AndroidCreationStation, VREA_AndroidBehavioristStation, VREA_NeutroCasket, VRE_PsychofluidWell, VRE_InvocationMatrix, VRE_HemodynamicAccelerator, VRE_HemogenSolidifier, VRE_SmallHemogenAmplifier, VRE_SmallHemopump, VRecyclingE_LargePollutionPump, VRecyclingE_PollutionFastPump, VRecyclingE_ElectricRecyclingWorkbench, VRecyclingE_GarbageCompactor, VRecyclingE_AlloypackSplitter, VTE_ACControlUnit, VTE_ACUnit, VTE_ACUnitWall, VTE_ACCompressor, VTE_LargeACCompressor, VTE_IndustrialHeater, VTE_IndustrialCooler, VTE_WallHeater, VTE_WallMountedHeater, VTE_WallMountedCooler, VTE_StandingCooler, VTE_SmallCeilingFan, VTE_LargeCeilingFan, VTE_TradingTerminal, VVE_GarageBench, VVE_GarageAutoDoor, VVE_GarageAutoDoorOpened, VVE_GarageAutoDoorLarge, VVE_GarageAutoDoorLargeOpened, RM_VanometricGenerator, WVC_GeneRecharger, WVC_SerumCraftingTable, BTD_GravjumperEngine_Dormant, BTD_GravhulkEngine_Dormant, BTD_GravEngine_Dormant, TM_MechaGolem_Workstation, TM_FleshGolem_Workstation, TM_HollowGolem_Workstation, TM_StoneGolem_Workstation, TM_MaharalGolem_Workstation, TM_StrawGolem_Workstation, TM_WoodGolem_Workstation, TM_SilkGolem_Workstation, TM_PowerNode, BMT_MagmaPump, BMT_LavaGenerator, BfG_NeuralSupercharger, BfG_DeathrestCasket, BfG_Hemopump, BfG_FloorHemopump, BfG_HemogenAmplifier, BfG_GlucosoidPump, BfG_PsychofluidPump, BfG_DeathrestAccelerator, BfG_BandNode, BfG_GeneBank, BfG_GeneExtractor, BfG_GeneProcessor, BfG_MechBooster, BfG_ToxifierGenerator, BfG_PollutionPump, BfG_WastepackAtomizer, BfG_MechGestator, BfG_LargeMechGestator, BfG_SubcoreEncoder, BfG_SubcoreSoftscanner, BfG_SubcoreRipscanner, BfG_BasicRecharger, BfG_StandardRecharger, Doberkin_MultiAnalyzer, Mini_ChemfuelGenerator, AutoRationPrinter, Doberkin_TableMachining, Doberkin_FabricationBench, CM_ManagerStation, CM_AIManager, TEFNUT_GravshipWaterGenerator, LaserTableSculpting, AIRobot_RechargeStation_Hauler, AIRobot_RechargeStation_Hauler_II, AIRobot_RechargeStation_Hauler_III, AIRobot_RechargeStation_Hauler_IV, AIRobot_RechargeStation_Hauler_V, AIRobot_RechargeStation_Cleaner, AIRobot_RechargeStation_Cleaner_II, AIRobot_RechargeStation_Cleaner_III, AIRobot_RechargeStation_Cleaner_IV, AIRobot_RechargeStation_Cleaner_V, RPP_RechargeStation_Builder_I, RPP_RechargeStation_Builder_II, RPP_RechargeStation_Builder_III, RPP_RechargeStation_Builder_IV, RPP_RechargeStation_Builder_V, RPP_RechargeStation_Crafter_I, RPP_RechargeStation_Crafter_II, RPP_RechargeStation_Crafter_III, RPP_RechargeStation_Crafter_IV, RPP_RechargeStation_Crafter_V, RPP_RechargeStation_ER_I, RPP_RechargeStation_ER_II, RPP_RechargeStation_ER_III, RPP_RechargeStation_ER_IV, RPP_RechargeStation_ER_V, RPP_RechargeStation_Kitchen_I, RPP_RechargeStation_Kitchen_II, RPP_RechargeStation_Kitchen_III, RPP_RechargeStation_Kitchen_IV, RPP_RechargeStation_Kitchen_V, RPP_RechargeStation_Omni_I, RPP_RechargeStation_Omni_II, RPP_RechargeStation_Omni_III, RPP_RechargeStation_Omni_IV, RPP_RechargeStation_Omni_V, Table_RPP_RoboticsBench, MW_GunsmithStation, MF_GravshipStairsA, MF_GravshipStairsExitA, MF_BrickStairsMUpA, MF_BrickStairsMUpAFlipped, MF_BrickStairsMDownA, MF_BrickStairsMDownAFlipped, MF_BrickStairsMExitA, MF_BrickStairsMExitAFlipped, MF_HandrailStairsMUpA, MF_HandrailStairsMUpAFlipped, MF_HandrailStairsMDownA, MF_HandrailStairsMDownAFlipped, MF_HandrailStairsMExitA, MF_HandrailStairsMExitAFlipped, MF_HandrailStairsSUpA, MF_HandrailStairsSUpAFlipped, MF_HandrailStairsSDownA, MF_HandrailStairsSDownAFlipped, MF_HandrailStairsSExitA, MF_HandrailStairsSExitAFlipped, MF_LadderLUpA, MF_LadderLDownA, MF_LadderLExitA, MF_LadderSUpA, MF_LadderSDownA, MF_LadderSExitA, MF_ModernElevatorA, MF_WoodenElevatorA, LVE_TazerSentry, LVE_SentrySyringeTurret, LVE_SentrySyringeTurretAdvanced, LVE_MannedTearGasGrenadeTurret, LVE_SentryTearGasGrenade, LVE_TearGasSentry, PMP_DirectRecharger, PMP_BioelectricCellRecharger, PMP_RechargeBed, PMP_NeuralSiphonCasket, PMP_PersonaMechaniteEncoder, PMP_Building_PersonaGestator, PMP_PersonaRipscanner, PMP_PersonaInterface, Cooler_Over, Cooler_Over2W, MechCreationCasket, IndustrialChargePylon, Ship_AntiprotoniumThruster, Ship_IonThruster, Ship_NuclearEngineSmall, USH_AntigensAnalyzer, USH_BacteriaIncubator, USH_GasVentsController, USH_VirusReplicator, USH_FleshBreakerVent, USH_FleshBreakerMissileLauncher, USH_FluVent, USH_FluMissileLauncher, USH_MalariaVent, USH_MalariaMissileLauncher, USH_NecroaVent, USH_NecroaMissileLauncher, USH_PlagueVent, USH_PlagueMissileLauncher, USH_ScariaVent, USH_ScariaMissileLauncher, USH_SleepingSicknessVent, USH_SleepingSicknessMissileLauncher, VBE_EspressoMachineBuilding, PS_DeepchemRefinery, VCHE_DeepchemPumpjack, VCE_ElectricPot, VCE_DeepFrier, VCE_CanningMachine, VFED_Turret_Kontarion, VFED_Turret_Palintone, VFED_Turret_Onager, VFED_SurveillancePillar, VFED_ImperialMegaHighShield, AM_BeamcasterBandNode, AM_GreaterBandNode, AM_GreaterMechBooster, AM_MechEfficiencyBooster, AM_MechArmorBooster, AM_MechTargettingBooster, AM_MechDisruptor, AM_GreaterRecharger, EmpirePowerGenerator, OuterRim_ShieldGenerator, OuterRim_FusionReactorPortable, OuterRim_FusionReactorLight, OuterRim_FusionReactorHeavy, OuterRim_HoloTable, OuterRim_HypertechFabricator, OuterRim_MineralMinerLight, OuterRim_MineralMinerMedium, OuterRim_MineralMinerHeavy, OuterRim_HypertechResearchBench, OuterRim_HypertechTerminal, OuterRim_HypertechTerminalWide, OuterRim_HypertechWall, OuterRim_MediumLaserCannon, OuterRim_ProtonMortar, OuterRim_Turbolaser, OuterRim_AnaxesTurret, OuterRim_HeavyImperialTurbolaser, OuterRim_HeavyIonCannon, OuterRim_HeavyLaserCannon, OuterRim_HeavyTurbolaser, OuterRim_ProtonArtillery, OuterRim_TibannaExtractorHeavy, OuterRim_TibannaExtractorLight, MutaniteCentrifuge, PM_SlurryCanner, PM_SlurryDecanner, PM_Genebank, PM_GenebankLarge, PM_InjectorLab, PM_NewMutagenicChamber, MutagenLab, PM_MutationScanner, ShieldGen_Shield_Durex, ShieldGen_Shield_Trojan, SI_ElectricTeaCounter, VFEP_WarcasketFoundry, VFEP_ShipChunkBattery, VFEP_ShipChunkGauntletTurret, VFEP_ShipChunkReactor, PollutionPumpLargeSTNL, WastepackAtomizerSTNL, RB_Honey_Centrifuge, RB_Advanced_Honey_Centrifuge, RB_AdvancedBeehouse, RB_AdvancedClimatizedBeehouse, RB_SpacerBeehouse, AC_NeuralMatrix, AC_NeuralEditor, AC_NeuralConnector, AC_CastingRelay, AC_StackCache, AC_Turret_AncientGraserTurret, AC_SleeveCasket, AC_SleeveGestator, EVOR_Building_Cellbench, TableBionics, TableOrgans, EMTurret, CanisterTurret, AdvancedTTurret, ambTable, DynChair, XenonIonTurbine, PlasmaReactor, FissionBattery, HeavyPowerConduit, HeavyHiddenConduit, PharmaTable, Matterfab, Electrolyzer, RobAssem, BlastDoor, AdvancedSecurityDoor, LargerAdvancedSecurityDoor, PoweredWall, WallLight_Base, WallLight_Red, WallLight_Green, WallLight_Blue, WallLight_Yellow, WallLight_Purple, WallLight_Cyan, TEG_Glitter, AdvancedDeepDrill, Column_Glowing, DV_Turret_Impact, NCLCommsConsole, NCL_MechNode, NCL_Eagle_Artillery_Building, NCL_Building_Lightingstrike, Cybernethic_Arbo, NCL_Building_MissileSilo, NCL_Battery, NCL_Large_Battery, NCL_LightWaterReactor, NCL_LaserDefenceTurret, NCL_Overwatch_Nexus, AutoHydroponic, SmallAutoHydroponic, DankPyon_WaterMill, DankPyon_TanningDrum, DankPyon_BlastFurnace, DankPyon_ClothSpinner, DankPyon_SawTable, DankPyon_SlopPot, DankPyon_SlopPot_Stew, DankPyon_SlopPot_Fondue, guy762_KotORWorkbench, guy762_decor_BigRebelScreen, guy762_decor_TowerTerminalA, guy762_decor_StandingTerminalA, KOTOR_GonkBuilding, kotor_DrugLab, KOTOR_ShieldBank, kotor_holo_dancerF, kotor_holo_dancerM, kotor_holo_bith, GS_ImperialLamp, guy762_Autodoor1x1_DoomgiverA, guy762_Autodoor1x1_TatooineA, guy762_Autodoor1x1_SandcrawlerA, guy762_Autodoor1x1_DreadnaughtA, guy762_DoubleAutodoor_DoomgiverVerticalA, guy762_DoubleAutodoor_Vjun, guy762_DoubleAutodoor_NarShaddaa, guy762_DoubleAutodoor_NarShaddaa_colorable, guy762_DoubleAutodoor_DreadnaughtVerticalA, guy762_DoubleAutodoor_TatooineVerticalA, guy762_PoweredWall_DoomgiverA, guy762_PoweredWall_DreadnaughtA, guy762_PoweredWall_NarShaddaaCantinaA, guy762_PoweredWall_SandcrawlerInteriorWallA, guy762_PoweredWall_TatooineStuccoWallA, guy762_PoweredWall_TatooineStuccoWallB, guy762_PoweredWall_TatooineStuccoWallC, guy762_PoweredWall_SandcrawlerHull, guy762_PoweredWall_ImpBaseA, KoltoTank, KOTOR_FuelRefinery, KOTOR_ReactorRhydonium_small, KOTOR_ReactorRhydonium_medium, kotor_plasmacatalyst, KOTOR_PlasmaAmmoBank, kotor_PlasmaFurnace, VPE_Building_Zapcap, XMT_AcidCatalyzer, XMT_CocoonBase, XMT_CocoonBaseAnimal, AA_BlueGelBattery, AA_HexaGelBattery, AA_HexagelCoreReactor, TinyAutoHydroponic, FloralHydroponic, SmallFloralHydroponic, TinyFloralHydroponic, BMT_AdvancedFungiponicsBasin, BMT_FungalPowerGenerator, BMT_CrystalPoweredGenerator, BMT_CrystalIncubator, AG_ForsakenForge, TableProsthetics, Blueprint_VGE_CompactBiosculpterPod, Frame_VGE_CompactBiosculpterPod, Blueprint_Install_VGE_CompactBiosculpterPod, Blueprint_VGE_CompactGeneBank, Frame_VGE_CompactGeneBank, Blueprint_Install_VGE_CompactGeneBank, Blueprint_VGE_CompactStove, Frame_VGE_CompactStove, Blueprint_Install_VGE_CompactStove, Blueprint_VGE_CompactDrugLab, Frame_VGE_CompactDrugLab, Blueprint_Install_VGE_CompactDrugLab, Blueprint_VGE_CompactMachiningTable, Frame_VGE_CompactMachiningTable, Blueprint_Install_VGE_CompactMachiningTable, Blueprint_VGE_CompactSmithy, Frame_VGE_CompactSmithy, Blueprint_Install_VGE_CompactSmithy, Blueprint_VGE_CompactTailor, Frame_VGE_CompactTailor, Blueprint_Install_VGE_CompactTailor, Blueprint_VGE_CompactRefinery, Frame_VGE_CompactRefinery, Blueprint_Install_VGE_CompactRefinery, Blueprint_VGE_CompactFabBench, Frame_VGE_CompactFabBench, Blueprint_Install_VGE_CompactFabBench, Blueprint_VGE_CompactResearchBench, Frame_VGE_CompactResearchBench, Blueprint_Install_VGE_CompactResearchBench, Blueprint_VGE_CompactMultiAnalyzer, Frame_VGE_CompactMultiAnalyzer, Blueprint_Install_VGE_CompactMultiAnalyzer, VGE_CompactResearchBench_ReplaceStuff
checking editor settings...
bodysizes genes are active
AdvancedFabrication unlocks AutoHydroponic_NutrientPaste which is not a handled type of def
AdvancedFabrication unlocks AutoHydroponic_NutrientPasteNetwork which is not a handled type of def
AdvancedFabrication unlocks AutoHydroponic_Chemfuel which is not a handled type of def
AdvancedFabrication unlocks AutoHydroponic_ChemfuelNetwork which is not a handled type of def
AdvancedFabrication unlocks AutoHydroponic_NutrientPasteSm which is not a handled type of def
AdvancedFabrication unlocks AutoHydroponic_NutrientPasteNetworkSm which is not a handled type of def
AdvancedFabrication unlocks AutoHydroponic_ChemfuelSm which is not a handled type of def
AdvancedFabrication unlocks AutoHydroponic_ChemfuelNetworkSm which is not a handled type of def
AdvancedFabrication unlocks AutoHydroponic_NutrientPasteT which is not a handled type of def
AdvancedFabrication unlocks AutoHydroponic_NutrientPasteNetworkT which is not a handled type of def
AdvancedFabrication unlocks AutoHydroponic_ChemfuelT which is not a handled type of def
AdvancedFabrication unlocks AutoHydroponic_ChemfuelNetworkT which is not a handled type of def
[VFEI2SwarmDisaster] GenelineRegistry: 38 entries
Unloading 0 Unused Serialized files (Serialized files now loaded: 45)
[Colony Manager Redux] The race of HL_UV_GoldenCanary (from Core) claims to have humanlike meat, but its meatDef is null. This race is probably missing having the property `hasMeat` set to `false`.
[Colony Manager Redux] The race of HL_VPE_MontrSTNL (from Core) claims to have humanlike meat, but its meatDef is null. This race is probably missing having the property `hasMeat` set to `false`.
[Empire] RefreshPawnGroupMakers complete | combat.opt=52 trader.trd=13 trader.car=3 trader.grd=39 settlement.opt=65 peaceful.opt=13
正在执行启动时的初始化操作
Unloading 1 unused Assets to reduce memory usage. Loaded Objects now: 182131.
Total: 3597.168000 ms (FindLiveObjects: 25.866900 ms CreateObjectMapping: 9.666200 ms MarkObjects: 3561.293400 ms  DeleteObjects: 0.341100 ms)

[AllowTool] Adjusted work type priority of FinishingOff for pawns:
Lynx:1->3
Wrote screenshot C:\Users\deima\AppData\LocalLow\Ludeon Studios\RimWorld by Ludeon Studios\RimSaves\Previews\Дейmas.dat of size 269393
MissileGirl: <color=red>Warm up</color> Finished for new map!
MissileGirl: Position verfication started!
Free Will: could not consider 35 (Одержимый) passion for Doctor
[VFEI2SwarmDisaster] High-power mod detected (Nyar.NCLvsTW), acid shield drain multiplier set to 10×.
[VFEI2SwarmDisaster] Acid shield drain initialized: 4 acid DamageDefs, 10× total multiplier.
unable to find any mutation sites on PMP_PersonaMech after checking 253 mutations!
checked parts:[Core-MechanicalThorax/Торс, Core-Reactor/реактор, Core-FluidReprocessor/Левый жидкостный репроцессор, Core-FluidReprocessor/Правый жидкостный репроцессор, Core-MechanicalNeck/шея, Core-MechanicalHead/голова, Persona Mechanoid Pawns 2-PMP_PersonaBrain/Ядро личности, Core-SightSensor/Левый сенсор зрения, Core-SightSensor/Правый сенсор зрения, Core-HearingSensor/Правый сенсор слуха, Core-HearingSensor/Левый сенсор слуха, Persona Mechanoid Pawns 2-PMP_MechaJaw/Вербальный блок связи, Core-SmellSensor/Химический анализатор, Persona Mechanoid Pawns 2-PMP_MechaShoulder/Левое механическое плечо, Persona Mechanoid Pawns 2-PMP_MechaArm/Левая рука, Core-MechanicalHand/Левая кисть, Rim-Robots_-MechanicalFinger/Левый мизинец, Rim-Robots_-MechanicalFinger/Левый средний палец, Rim-Robots_-MechanicalFinger/Левый указательный палец, Rim-Robots_-MechanicalFinger/Левый большой палец, Persona Mechanoid Pawns 2-PMP_MechaShoulder/Правое механическое плечо, Persona Mechanoid Pawns 2-PMP_MechaArm/Правая рука, Core-MechanicalHand/Правая кисть, Rim-Robots_-MechanicalFinger/Правый мизинец, Rim-Robots_-MechanicalFinger/Правый средний палец, Rim-Robots_-MechanicalFinger/Правый указательный палец, Rim-Robots_-MechanicalFinger/Правый большой палец, Persona Mechanoid Pawns 2-PMP_MechaWaist/Посадочные места для оборудования, Persona Mechanoid Pawns 2-PMP_MechaLeg/Левая нога, Core-MechanicalFoot/Левая стопа, Persona Mechanoid Pawns 2-PMP_MechaLeg/Правая нога, Core-MechanicalFoot/Правая стопа]
Exception in JobDriver tick for pawn Дейmas driver=JobDriver_ResearchRR (toilIndex=1) driver.job=(RR_Research (Job_14510354) A = Thing_HiTechResearchBench1120816 Giver = JobGiver_Work [workGiverDef: RR_ResearchRR])
System.NullReferenceException: Object reference not set to an instance of an object
[Ref C3348735]
  at Verse.ResearchProjectDef+<>c.<get_UnlockedDefs>b__83_2 (Verse.Def x) [0x00000] in <61e4173561894da49d210260257b5097>:0 
  at System.Linq.EnumerableSorter`2[TElement,TKey].ComputeKeys (TElement[] elements, System.Int32 count) [0x00010] in <1f993cbf88314b1baa1e10ca917bdc64>:0 
  at System.Linq.EnumerableSorter`1[TElement].ComputeMap (TElement[] elements, System.Int32 count) [0x00000] in <1f993cbf88314b1baa1e10ca917bdc64>:0 
  at System.Linq.EnumerableSorter`1[TElement].Sort (TElement[] elements, System.Int32 count) [0x00000] in <1f993cbf88314b1baa1e10ca917bdc64>:0 
  at System.Linq.OrderedEnumerable`1[TElement].SortedMap (System.Linq.Buffer`1[TElement] buffer) [0x00006] in <1f993cbf88314b1baa1e10ca917bdc64>:0 
  at System.Linq.OrderedEnumerable`1+<GetEnumerator>d__3[TElement].MoveNext () [0x0003d] in <1f993cbf88314b1baa1e10ca917bdc64>:0 
  at System.Collections.Generic.LargeArrayBuilder`1[T].AddRange (System.Collections.Generic.IEnumerable`1[T] items) [0x0003d] in <1f993cbf88314b1baa1e10ca917bdc64>:0 
  at System.Collections.Generic.SparseArrayBuilder`1[T].AddRange (System.Collections.Generic.IEnumerable`1[T] items) [0x00000] in <1f993cbf88314b1baa1e10ca917bdc64>:0 
  at System.Collections.Generic.SparseArrayBuilder`1[T].ReserveOrAdd (System.Collections.Generic.IEnumerable`1[T] items) [0x00017] in <1f993cbf88314b1baa1e10ca917bdc64>:0 
  at System.Linq.Enumerable+ConcatNIterator`1[TSource].LazyToArray () [0x00021] in <1f993cbf88314b1baa1e10ca917bdc64>:0 
  at System.Linq.Enumerable+ConcatNIterator`1[TSource].ToArray () [0x00008] in <1f993cbf88314b1baa1e10ca917bdc64>:0 
System.Linq.Buffer`1[[Verse.Def, Assembly-CSharp, Version=1.6.9676.17735, Culture=neutral, PublicKeyToken=null]]..ctor(IEnumerable`1 source)
  at System.Linq.OrderedEnumerable`1+<GetEnumerator>d__3[TElement].MoveNext () [0x0001e] in <1f993cbf88314b1baa1e10ca917bdc64>:0 
  at System.Linq.Set`1[TElement].UnionWith (System.Collections.Generic.IEnumerable`1[T] other) [0x00018] in <1f993cbf88314b1baa1e10ca917bdc64>:0 
  at System.Linq.Enumerable+DistinctIterator`1[TSource].FillSet () [0x0000b] in <1f993cbf88314b1baa1e10ca917bdc64>:0 
  at System.Linq.Enumerable+DistinctIterator`1[TSource].ToList () [0x00000] in <1f993cbf88314b1baa1e10ca917bdc64>:0 
  at System.Linq.Enumerable.ToList[TSource] (System.Collections.Generic.IEnumerable`1[T] source) [0x0001f] in <1f993cbf88314b1baa1e10ca917bdc64>:0 
  at Verse.ResearchProjectDef.get_UnlockedDefs () [0x001c1] in <61e4173561894da49d210260257b5097>:0 
    - TRANSPILER VFETribalsMod: IEnumerable`1 VFETribals.ResearchProjectDef_UnlockedDefs_Patch:Transpiler(IEnumerable`1 instructions)
    - POSTFIX OskarPotocki.VEF: Void VEF.Buildings.VanillaExpandedFramework_ResearchProjectDef_UnlockedDefs_Patch:Postfix(List`1& __result)
    - POSTFIX Kikohi.PipeSystem: Void PipeSystem.ResearchProjectDef_UnlockedDefs_Patch:Postfix(ResearchProjectDef& __instance, List`1& __result)
  at RimWorld.ResearchPrerequisitesUtility.ComputeResearchPrerequisites () [0x0001a] in <61e4173561894da49d210260257b5097>:0 
  at RimWorld.ResearchPrerequisitesUtility.UnlockedDefsGroupedByPrerequisites (Verse.ResearchProjectDef rd) [0x00000] in <61e4173561894da49d210260257b5097>:0 
TriumphantResearch.Window_ResearchComplete..ctor(ResearchProjectDef project)
  at TriumphantResearch.ResearchManager_FinishProject_Patch.Prefix (Verse.ResearchProjectDef proj, System.Boolean& doCompletionDialog, System.Boolean& doCompletionLetter) [0x00037] in <e47c02627ed64176a75b3eec6678bc11>:0 
  at RimWorld.ResearchManager.FinishProject (Verse.ResearchProjectDef proj, System.Boolean doCompletionDialog, Verse.Pawn researcher, System.Boolean doCompletionLetter) [0x0001b] in <61e4173561894da49d210260257b5097>:0 
    - TRANSPILER PerformanceOptimizer.Main: IEnumerable`1 PerformanceOptimizer.Optimization_FasterGetCompReplacement:Transpiler(IEnumerable`1 instructions, MethodBase method)
    - PREFIX TriumphantResearchMod: Void TriumphantResearch.ResearchManager_FinishProject_Patch:Prefix(ResearchProjectDef proj, Boolean& doCompletionDialog, Boolean& doCompletionLetter)
    - PREFIX Dubwise.DubsMintMenus: Void DubsMintMenus.HarmonyPatches+Patch_FinishProject:Prefix(Boolean& doCompletionDialog)
    - POSTFIX OskarPotocki.VEF: Void VEF.Storyteller.VanillaExpandedFramework_ResearchManager_FinishProject_Patch:Postfix()
    - POSTFIX PeteTimesSix.ResearchReinvented: Void PeteTimesSix.ResearchReinvented.HarmonyPatches.ResearchManager_FinishProject_Patches:Postfix(ResearchProjectDef proj)
    - POSTFIX vanillaexpanded.achievements: Void AchievementsExpanded.AchievementHarmony:ResearchProjectFinished(ResearchProjectDef proj, Boolean doCompletionDialog, Pawn researcher)
    - POSTFIX vanillaexpanded.gravship: Void VanillaGravshipExpanded.ResearchManager_FinishProject_Patch:Postfix(ResearchProjectDef proj)
    - POSTFIX BetterArchitectMod: Void BetterArchitect.ResearchManager_FinishProject_Patch:Postfix()
    - POSTFIX Dubwise.DubsMintMenus: Void DubsMintMenus.HarmonyPatches+Patch_FinishProject:Postfix(ResearchProjectDef proj)
    - POSTFIX ShipInteriorMod2: Void SaveOurShip2.TriggerPillarMissions:Postfix(ResearchProjectDef proj)
    - POSTFIX VFETribalsMod: Void VFETribals.ResearchManager_FinishProject_Patch:Postfix(ResearchProjectDef proj)
    - POSTFIX OskarPotocki.VanillaSocialInteractionsExpanded: Void VanillaSocialInteractionsExpanded.FinishProject_Patch:Postfix(ResearchProjectDef proj, Boolean doCompletionDialog, Pawn researcher)
    - POSTFIX com.Matathias.Empire: Void FactionColonies.ResearchCompleted:Postfix(ResearchProjectDef proj, Boolean doCompletionDialog, Pawn researcher)
  at PeteTimesSix.ResearchReinvented.Managers.ResearchOpportunityManager.FinishProject (Verse.ResearchProjectDef project, System.Boolean doCompletionDialog, Verse.Pawn researcher) [0x00000] in C:\RimworldProjects\ResearchReinvented\ResearchReinvented\ResearchReinvented\ResearchReinvented\Source\Managers\ResearchOpportunityManager.cs:404 
  at PeteTimesSix.ResearchReinvented.Opportunities.ResearchOpportunity.ResearchPerformed (System.Single amount, Verse.Pawn researcher, System.Nullable`1[T] moteAmount, System.String moteSubjectName, System.Single moteOffsetHint) [0x00170] in C:\RimworldProjects\ResearchReinvented\ResearchReinvented\ResearchReinvented\ResearchReinvented\Source\Opportunities\ResearchOpportunity.cs:209 
  at PeteTimesSix.ResearchReinvented.Opportunities.ResearchOpportunity.ResearchTickPerformed (System.Single amount, Verse.Pawn researcher, System.Int32 tickDelta, System.Int32 moteModulo) [0x0004b] in C:\RimworldProjects\ResearchReinvented\ResearchReinvented\ResearchReinvented\ResearchReinvented\Source\Opportunities\ResearchOpportunity.cs:225 
  at PeteTimesSix.ResearchReinvented.Rimworld.JobDrivers.JobDriver_ResearchRR+<>c__DisplayClass4_0.<MakeNewToils>b__4 (System.Int32 delta) [0x00071] in C:\RimworldProjects\ResearchReinvented\ResearchReinvented\ResearchReinvented\ResearchReinvented\Source\Rimworld\JobDrivers\JobDriver_ResearchRR.cs:71 
  at Verse.AI.JobDriver.DriverTickInterval (System.Int32 delta) [0x0009f] in <61e4173561894da49d210260257b5097>:0 
[Isekai Hunt] Selected 'Глубоководный' (CP:70) for B rank from pool of 263 creatures (CP range: 50-150)
[Isekai] Created B-Rank Экспедиция quest for Глубоководный at tile 90504
[Isekai Leveling] Дейmas reached level 38
Checking if pawn is viltrumite
Checking if pawn is viltrumite
Could not reserve Thing_DankPyon_ClothSpinner3622415 (layer: null) for Asid for job FillProcessor (Job_14516486) A = Thing_DankPyon_ClothSpinner3622415 B = Thing_WoolSheep5750012 Giver = ThinkNode_QueuedJob [workGiverDef: FillProcessor] (now doing job FillProcessor (Job_14516486) A = Thing_DankPyon_ClothSpinner3622415 B = Thing_WoolSheep5750012 Giver = ThinkNode_QueuedJob [workGiverDef: FillProcessor](curToil=-1)) for maxPawns 1 and stackCount -1.
Existing reservers:
   [0] Engie (job: FillProcessor (Job_14516586) A = Thing_DankPyon_ClothSpinner3622415 B = Thing_WoolSheep5750012 Giver = JobGiver_Work [workGiverDef: FillProcessor], toil: 1, maxPawns: 1, stackCount: -1)
Crash!!!
SymInit: Symbol-SearchPath: '.;C:\Program Files (x86)\Steam\steamapps\common\RimWorld;C:/Program Files (x86)/Steam/steamapps/common/RimWorld/RimWorldWin64_Data/Plugins\x86_64;C:/Program Files (x86)/Steam/steamapps/common/RimWorld/RimWorldWin64_Data/Plugins;C:\Program Files (x86)\Steam\steamapps\common\RimWorld;C:\WINDOWS;C:\WINDOWS\system32;', symOptions: 534, UserName: 'deima'
OS-Version: 10.0.0
C:\Program Files (x86)\Steam\steamapps\common\RimWorld\RimWorldWin64.exe:RimWorldWin64.exe (00007FF7502B0000), size: 688128 (result: 0), SymType: '-deferred-', PDB: '', fileVersion: 2022.3.35.4614
C:\WINDOWS\SYSTEM32\ntdll.dll:ntdll.dll (00007FFBA8300000), size: 2514944 (result: 0), SymType: '-deferred-', PDB: '', fileVersion: 10.0.26100.8972
C:\WINDOWS\System32\KERNEL32.DLL:KERNEL32.DLL (00007FFBA6D10000), size: 823296 (result: 0), SymType: '-deferred-', PDB: '', fileVersion: 10.0.26100.9168
C:\WINDOWS\System32\KERNELBASE.dll:KERNELBASE.dll (00007FFBA5760000), size: 4190208 (result: 0), SymType: '-deferred-', PDB: '', fileVersion: 10.0.26100.9168
C:\Program Files (x86)\Steam\steamapps\common\RimWorld\UnityPlayer.dll:UnityPlayer.dll (00007FFABF8F0000), size: 31911936 (result: 0), SymType: '-deferred-', PDB: '', fileVersion: 2022.3.35.4614
C:\WINDOWS\System32\USER32.dll:USER32.dll (00007FFBA8070000), size: 1859584 (result: 0), SymType: '-deferred-', PDB: '', fileVersion: 10.0.26100.8972
C:\WINDOWS\System32\win32u.dll:win32u.dll (00007FFBA5B70000), size: 159744 (result: 0), SymType: '-deferred-', PDB: '', fileVersion: 10.0.26100.9168
C:\WINDOWS\System32\GDI32.dll:GDI32.dll (00007FFBA6920000), size: 176128 (result: 0), SymType: '-deferred-', PDB: '', fileVersion: 10.0.26100.8328
C:\WINDOWS\System32\gdi32full.dll:gdi32full.dll (00007FFBA5DC0000), size: 1216512 (result: 0), SymType: '-deferred-', PDB: '', fileVersion: 10.0.26100.9168
C:\WINDOWS\System32\msvcp_win.dll:msvcp_win.dll (00007FFBA5EF0000), size: 667648 (result: 0), SymType: '-deferred-', PDB: '', fileVersion: 10.0.26100.8875
C:\WINDOWS\System32\ucrtbase.dll:ucrtbase.dll (00007FFBA5C60000), size: 1359872 (result: 0), SymType: '-deferred-', PDB: '', fileVersion: 10.0.26100.8875
C:\WINDOWS\System32\ole32.dll:ole32.dll (00007FFBA7070000), size: 1675264 (result: 0), SymType: '-deferred-', PDB: '', fileVersion: 10.0.26100.8972
C:\WINDOWS\System32\combase.dll:combase.dll (00007FFBA7410000), size: 3690496 (result: 0), SymType: '-deferred-', PDB: '', fileVersion: 10.0.26100.9168
C:\WINDOWS\System32\RPCRT4.dll:RPCRT4.dll (00007FFBA6BF0000), size: 1146880 (result: 0), SymType: '-deferred-', PDB: '', fileVersion: 10.0.26100.9168
C:\WINDOWS\System32\SHLWAPI.dll:SHLWAPI.dll (00007FFBA8240000), size: 417792 (result: 0), SymType: '-deferred-', PDB: '', fileVersion: 10.0.26100.8972
C:\WINDOWS\System32\SETUPAPI.dll:SETUPAPI.dll (00007FFBA7850000), size: 4747264 (result: 0), SymType: '-deferred-', PDB: '', fileVersion: 10.0.26100.8972
C:\WINDOWS\SYSTEM32\VERSION.dll:VERSION.dll (00007FFB90C90000), size: 45056 (result: 0), SymType: '-deferred-', PDB: '', fileVersion: 10.0.26100.1150
C:\WINDOWS\System32\msvcrt.dll:msvcrt.dll (00007FFBA77A0000), size: 692224 (result: 0), SymType: '-deferred-', PDB: '', fileVersion: 7.0.26100.8875
C:\WINDOWS\System32\ADVAPI32.dll:ADVAPI32.dll (00007FFBA6EA0000), size: 770048 (result: 0), SymType: '-deferred-', PDB: '', fileVersion: 10.0.26100.9168
C:\WINDOWS\System32\sechost.dll:sechost.dll (00007FFBA7D90000), size: 696320 (result: 0), SymType: '-deferred-', PDB: '', fileVersion: 10.0.26100.9168
C:\WINDOWS\System32\SHELL32.dll:SHELL32.dll (00007FFBA6190000), size: 7897088 (result: 0), SymType: '-deferred-', PDB: '', fileVersion: 10.0.26100.9168
C:\WINDOWS\System32\OLEAUT32.dll:OLEAUT32.dll (00007FFBA7E40000), size: 888832 (result: 0), SymType: '-deferred-', PDB: '', fileVersion: 10.0.26100.8972
C:\WINDOWS\System32\IMM32.dll:IMM32.dll (00007FFBA7F20000), size: 204800 (result: 0), SymType: '-deferred-', PDB: '', fileVersion: 10.0.26100.8521
C:\WINDOWS\SYSTEM32\OPENGL32.dll:OPENGL32.dll (00007FFB1C610000), size: 1097728 (result: 0), SymType: '-deferred-', PDB: '', fileVersion: 10.0.26100.8972
C:\WINDOWS\SYSTEM32\WINMM.dll:WINMM.dll (00007FFB88A70000), size: 221184 (result: 0), SymType: '-deferred-', PDB: '', fileVersion: 10.0.26100.8972
C:\WINDOWS\System32\CRYPT32.dll:CRYPT32.dll (00007FFBA5510000), size: 1564672 (result: 0), SymType: '-deferred-', PDB: '', fileVersion: 10.0.26100.8972
C:\WINDOWS\System32\WS2_32.dll:WS2_32.dll (00007FFBA7D00000), size: 532480 (result: 0), SymType: '-deferred-', PDB: '', fileVersion: 10.0.26100.8972
C:\WINDOWS\SYSTEM32\bcrypt.dll:bcrypt.dll (00007FFBA5400000), size: 172032 (result: 0), SymType: '-deferred-', PDB: '', fileVersion: 10.0.26100.9168
C:\WINDOWS\SYSTEM32\WINHTTP.dll:WINHTTP.dll (00007FFB9B280000), size: 1212416 (result: 0), SymType: '-deferred-', PDB: '', fileVersion: 10.0.26100.9168
C:\WINDOWS\SYSTEM32\HID.DLL:HID.DLL (00007FFBA3810000), size: 61440 (result: 0), SymType: '-deferred-', PDB: '', fileVersion: 10.0.26100.1150
C:\WINDOWS\SYSTEM32\GLU32.dll:GLU32.dll (00007FFB8BDE0000), size: 184320 (result: 0), SymType: '-deferred-', PDB: '', fileVersion: 10.0.26100.1150
C:\WINDOWS\SYSTEM32\dwmapi.dll:dwmapi.dll (00007FFBA2270000), size: 192512 (result: 0), SymType: '-deferred-', PDB: '', fileVersion: 10.0.26100.8972
C:\WINDOWS\SYSTEM32\dxcore.dll:dxcore.dll (00007FFBA20C0000), size: 282624 (result: 0), SymType: '-deferred-', PDB: '', fileVersion: 10.0.26100.8972
C:\Program Files (x86)\Steam\gameoverlayrenderer64.dll:gameoverlayrenderer64.dll (00007FFAD6770000), size: 1798144 (result: 0), SymType: '-deferred-', PDB: '', fileVersion: 10.87.82.64
C:\WINDOWS\System32\PSAPI.DLL:PSAPI.DLL (00007FFBA6B30000), size: 32768 (result: 0), SymType: '-deferred-', PDB: '', fileVersion: 10.0.26100.8521
C:\WINDOWS\SYSTEM32\CFGMGR32.dll:CFGMGR32.dll (00007FFBA5070000), size: 335872 (result: 0), SymType: '-deferred-', PDB: '', fileVersion: 10.0.26100.8972
C:\WINDOWS\SYSTEM32\kernel.appcore.dll:kernel.appcore.dll (00007FFBA41D0000), size: 110592 (result: 0), SymType: '-deferred-', PDB: '', fileVersion: 10.0.26100.8737
C:\WINDOWS\System32\bcryptPrimitives.dll:bcryptPrimitives.dll (00007FFBA56A0000), size: 704512 (result: 0), SymType: '-deferred-', PDB: '', fileVersion: 10.0.26100.9168
C:\WINDOWS\system32\uxtheme.dll:uxtheme.dll (00007FFBA1FF0000), size: 688128 (result: 0), SymType: '-deferred-', PDB: '', fileVersion: 10.0.26100.8972
C:\WINDOWS\System32\shcore.dll:shcore.dll (00007FFBA6F70000), size: 1019904 (result: 0), SymType: '-deferred-', PDB: '', fileVersion: 10.0.26100.9168
C:\WINDOWS\SYSTEM32\windows.storage.dll:windows.storage.dll (00007FFBA2F70000), size: 9023488 (result: 0), SymType: '-deferred-', PDB: '', fileVersion: 10.0.26100.9168
C:\WINDOWS\SYSTEM32\profapi.dll:profapi.dll (00007FFBA5430000), size: 167936 (result: 0), SymType: '-deferred-', PDB: '', fileVersion: 10.0.26100.9168
C:\Program Files (x86)\Steam\steamapps\common\RimWorld\MonoBleedingEdge\EmbedRuntime\mono-2.0-bdwgc.dll:mono-2.0-bdwgc.dll (00007FFAD5D10000), size: 10825728 (result: 0), SymType: '-deferred-', PDB: ''
C:\WINDOWS\SYSTEM32\iphlpapi.dll:iphlpapi.dll (00007FFBA3B60000), size: 208896 (result: 0), SymType: '-deferred-', PDB: '', fileVersion: 10.0.26100.8972
C:\WINDOWS\System32\MSCTF.dll:MSCTF.dll (00007FFBA7210000), size: 1429504 (result: 0), SymType: '-deferred-', PDB: '', fileVersion: 10.0.26100.8972
C:\WINDOWS\SYSTEM32\d3d11.dll:d3d11.dll (00007FFB9EAA0000), size: 2490368 (result: 0), SymType: '-deferred-', PDB: '', fileVersion: 10.0.26100.8972
C:\WINDOWS\SYSTEM32\dxgi.dll:dxgi.dll (00007FFBA2110000), size: 1286144 (result: 0), SymType: '-deferred-', PDB: '', fileVersion: 10.0.26100.9168
C:\WINDOWS\SYSTEM32\powrprof.dll:powrprof.dll (000001C0C7AD0000), size: 385024 (result: 0), SymType: '-deferred-', PDB: '', fileVersion: 10.0.26100.3912
C:\WINDOWS\SYSTEM32\UMPDC.dll:UMPDC.dll (00007FFBA5370000), size: 86016 (result: 0), SymType: '-deferred-', PDB: '', fileVersion: 10.0.26100.8972
C:\WINDOWS\SYSTEM32\directxdatabasehelper.dll:directxdatabasehelper.dll (00007FFB9A2B0000), size: 389120 (result: 0), SymType: '-deferred-', PDB: '', fileVersion: 10.0.26100.9168
C:\WINDOWS\System32\DriverStore\FileRepository\iigd_dch.inf_amd64_8790abc65238323a\igd10iumd64.dll:igd10iumd64.dll (00007FFB97CA0000), size: 3637248 (result: 0), SymType: '-deferred-', PDB: '', fileVersion: 31.0.101.3358
C:\WINDOWS\SYSTEM32\apphelp.dll:apphelp.dll (00007FFBA1DE0000), size: 651264 (result: 0), SymType: '-deferred-', PDB: '', fileVersion: 10.0.26100.9168
C:\WINDOWS\System32\DriverStore\FileRepository\iigd_dch.inf_amd64_8790abc65238323a\igd10um64xe.DLL:igd10um64xe.DLL (00007FFB96AC0000), size: 18706432 (result: 0), SymType: '-deferred-', PDB: '', fileVersion: 31.0.101.3358
C:\WINDOWS\SYSTEM32\ControlLib.dll:ControlLib.dll (00007FFB96A80000), size: 237568 (result: 0), SymType: '-deferred-', PDB: '', fileVersion: 1.0.104.0
C:\WINDOWS\SYSTEM32\DEVOBJ.dll:DEVOBJ.dll (00007FFBA5030000), size: 192512 (result: 0), SymType: '-deferred-', PDB: '', fileVersion: 10.0.26100.8972
C:\WINDOWS\System32\DriverStore\FileRepository\iigd_dch.inf_amd64_8790abc65238323a\IntelControlLib.dll:IntelControlLib.dll (00007FFB96950000), size: 462848 (result: 0), SymType: '-deferred-', PDB: '', fileVersion: 1.0.104.0
C:\WINDOWS\System32\WINTRUST.dll:WINTRUST.dll (00007FFBA5FA0000), size: 536576 (result: 0), SymType: '-deferred-', PDB: '', fileVersion: 10.0.26100.8972
C:\WINDOWS\SYSTEM32\MSASN1.dll:MSASN1.dll (00007FFBA4B20000), size: 77824 (result: 0), SymType: '-deferred-', PDB: '', fileVersion: 10.0.26100.8875
C:\WINDOWS\System32\DriverStore\FileRepository\iigd_dch.inf_amd64_8790abc65238323a\igdgmm64.dll:igdgmm64.dll (00007FFB963F0000), size: 4268032 (result: 0), SymType: '-deferred-', PDB: '', fileVersion: 31.0.101.3358
C:\WINDOWS\System32\DriverStore\FileRepository\iigd_dch.inf_amd64_8790abc65238323a\igc64.dll:igc64.dll (00007FFB91FB0000), size: 71557120 (result: 0), SymType: '-deferred-', PDB: '', fileVersion: 31.0.101.3358
C:\WINDOWS\System32\clbcatq.dll:clbcatq.dll (00007FFBA6DE0000), size: 712704 (result: 0), SymType: '-deferred-', PDB: '', fileVersion: 2001.12.10941.16384
C:\WINDOWS\system32\wbem\wbemprox.dll:wbemprox.dll (00007FFB7F310000), size: 73728 (result: 0), SymType: '-deferred-', PDB: '', fileVersion: 10.0.26100.8972
C:\WINDOWS\SYSTEM32\wbemcomn.dll:wbemcomn.dll (00007FFB820E0000), size: 499712 (result: 0), SymType: '-deferred-', PDB: '', fileVersion: 10.0.26100.7920
C:\WINDOWS\system32\wbem\wbemsvc.dll:wbemsvc.dll (00007FFB7F350000), size: 86016 (result: 0), SymType: '-deferred-', PDB: '', fileVersion: 10.0.26100.8972
C:\WINDOWS\system32\wbem\fastprox.dll:fastprox.dll (00007FFB7DE30000), size: 999424 (result: 0), SymType: '-deferred-', PDB: '', fileVersion: 10.0.26100.8972
C:\WINDOWS\SYSTEM32\amsi.dll:amsi.dll (00007FFB78380000), size: 118784 (result: 0), SymType: '-deferred-', PDB: '', fileVersion: 10.0.26100.7309
C:\WINDOWS\SYSTEM32\USERENV.dll:USERENV.dll (00007FFBA4820000), size: 204800 (result: 0), SymType: '-deferred-', PDB: '', fileVersion: 10.0.26100.9168
C:\ProgramData\Microsoft\Windows Defender\Platform\4.18.26070.9-0\MpOav.dll:MpOav.dll (00007FFB78D30000), size: 667648 (result: 0), SymType: '-deferred-', PDB: '', fileVersion: 4.18.26070.9
C:\WINDOWS\System32\MMDevApi.dll:MMDevApi.dll (00007FFB9A490000), size: 679936 (result: 0), SymType: '-deferred-', PDB: '', fileVersion: 10.0.26100.8972
C:\WINDOWS\SYSTEM32\AUDIOSES.DLL:AUDIOSES.DLL (00007FFB86690000), size: 1798144 (result: 0), SymType: '-deferred-', PDB: '', fileVersion: 10.0.26100.8972
C:\WINDOWS\SYSTEM32\resourcepolicyclient.dll:resourcepolicyclient.dll (00007FFBA27F0000), size: 81920 (result: 0), SymType: '-deferred-', PDB: '', fileVersion: 10.0.26100.8115
C:\Program Files (x86)\Steam\steamapps\common\RimWorld\RimWorldWin64_Data\Plugins\x86_64\lib_burst_generated.dll:lib_burst_generated.dll (00007FFBA1CC0000), size: 126976 (result: 0), SymType: '-deferred-', PDB: ''
C:\WINDOWS\SYSTEM32\xinput1_3.dll:xinput1_3.dll (00007FFB8EE10000), size: 196608 (result: 0), SymType: '-deferred-', PDB: '', fileVersion: 10.0.26200.1
C:\WINDOWS\SYSTEM32\dcomp.dll:dcomp.dll (00007FFB9ED30000), size: 2248704 (result: 0), SymType: '-deferred-', PDB: '', fileVersion: 10.0.26100.8972
C:\WINDOWS\SYSTEM32\Microsoft.Internal.WarpPal.dll:Microsoft.Internal.WarpPal.dll (00007FFB9E110000), size: 102400 (result: 0), SymType: '-deferred-', PDB: ''
C:\WINDOWS\SYSTEM32\textinputframework.dll:textinputframework.dll (00007FFB75F80000), size: 1335296 (result: 0), SymType: '-deferred-', PDB: '', fileVersion: 10.0.26100.8972
C:\WINDOWS\system32\Oleacc.dll:Oleacc.dll (00007FFB87E30000), size: 479232 (result: 0), SymType: '-deferred-', PDB: '', fileVersion: 7.2.26100.8972
C:\Program Files (x86)\Steam\steamapps\common\RimWorld\RimWorldWin64_Data\Plugins\x86_64\steam_api64.dll:steam_api64.dll (00007FFB6C660000), size: 311296 (result: 0), SymType: '-deferred-', PDB: '', fileVersion: 6.91.21.57
C:\Program Files (x86)\Steam\steamclient64.dll:steamclient64.dll (00007FFAE8C00000), size: 26624000 (result: 0), SymType: '-deferred-', PDB: '', fileVersion: 10.87.82.64
C:\WINDOWS\System32\imagehlp.dll:imagehlp.dll (00007FFBA6BA0000), size: 131072 (result: 0), SymType: '-deferred-', PDB: '', fileVersion: 10.0.26100.4202
C:\Program Files (x86)\Steam\tier0_s64.dll:tier0_s64.dll (00007FFB18600000), size: 3203072 (result: 0), SymType: '-deferred-', PDB: '', fileVersion: 10.87.82.64
C:\Program Files (x86)\Steam\vstdlib_s64.dll:vstdlib_s64.dll (00007FFB6C6B0000), size: 798720 (result: 0), SymType: '-deferred-', PDB: '', fileVersion: 10.87.82.64
C:\WINDOWS\SYSTEM32\Secur32.dll:Secur32.dll (00007FFBA1D90000), size: 53248 (result: 0), SymType: '-deferred-', PDB: '', fileVersion: 10.0.26100.7705
C:\WINDOWS\SYSTEM32\MSWSOCK.dll:MSWSOCK.dll (00007FFBA4760000), size: 442368 (result: 0), SymType: '-deferred-', PDB: '', fileVersion: 10.0.26100.9168
C:\WINDOWS\SYSTEM32\SSPICLI.DLL:SSPICLI.DLL (00007FFBA4480000), size: 299008 (result: 0), SymType: '-deferred-', PDB: '', fileVersion: 10.0.26100.8972
C:\WINDOWS\SYSTEM32\CRYPTBASE.DLL:CRYPTBASE.DLL (00007FFBA4AA0000), size: 49152 (result: 0), SymType: '-deferred-', PDB: '', fileVersion: 10.0.26100.8875
C:\Windows\System32\Windows.UI.dll:Windows.UI.dll (00007FFB7E250000), size: 1413120 (result: 0), SymType: '-deferred-', PDB: '', fileVersion: 10.0.26100.8972
C:\WINDOWS\SYSTEM32\TextShaping.dll:TextShaping.dll (00007FFB78C70000), size: 745472 (result: 0), SymType: '-deferred-', PDB: '', fileVersion: 10.0.26100.8972
C:\WINDOWS\SYSTEM32\Msacm32.DLL:Msacm32.DLL (00007FFAAA990000), size: 135168 (result: 0), SymType: '-deferred-', PDB: '', fileVersion: 10.0.26100.7019
C:\WINDOWS\SYSTEM32\winmmbase.dll:winmmbase.dll (00007FFB8E730000), size: 225280 (result: 0), SymType: '-deferred-', PDB: '', fileVersion: 10.0.26100.8972
C:\WINDOWS\SYSTEM32\imaadp32.acm:imaadp32.acm (00007FFB83340000), size: 57344 (result: 0), SymType: '-deferred-', PDB: '', fileVersion: 10.0.26100.1150
C:\WINDOWS\SYSTEM32\msadp32.acm:msadp32.acm (00007FFB6C550000), size: 53248 (result: 0), SymType: '-deferred-', PDB: '', fileVersion: 10.0.26100.1150
C:\WINDOWS\SYSTEM32\msg711.acm:msg711.acm (00007FFB8F530000), size: 45056 (result: 0), SymType: '-deferred-', PDB: '', fileVersion: 10.0.26100.1150
C:\WINDOWS\SYSTEM32\msgsm32.acm:msgsm32.acm (00007FFB1BF30000), size: 61440 (result: 0), SymType: '-deferred-', PDB: '', fileVersion: 10.0.26100.1882
C:\Windows\System32\l3codeca.acm:l3codeca.acm (00007FFAD7340000), size: 118784 (result: 0), SymType: '-deferred-', PDB: '', fileVersion: 1.9.0.401
C:\WINDOWS\System32\NSI.dll:NSI.dll (00007FFBA7F60000), size: 40960 (result: 0), SymType: '-deferred-', PDB: '', fileVersion: 10.0.26100.8875
C:\WINDOWS\SYSTEM32\dhcpcsvc6.DLL:dhcpcsvc6.DLL (00007FFB9BFE0000), size: 118784 (result: 0), SymType: '-deferred-', PDB: '', fileVersion: 10.0.26100.9168
C:\WINDOWS\SYSTEM32\dhcpcsvc.DLL:dhcpcsvc.DLL (00007FFB9BEE0000), size: 151552 (result: 0), SymType: '-deferred-', PDB: '', fileVersion: 10.0.26100.9168
C:\WINDOWS\SYSTEM32\CRYPTSP.dll:CRYPTSP.dll (00007FFBA4A80000), size: 110592 (result: 0), SymType: '-deferred-', PDB: '', fileVersion: 10.0.26100.8875
C:\WINDOWS\system32\rsaenh.dll:rsaenh.dll (00007FFBA4130000), size: 233472 (result: 0), SymType: '-deferred-', PDB: '', fileVersion: 10.0.26100.7705
C:\WINDOWS\SYSTEM32\DNSAPI.dll:DNSAPI.dll (00007FFBA3BA0000), size: 1409024 (result: 0), SymType: '-deferred-', PDB: '', fileVersion: 10.0.26100.9168
C:\WINDOWS\SYSTEM32\DSPARSE.dll:DSPARSE.dll (00007FFBA4580000), size: 53248 (result: 0), SymType: '-deferred-', PDB: '', fileVersion: 10.0.26100.1
C:\Windows\System32\rasadhlp.dll:rasadhlp.dll (00007FFB9B060000), size: 45056 (result: 0), SymType: '-deferred-', PDB: '', fileVersion: 10.0.26100.7920
C:\WINDOWS\System32\fwpuclnt.dll:fwpuclnt.dll (00007FFB9C3D0000), size: 548864 (result: 0), SymType: '-deferred-', PDB: '', fileVersion: 10.0.26100.8972
C:\WINDOWS\SYSTEM32\gpapi.dll:gpapi.dll (00007FFBA47F0000), size: 151552 (result: 0), SymType: '-deferred-', PDB: '', fileVersion: 10.0.26100.8972
C:\WINDOWS\SYSTEM32\CoreMessaging.dll:CoreMessaging.dll (00007FFBA1AE0000), size: 1224704 (result: 0), SymType: '-deferred-', PDB: '', fileVersion: 10.0.26100.8972
C:\WINDOWS\SYSTEM32\CoreUIComponents.dll:CoreUIComponents.dll (00007FFB99880000), size: 3031040 (result: 0), SymType: '-deferred-', PDB: '', fileVersion: 10.0.26100.9168
C:\WINDOWS\SYSTEM32\wintypes.dll:wintypes.dll (00007FFB9C5F0000), size: 1482752 (result: 0), SymType: '-deferred-', PDB: '', fileVersion: 10.0.26100.9168
C:\WINDOWS\SYSTEM32\dbghelp.dll:dbghelp.dll (00007FFBA2A60000), size: 2367488 (result: 0), SymType: '-deferred-', PDB: '', fileVersion: 10.0.26100.8328

========== OUTPUTTING STACK TRACE ==================

0x00007FFAC0B5470E (UnityPlayer) UnityMain
SymInit: Symbol-SearchPath: '.;C:\Program Files (x86)\Steam\steamapps\common\RimWorld;C:/Program Files (x86)/Steam/steamapps/common/RimWorld/RimWorldWin64_Data/Plugins\x86_64;C:/Program Files (x86)/Steam/steamapps/common/RimWorld/RimWorldWin64_Data/Plugins;C:\Program Files (x86)\Steam\steamapps\common\RimWorld;C:\WINDOWS;C:\WINDOWS\system32;', symOptions: 534, UserName: 'deima'
OS-Version: 10.0.0
C:\Program Files (x86)\Steam\steamapps\common\RimWorld\RimWorldWin64.exe:RimWorldWin64.exe (00007FF7502B0000), size: 688128 (result: 0), SymType: '-exported-', PDB: 'C:\Program Files (x86)\Steam\steamapps\common\RimWorld\RimWorldWin64.exe', fileVersion: 2022.3.35.4614
C:\WINDOWS\SYSTEM32\ntdll.dll:ntdll.dll (00007FFBA8300000), size: 2514944 (result: 0), SymType: '-exported-', PDB: 'C:\WINDOWS\SYSTEM32\ntdll.dll', fileVersion: 10.0.26100.8972
C:\WINDOWS\System32\KERNEL32.DLL:KERNEL32.DLL (00007FFBA6D10000), size: 823296 (result: 0), SymType: '-exported-', PDB: 'C:\WINDOWS\System32\KERNEL32.DLL', fileVersion: 10.0.26100.9168
C:\WINDOWS\System32\KERNELBASE.dll:KERNELBASE.dll (00007FFBA5760000), size: 4190208 (result: 0), SymType: '-exported-', PDB: 'C:\WINDOWS\System32\KERNELBASE.dll', fileVersion: 10.0.26100.9168
C:\Program Files (x86)\Steam\steamapps\common\RimWorld\UnityPlayer.dll:UnityPlayer.dll (00007FFABF8F0000), size: 31911936 (result: 0), SymType: '-exported-', PDB: 'C:\Program Files (x86)\Steam\steamapps\common\RimWorld\UnityPlayer.dll', fileVersion: 2022.3.35.4614
C:\WINDOWS\System32\USER32.dll:USER32.dll (00007FFBA8070000), size: 1859584 (result: 0), SymType: '-exported-', PDB: 'C:\WINDOWS\System32\USER32.dll', fileVersion: 10.0.26100.8972
C:\WINDOWS\System32\win32u.dll:win32u.dll (00007FFBA5B70000), size: 159744 (result: 0), SymType: '-exported-', PDB: 'C:\WINDOWS\System32\win32u.dll', fileVersion: 10.0.26100.9168
C:\WINDOWS\System32\GDI32.dll:GDI32.dll (00007FFBA6920000), size: 176128 (result: 0), SymType: '-exported-', PDB: 'C:\WINDOWS\System32\GDI32.dll', fileVersion: 10.0.26100.8328
C:\WINDOWS\System32\gdi32full.dll:gdi32full.dll (00007FFBA5DC0000), size: 1216512 (result: 0), SymType: '-exported-', PDB: 'C:\WINDOWS\System32\gdi32full.dll', fileVersion: 10.0.26100.9168
C:\WINDOWS\System32\msvcp_win.dll:msvcp_win.dll (00007FFBA5EF0000), size: 667648 (result: 0), SymType: '-exported-', PDB: 'C:\WINDOWS\System32\msvcp_win.dll', fileVersion: 10.0.26100.8875
C:\WINDOWS\System32\ucrtbase.dll:ucrtbase.dll (00007FFBA5C60000), size: 1359872 (result: 0), SymType: '-exported-', PDB: 'C:\WINDOWS\System32\ucrtbase.dll', fileVersion: 10.0.26100.8875
C:\WINDOWS\System32\ole32.dll:ole32.dll (00007FFBA7070000), size: 1675264 (result: 0), SymType: '-exported-', PDB: 'C:\WINDOWS\System32\ole32.dll', fileVersion: 10.0.26100.8972
C:\WINDOWS\System32\combase.dll:combase.dll (00007FFBA7410000), size: 3690496 (result: 0), SymType: '-exported-', PDB: 'C:\WINDOWS\System32\combase.dll', fileVersion: 10.0.26100.9168
C:\WINDOWS\System32\RPCRT4.dll:RPCRT4.dll (00007FFBA6BF0000), size: 1146880 (result: 0), SymType: '-exported-', PDB: 'C:\WINDOWS\System32\RPCRT4.dll', fileVersion: 10.0.26100.9168
C:\WINDOWS\System32\SHLWAPI.dll:SHLWAPI.dll (00007FFBA8240000), size: 417792 (result: 0), SymType: '-exported-', PDB: 'C:\WINDOWS\System32\SHLWAPI.dll', fileVersion: 10.0.26100.8972
C:\WINDOWS\System32\SETUPAPI.dll:SETUPAPI.dll (00007FFBA7850000), size: 4747264 (result: 0), SymType: '-exported-', PDB: 'C:\WINDOWS\System32\SETUPAPI.dll', fileVersion: 10.0.26100.8972
C:\WINDOWS\SYSTEM32\VERSION.dll:VERSION.dll (00007FFB90C90000), size: 45056 (result: 0), SymType: '-exported-', PDB: 'C:\WINDOWS\SYSTEM32\VERSION.dll', fileVersion: 10.0.26100.1150
C:\WINDOWS\System32\msvcrt.dll:msvcrt.dll (00007FFBA77A0000), size: 692224 (result: 0), SymType: '-exported-', PDB: 'C:\WINDOWS\System32\msvcrt.dll', fileVersion: 7.0.26100.8875
C:\WINDOWS\System32\ADVAPI32.dll:ADVAPI32.dll (00007FFBA6EA0000), size: 770048 (result: 0), SymType: '-exported-', PDB: 'C:\WINDOWS\System32\ADVAPI32.dll', fileVersion: 10.0.26100.9168
C:\WINDOWS\System32\sechost.dll:sechost.dll (00007FFBA7D90000), size: 696320 (result: 0), SymType: '-exported-', PDB: 'C:\WINDOWS\System32\sechost.dll', fileVersion: 10.0.26100.9168
C:\WINDOWS\System32\SHELL32.dll:SHELL32.dll (00007FFBA6190000), size: 7897088 (result: 0), SymType: '-exported-', PDB: 'C:\WINDOWS\System32\SHELL32.dll', fileVersion: 10.0.26100.9168
C:\WINDOWS\System32\OLEAUT32.dll:OLEAUT32.dll (00007FFBA7E40000), size: 888832 (result: 0), SymType: '-exported-', PDB: 'C:\WINDOWS\System32\OLEAUT32.dll', fileVersion: 10.0.26100.8972
C:\WINDOWS\System32\IMM32.dll:IMM32.dll (00007FFBA7F20000), size: 204800 (result: 0), SymType: '-exported-', PDB: 'C:\WINDOWS\System32\IMM32.dll', fileVersion: 10.0.26100.8521
C:\WINDOWS\SYSTEM32\OPENGL32.dll:OPENGL32.dll (00007FFB1C610000), size: 1097728 (result: 0), SymType: '-exported-', PDB: 'C:\WINDOWS\SYSTEM32\OPENGL32.dll', fileVersion: 10.0.26100.8972
C:\WINDOWS\SYSTEM32\WINMM.dll:WINMM.dll (00007FFB88A70000), size: 221184 (result: 0), SymType: '-exported-', PDB: 'C:\WINDOWS\SYSTEM32\WINMM.dll', fileVersion: 10.0.26100.8972
C:\WINDOWS\System32\CRYPT32.dll:CRYPT32.dll (00007FFBA5510000), size: 1564672 (result: 0), SymType: '-exported-', PDB: 'C:\WINDOWS\System32\CRYPT32.dll', fileVersion: 10.0.26100.8972
C:\WINDOWS\System32\WS2_32.dll:WS2_32.dll (00007FFBA7D00000), size: 532480 (result: 0), SymType: '-exported-', PDB: 'C:\WINDOWS\System32\WS2_32.dll', fileVersion: 10.0.26100.8972
C:\WINDOWS\SYSTEM32\bcrypt.dll:bcrypt.dll (00007FFBA5400000), size: 172032 (result: 0), SymType: '-exported-', PDB: 'C:\WINDOWS\SYSTEM32\bcrypt.dll', fileVersion: 10.0.26100.9168
C:\WINDOWS\SYSTEM32\WINHTTP.dll:WINHTTP.dll (00007FFB9B280000), size: 1212416 (result: 0), SymType: '-exported-', PDB: 'C:\WINDOWS\SYSTEM32\WINHTTP.dll', fileVersion: 10.0.26100.9168
C:\WINDOWS\SYSTEM32\HID.DLL:HID.DLL (00007FFBA3810000), size: 61440 (result: 0), SymType: '-exported-', PDB: 'C:\WINDOWS\SYSTEM32\HID.DLL', fileVersion: 10.0.26100.1150
C:\WINDOWS\SYSTEM32\GLU32.dll:GLU32.dll (00007FFB8BDE0000), size: 184320 (result: 0), SymType: '-exported-', PDB: 'C:\WINDOWS\SYSTEM32\GLU32.dll', fileVersion: 10.0.26100.1150
C:\WINDOWS\SYSTEM32\dwmapi.dll:dwmapi.dll (00007FFBA2270000), size: 192512 (result: 0), SymType: '-exported-', PDB: 'C:\WINDOWS\SYSTEM32\dwmapi.dll', fileVersion: 10.0.26100.8972
C:\WINDOWS\SYSTEM32\dxcore.dll:dxcore.dll (00007FFBA20C0000), size: 282624 (result: 0), SymType: '-exported-', PDB: 'C:\WINDOWS\SYSTEM32\dxcore.dll', fileVersion: 10.0.26100.8972
C:\Program Files (x86)\Steam\gameoverlayrenderer64.dll:gameoverlayrenderer64.dll (00007FFAD6770000), size: 1798144 (result: 0), SymType: '-exported-', PDB: 'C:\Program Files (x86)\Steam\gameoverlayrenderer64.dll', fileVersion: 10.87.82.64
C:\WINDOWS\System32\PSAPI.DLL:PSAPI.DLL (00007FFBA6B30000), size: 32768 (result: 0), SymType: '-exported-', PDB: 'C:\WINDOWS\System32\PSAPI.DLL', fileVersion: 10.0.26100.8521
C:\WINDOWS\SYSTEM32\CFGMGR32.dll:CFGMGR32.dll (00007FFBA5070000), size: 335872 (result: 0), SymType: '-exported-', PDB: 'C:\WINDOWS\SYSTEM32\CFGMGR32.dll', fileVersion: 10.0.26100.8972
C:\WINDOWS\SYSTEM32\kernel.appcore.dll:kernel.appcore.dll (00007FFBA41D0000), size: 110592 (result: 0), SymType: '-exported-', PDB: 'C:\WINDOWS\SYSTEM32\kernel.appcore.dll', fileVersion: 10.0.26100.8737
C:\WINDOWS\System32\bcryptPrimitives.dll:bcryptPrimitives.dll (00007FFBA56A0000), size: 704512 (result: 0), SymType: '-exported-', PDB: 'C:\WINDOWS\System32\bcryptPrimitives.dll', fileVersion: 10.0.26100.9168
C:\WINDOWS\system32\uxtheme.dll:uxtheme.dll (00007FFBA1FF0000), size: 688128 (result: 0), SymType: '-exported-', PDB: 'C:\WINDOWS\system32\uxtheme.dll', fileVersion: 10.0.26100.8972
C:\WINDOWS\System32\shcore.dll:shcore.dll (00007FFBA6F70000), size: 1019904 (result: 0), SymType: '-exported-', PDB: 'C:\WINDOWS\System32\shcore.dll', fileVersion: 10.0.26100.9168
C:\WINDOWS\SYSTEM32\windows.storage.dll:windows.storage.dll (00007FFBA2F70000), size: 9023488 (result: 0), SymType: '-exported-', PDB: 'C:\WINDOWS\SYSTEM32\windows.storage.dll', fileVersion: 10.0.26100.9168
C:\WINDOWS\SYSTEM32\profapi.dll:profapi.dll (00007FFBA5430000), size: 167936 (result: 0), SymType: '-nosymbols-', PDB: 'C:\WINDOWS\SYSTEM32\profapi.dll', fileVersion: 10.0.26100.9168
C:\Program Files (x86)\Steam\steamapps\common\RimWorld\MonoBleedingEdge\EmbedRuntime\mono-2.0-bdwgc.dll:mono-2.0-bdwgc.dll (00007FFAD5D10000), size: 10825728 (result: 0), SymType: '-exported-', PDB: 'C:\Program Files (x86)\Steam\steamapps\common\RimWorld\MonoBleedingEdge\EmbedRuntime\mono-2.0-bdwgc.dll'
C:\WINDOWS\SYSTEM32\iphlpapi.dll:iphlpapi.dll (00007FFBA3B60000), size: 208896 (result: 0), SymType: '-exported-', PDB: 'C:\WINDOWS\SYSTEM32\iphlpapi.dll', fileVersion: 10.0.26100.8972
C:\WINDOWS\System32\MSCTF.dll:MSCTF.dll (00007FFBA7210000), size: 1429504 (result: 0), SymType: '-exported-', PDB: 'C:\WINDOWS\System32\MSCTF.dll', fileVersion: 10.0.26100.8972
C:\WINDOWS\SYSTEM32\d3d11.dll:d3d11.dll (00007FFB9EAA0000), size: 2490368 (result: 0), SymType: '-exported-', PDB: 'C:\WINDOWS\SYSTEM32\d3d11.dll', fileVersion: 10.0.26100.8972
C:\WINDOWS\SYSTEM32\dxgi.dll:dxgi.dll (00007FFBA2110000), size: 1286144 (result: 0), SymType: '-exported-', PDB: 'C:\WINDOWS\SYSTEM32\dxgi.dll', fileVersion: 10.0.26100.9168
C:\WINDOWS\SYSTEM32\powrprof.dll:powrprof.dll (000001C0C7AD0000), size: 385024 (result: 0), SymType: '-exported-', PDB: 'C:\WINDOWS\SYSTEM32\powrprof.dll', fileVersion: 10.0.26100.3912
C:\WINDOWS\SYSTEM32\UMPDC.dll:UMPDC.dll (00007FFBA5370000), size: 86016 (result: 0), SymType: '-exported-', PDB: 'C:\WINDOWS\SYSTEM32\UMPDC.dll', fileVersion: 10.0.26100.8972
C:\WINDOWS\SYSTEM32\directxdatabasehelper.dll:directxdatabasehelper.dll (00007FFB9A2B0000), size: 389120 (result: 0), SymType: '-nosymbols-', PDB: 'C:\WINDOWS\SYSTEM32\directxdatabasehelper.dll', fileVersion: 10.0.26100.9168
C:\WINDOWS\System32\DriverStore\FileRepository\iigd_dch.inf_amd64_8790abc65238323a\igd10iumd64.dll:igd10iumd64.dll (00007FFB97CA0000), size: 3637248 (result: 0), SymType: '-exported-', PDB: 'C:\WINDOWS\System32\DriverStore\FileRepository\iigd_dch.inf_amd64_8790abc65238323a\igd10iumd64.dll', fileVersion: 31.0.101.3358
C:\WINDOWS\SYSTEM32\apphelp.dll:apphelp.dll (00007FFBA1DE0000), size: 651264 (result: 0), SymType: '-exported-', PDB: 'C:\WINDOWS\SYSTEM32\apphelp.dll', fileVersion: 10.0.26100.9168
C:\WINDOWS\System32\DriverStore\FileRepository\iigd_dch.inf_amd64_8790abc65238323a\igd10um64xe.DLL:igd10um64xe.DLL (00007FFB96AC0000), size: 18706432 (result: 0), SymType: '-exported-', PDB: 'C:\WINDOWS\System32\DriverStore\FileRepository\iigd_dch.inf_amd64_8790abc65238323a\igd10um64xe.DLL', fileVersion: 31.0.101.3358
C:\WINDOWS\SYSTEM32\ControlLib.dll:ControlLib.dll (00007FFB96A80000), size: 237568 (result: 0), SymType: '-exported-', PDB: 'C:\WINDOWS\SYSTEM32\ControlLib.dll', fileVersion: 1.0.104.0
C:\WINDOWS\SYSTEM32\DEVOBJ.dll:DEVOBJ.dll (00007FFBA5030000), size: 192512 (result: 0), SymType: '-exported-', PDB: 'C:\WINDOWS\SYSTEM32\DEVOBJ.dll', fileVersion: 10.0.26100.8972
C:\WINDOWS\System32\DriverStore\FileRepository\iigd_dch.inf_amd64_8790abc65238323a\IntelControlLib.dll:IntelControlLib.dll (00007FFB96950000), size: 462848 (result: 0), SymType: '-exported-', PDB: 'C:\WINDOWS\System32\DriverStore\FileRepository\iigd_dch.inf_amd64_8790abc65238323a\IntelControlLib.dll', fileVersion: 1.0.104.0
C:\WINDOWS\System32\WINTRUST.dll:WINTRUST.dll (00007FFBA5FA0000), size: 536576 (result: 0), SymType: '-exported-', PDB: 'C:\WINDOWS\System32\WINTRUST.dll', fileVersion: 10.0.26100.8972
C:\WINDOWS\SYSTEM32\MSASN1.dll:MSASN1.dll (00007FFBA4B20000), size: 77824 (result: 0), SymType: '-exported-', PDB: 'C:\WINDOWS\SYSTEM32\MSASN1.dll', fileVersion: 10.0.26100.8875
C:\WINDOWS\System32\DriverStore\FileRepository\iigd_dch.inf_amd64_8790abc65238323a\igdgmm64.dll:igdgmm64.dll (00007FFB963F0000), size: 4268032 (result: 0), SymType: '-exported-', PDB: 'C:\WINDOWS\System32\DriverStore\FileRepository\iigd_dch.inf_amd64_8790abc65238323a\igdgmm64.dll', fileVersion: 31.0.101.3358
C:\WINDOWS\System32\DriverStore\FileRepository\iigd_dch.inf_amd64_8790abc65238323a\igc64.dll:igc64.dll (00007FFB91FB0000), size: 71557120 (result: 0), SymType: '-exported-', PDB: 'C:\WINDOWS\System32\DriverStore\FileRepository\iigd_dch.inf_amd64_8790abc65238323a\igc64.dll', fileVersion: 31.0.101.3358
C:\WINDOWS\System32\clbcatq.dll:clbcatq.dll (00007FFBA6DE0000), size: 712704 (result: 0), SymType: '-exported-', PDB: 'C:\WINDOWS\System32\clbcatq.dll', fileVersion: 2001.12.10941.16384
C:\WINDOWS\system32\wbem\wbemprox.dll:wbemprox.dll (00007FFB7F310000), size: 73728 (result: 0), SymType: '-exported-', PDB: 'C:\WINDOWS\system32\wbem\wbemprox.dll', fileVersion: 10.0.26100.8972
C:\WINDOWS\SYSTEM32\wbemcomn.dll:wbemcomn.dll (00007FFB820E0000), size: 499712 (result: 0), SymType: '-exported-', PDB: 'C:\WINDOWS\SYSTEM32\wbemcomn.dll', fileVersion: 10.0.26100.7920
C:\WINDOWS\system32\wbem\wbemsvc.dll:wbemsvc.dll (00007FFB7F350000), size: 86016 (result: 0), SymType: '-exported-', PDB: 'C:\WINDOWS\system32\wbem\wbemsvc.dll', fileVersion: 10.0.26100.8972
C:\WINDOWS\system32\wbem\fastprox.dll:fastprox.dll (00007FFB7DE30000), size: 999424 (result: 0), SymType: '-exported-', PDB: 'C:\WINDOWS\system32\wbem\fastprox.dll', fileVersion: 10.0.26100.8972
C:\WINDOWS\SYSTEM32\amsi.dll:amsi.dll (00007FFB78380000), size: 118784 (result: 0), SymType: '-exported-', PDB: 'C:\WINDOWS\SYSTEM32\amsi.dll', fileVersion: 10.0.26100.7309
C:\WINDOWS\SYSTEM32\USERENV.dll:USERENV.dll (00007FFBA4820000), size: 204800 (result: 0), SymType: '-exported-', PDB: 'C:\WINDOWS\SYSTEM32\USERENV.dll', fileVersion: 10.0.26100.9168
C:\ProgramData\Microsoft\Windows Defender\Platform\4.18.26070.9-0\MpOav.dll:MpOav.dll (00007FFB78D30000), size: 667648 (result: 0), SymType: '-exported-', PDB: 'C:\ProgramData\Microsoft\Windows Defender\Platform\4.18.26070.9-0\MpOav.dll', fileVersion: 4.18.26070.9
C:\WINDOWS\System32\MMDevApi.dll:MMDevApi.dll (00007FFB9A490000), size: 679936 (result: 0), SymType: '-exported-', PDB: 'C:\WINDOWS\System32\MMDevApi.dll', fileVersion: 10.0.26100.8972
C:\WINDOWS\SYSTEM32\AUDIOSES.DLL:AUDIOSES.DLL (00007FFB86690000), size: 1798144 (result: 0), SymType: '-exported-', PDB: 'C:\WINDOWS\SYSTEM32\AUDIOSES.DLL', fileVersion: 10.0.26100.8972
C:\WINDOWS\SYSTEM32\resourcepolicyclient.dll:resourcepolicyclient.dll (00007FFBA27F0000), size: 81920 (result: 0), SymType: '-exported-', PDB: 'C:\WINDOWS\SYSTEM32\resourcepolicyclient.dll', fileVersion: 10.0.26100.8115
C:\Program Files (x86)\Steam\steamapps\common\RimWorld\RimWorldWin64_Data\Plugins\x86_64\lib_burst_generated.dll:lib_burst_generated.dll (00007FFBA1CC0000), size: 126976 (result: 0), SymType: '-exported-', PDB: 'C:\Program Files (x86)\Steam\steamapps\common\RimWorld\RimWorldWin64_Data\Plugins\x86_64\lib_burst_generated.dll'
C:\WINDOWS\SYSTEM32\xinput1_3.dll:xinput1_3.dll (00007FFB8EE10000), size: 196608 (result: 0), SymType: '-exported-', PDB: 'C:\WINDOWS\SYSTEM32\xinput1_3.dll', fileVersion: 10.0.26200.1
C:\WINDOWS\SYSTEM32\dcomp.dll:dcomp.dll (00007FFB9ED30000), size: 2248704 (result: 0), SymType: '-exported-', PDB: 'C:\WINDOWS\SYSTEM32\dcomp.dll', fileVersion: 10.0.26100.8972
C:\WINDOWS\SYSTEM32\Microsoft.Internal.WarpPal.dll:Microsoft.Internal.WarpPal.dll (00007FFB9E110000), size: 102400 (result: 0), SymType: '-exported-', PDB: 'C:\WINDOWS\SYSTEM32\Microsoft.Internal.WarpPal.dll'
C:\WINDOWS\SYSTEM32\textinputframework.dll:textinputframework.dll (00007FFB75F80000), size: 1335296 (result: 0), SymType: '-exported-', PDB: 'C:\WINDOWS\SYSTEM32\textinputframework.dll', fileVersion: 10.0.26100.8972
C:\WINDOWS\system32\Oleacc.dll:Oleacc.dll (00007FFB87E30000), size: 479232 (result: 0), SymType: '-exported-', PDB: 'C:\WINDOWS\system32\Oleacc.dll', fileVersion: 7.2.26100.8972
C:\Program Files (x86)\Steam\steamapps\common\RimWorld\RimWorldWin64_Data\Plugins\x86_64\steam_api64.dll:steam_api64.dll (00007FFB6C660000), size: 311296 (result: 0), SymType: '-exported-', PDB: 'C:\Program Files (x86)\Steam\steamapps\common\RimWorld\RimWorldWin64_Data\Plugins\x86_64\steam_api64.dll', fileVersion: 6.91.21.57
C:\Program Files (x86)\Steam\steamclient64.dll:steamclient64.dll (00007FFAE8C00000), size: 26624000 (result: 0), SymType: '-exported-', PDB: 'C:\Program Files (x86)\Steam\steamclient64.dll', fileVersion: 10.87.82.64
C:\WINDOWS\System32\imagehlp.dll:imagehlp.dll (00007FFBA6BA0000), size: 131072 (result: 0), SymType: '-exported-', PDB: 'C:\WINDOWS\System32\imagehlp.dll', fileVersion: 10.0.26100.4202
C:\Program Files (x86)\Steam\tier0_s64.dll:tier0_s64.dll (00007FFB18600000), size: 3203072 (result: 0), SymType: '-exported-', PDB: 'C:\Program Files (x86)\Steam\tier0_s64.dll', fileVersion: 10.87.82.64
C:\Program Files (x86)\Steam\vstdlib_s64.dll:vstdlib_s64.dll (00007FFB6C6B0000), size: 798720 (result: 0), SymType: '-exported-', PDB: 'C:\Program Files (x86)\Steam\vstdlib_s64.dll', fileVersion: 10.87.82.64
C:\WINDOWS\SYSTEM32\Secur32.dll:Secur32.dll (00007FFBA1D90000), size: 53248 (result: 0), SymType: '-exported-', PDB: 'C:\WINDOWS\SYSTEM32\Secur32.dll', fileVersion: 10.0.26100.7705
C:\WINDOWS\SYSTEM32\MSWSOCK.dll:MSWSOCK.dll (00007FFBA4760000), size: 442368 (result: 0), SymType: '-exported-', PDB: 'C:\WINDOWS\SYSTEM32\MSWSOCK.dll', fileVersion: 10.0.26100.9168
C:\WINDOWS\SYSTEM32\SSPICLI.DLL:SSPICLI.DLL (00007FFBA4480000), size: 299008 (result: 0), SymType: '-exported-', PDB: 'C:\WINDOWS\SYSTEM32\SSPICLI.DLL', fileVersion: 10.0.26100.8972
C:\WINDOWS\SYSTEM32\CRYPTBASE.DLL:CRYPTBASE.DLL (00007FFBA4AA0000), size: 49152 (result: 0), SymType: '-exported-', PDB: 'C:\WINDOWS\SYSTEM32\CRYPTBASE.DLL', fileVersion: 10.0.26100.8875
C:\Windows\System32\Windows.UI.dll:Windows.UI.dll (00007FFB7E250000), size: 1413120 (result: 0), SymType: '-exported-', PDB: 'C:\Windows\System32\Windows.UI.dll', fileVersion: 10.0.26100.8972
C:\WINDOWS\SYSTEM32\TextShaping.dll:TextShaping.dll (00007FFB78C70000), size: 745472 (result: 0), SymType: '-exported-', PDB: 'C:\WINDOWS\SYSTEM32\TextShaping.dll', fileVersion: 10.0.26100.8972
C:\WINDOWS\SYSTEM32\Msacm32.DLL:Msacm32.DLL (00007FFAAA990000), size: 135168 (result: 0), SymType: '-exported-', PDB: 'C:\WINDOWS\SYSTEM32\Msacm32.DLL', fileVersion: 10.0.26100.7019
C:\WINDOWS\SYSTEM32\winmmbase.dll:winmmbase.dll (00007FFB8E730000), size: 225280 (result: 0), SymType: '-exported-', PDB: 'C:\WINDOWS\SYSTEM32\winmmbase.dll', fileVersion: 10.0.26100.8972
C:\WINDOWS\SYSTEM32\imaadp32.acm:imaadp32.acm (00007FFB83340000), size: 57344 (result: 0), SymType: '-exported-', PDB: 'C:\WINDOWS\SYSTEM32\imaadp32.acm', fileVersion: 10.0.26100.1150
C:\WINDOWS\SYSTEM32\msadp32.acm:msadp32.acm (00007FFB6C550000), size: 53248 (result: 0), SymType: '-exported-', PDB: 'C:\WINDOWS\SYSTEM32\msadp32.acm', fileVersion: 10.0.26100.1150
C:\WINDOWS\SYSTEM32\msg711.acm:msg711.acm (00007FFB8F530000), size: 45056 (result: 0), SymType: '-exported-', PDB: 'C:\WINDOWS\SYSTEM32\msg711.acm', fileVersion: 10.0.26100.1150
C:\WINDOWS\SYSTEM32\msgsm32.acm:msgsm32.acm (00007FFB1BF30000), size: 61440 (result: 0), SymType: '-exported-', PDB: 'C:\WINDOWS\SYSTEM32\msgsm32.acm', fileVersion: 10.0.26100.1882
C:\Windows\System32\l3codeca.acm:l3codeca.acm (00007FFAD7340000), size: 118784 (result: 0), SymType: '-exported-', PDB: 'C:\Windows\System32\l3codeca.acm', fileVersion: 1.9.0.401
C:\WINDOWS\System32\NSI.dll:NSI.dll (00007FFBA7F60000), size: 40960 (result: 0), SymType: '-exported-', PDB: 'C:\WINDOWS\System32\NSI.dll', fileVersion: 10.0.26100.8875
C:\WINDOWS\SYSTEM32\dhcpcsvc6.DLL:dhcpcsvc6.DLL (00007FFB9BFE0000), size: 118784 (result: 0), SymType: '-exported-', PDB: 'C:\WINDOWS\SYSTEM32\dhcpcsvc6.DLL', fileVersion: 10.0.26100.9168
C:\WINDOWS\SYSTEM32\dhcpcsvc.DLL:dhcpcsvc.DLL (00007FFB9BEE0000), size: 151552 (result: 0), SymType: '-exported-', PDB: 'C:\WINDOWS\SYSTEM32\dhcpcsvc.DLL', fileVersion: 10.0.26100.9168
C:\WINDOWS\SYSTEM32\CRYPTSP.dll:CRYPTSP.dll (00007FFBA4A80000), size: 110592 (result: 0), SymType: '-exported-', PDB: 'C:\WINDOWS\SYSTEM32\CRYPTSP.dll', fileVersion: 10.0.26100.8875
C:\WINDOWS\system32\rsaenh.dll:rsaenh.dll (00007FFBA4130000), size: 233472 (result: 0), SymType: '-exported-', PDB: 'C:\WINDOWS\system32\rsaenh.dll', fileVersion: 10.0.26100.7705
C:\WINDOWS\SYSTEM32\DNSAPI.dll:DNSAPI.dll (00007FFBA3BA0000), size: 1409024 (result: 0), SymType: '-exported-', PDB: 'C:\WINDOWS\SYSTEM32\DNSAPI.dll', fileVersion: 10.0.26100.9168
C:\WINDOWS\SYSTEM32\DSPARSE.dll:DSPARSE.dll (00007FFBA4580000), size: 53248 (result: 0), SymType: '-exported-', PDB: 'C:\WINDOWS\SYSTEM32\DSPARSE.dll', fileVersion: 10.0.26100.1
C:\Windows\System32\rasadhlp.dll:rasadhlp.dll (00007FFB9B060000), size: 45056 (result: 0), SymType: '-exported-', PDB: 'C:\Windows\System32\rasadhlp.dll', fileVersion: 10.0.26100.7920
C:\WINDOWS\System32\fwpuclnt.dll:fwpuclnt.dll (00007FFB9C3D0000), size: 548864 (result: 0), SymType: '-exported-', PDB: 'C:\WINDOWS\System32\fwpuclnt.dll', fileVersion: 10.0.26100.8972
C:\WINDOWS\SYSTEM32\gpapi.dll:gpapi.dll (00007FFBA47F0000), size: 151552 (result: 0), SymType: '-exported-', PDB: 'C:\WINDOWS\SYSTEM32\gpapi.dll', fileVersion: 10.0.26100.8972
C:\WINDOWS\SYSTEM32\CoreMessaging.dll:CoreMessaging.dll (00007FFBA1AE0000), size: 1224704 (result: 0), SymType: '-exported-', PDB: 'C:\WINDOWS\SYSTEM32\CoreMessaging.dll', fileVersion: 10.0.26100.8972
C:\WINDOWS\SYSTEM32\CoreUIComponents.dll:CoreUIComponents.dll (00007FFB99880000), size: 3031040 (result: 0), SymType: '-exported-', PDB: 'C:\WINDOWS\SYSTEM32\CoreUIComponents.dll', fileVersion: 10.0.26100.9168
C:\WINDOWS\SYSTEM32\wintypes.dll:wintypes.dll (00007FFB9C5F0000), size: 1482752 (result: 0), SymType: '-exported-', PDB: 'C:\WINDOWS\SYSTEM32\wintypes.dll', fileVersion: 10.0.26100.9168
C:\WINDOWS\SYSTEM32\dbghelp.dll:dbghelp.dll (00007FFBA2A60000), size: 2367488 (result: 0), SymType: '-exported-', PDB: 'C:\WINDOWS\SYSTEM32\dbghelp.dll', fileVersion: 10.0.26100.8328
  ERROR: SymGetSymFromAddr64, GetLastError: 'Попытка обращения к неверному адресу.' (Address: 00007FFABFC47BF3)
0x00007FFABFC47BF3 (UnityPlayer) (function-name not available)
  ERROR: SymGetSymFromAddr64, GetLastError: 'Попытка обращения к неверному адресу.' (Address: 00007FFABFC46306)
0x00007FFABFC46306 (UnityPlayer) (function-name not available)
  ERROR: SymGetSymFromAddr64, GetLastError: 'Попытка обращения к неверному адресу.' (Address: 00007FFABFC4B520)
0x00007FFABFC4B520 (UnityPlayer) (function-name not available)
0x00007FFAC09646EE (UnityPlayer) UnityMain
  ERROR: SymGetSymFromAddr64, GetLastError: 'Попытка обращения к неверному адресу.' (Address: 00007FFABF9C72EA)
0x00007FFABF9C72EA (UnityPlayer) (function-name not available)
0x000001C16D92EE3C (Mono JIT Code) (wrapper managed-to-native) UnityEngine.Mesh:ClearImpl (UnityEngine.Mesh,bool)
0x000001C16D92ED53 (Mono JIT Code) UnityEngine.Mesh:Clear ()
0x000001C16D92EA2B (Mono JIT Code) Verse.LayerSubMesh:FinalizeMesh (Verse.MeshParts)
0x000001C19748239B (Mono JIT Code) (wrapper dynamic-method) MonoMod.Utils.DynamicMethodDefinition:Verse.MapDrawLayer.FinalizeMesh_Patch1 (Verse.MapDrawLayer,Verse.MeshParts)
0x000001C16D9550EB (Mono JIT Code) Verse.SectionLayer_Things:Regenerate ()
0x000001C191CC9CBC (Mono JIT Code) Verse.Section:RegenerateDirtyLayers ()
0x000001C1862F4443 (Mono JIT Code) Verse.Section:DrawSection ()
0x000001C197531D33 (Mono JIT Code) (wrapper dynamic-method) MonoMod.Utils.DynamicMethodDefinition:Verse.MapDrawer.DrawMapMesh_Patch2 (Verse.MapDrawer)
0x000001C197470CEB (Mono JIT Code) (wrapper dynamic-method) MonoMod.Utils.DynamicMethodDefinition:Verse.Map.MapUpdate_Patch3 (Verse.Map)
0x000001C1972EF2AB (Mono JIT Code) (wrapper dynamic-method) MonoMod.Utils.DynamicMethodDefinition:Verse.Game.UpdatePlay_Patch3 (Verse.Game)
0x000001C17912C193 (Mono JIT Code) Verse.Root_Play:Update ()
0x000001C14A2BEED8 (Mono JIT Code) (wrapper runtime-invoke) object:runtime_invoke_void__this__ (object,intptr,intptr,intptr)
0x00007FFAD5FA4C1E (mono-2.0-bdwgc) mono_jit_set_domain
0x00007FFAD5EDD254 (mono-2.0-bdwgc) mono_object_get_virtual_method
0x00007FFAD5EDD3CC (mono-2.0-bdwgc) mono_runtime_invoke
  ERROR: SymGetSymFromAddr64, GetLastError: 'Попытка обращения к неверному адресу.' (Address: 00007FFAC006C2A6)
0x00007FFAC006C2A6 (UnityPlayer) (function-name not available)
  ERROR: SymGetSymFromAddr64, GetLastError: 'Попытка обращения к неверному адресу.' (Address: 00007FFAC006C3D1)
0x00007FFAC006C3D1 (UnityPlayer) (function-name not available)
  ERROR: SymGetSymFromAddr64, GetLastError: 'Попытка обращения к неверному адресу.' (Address: 00007FFABFD3F380)
0x00007FFABFD3F380 (UnityPlayer) (function-name not available)
  ERROR: SymGetSymFromAddr64, GetLastError: 'Попытка обращения к неверному адресу.' (Address: 00007FFABFEAB198)
0x00007FFABFEAB198 (UnityPlayer) (function-name not available)
  ERROR: SymGetSymFromAddr64, GetLastError: 'Попытка обращения к неверному адресу.' (Address: 00007FFABFEAB384)
0x00007FFABFEAB384 (UnityPlayer) (function-name not available)
  ERROR: SymGetSymFromAddr64, GetLastError: 'Попытка обращения к неверному адресу.' (Address: 00007FFABFEAB8A2)
0x00007FFABFEAB8A2 (UnityPlayer) (function-name not available)
  ERROR: SymGetSymFromAddr64, GetLastError: 'Попытка обращения к неверному адресу.' (Address: 00007FFAC00FE78B)
0x00007FFAC00FE78B (UnityPlayer) (function-name not available)
  ERROR: SymGetSymFromAddr64, GetLastError: 'Попытка обращения к неверному адресу.' (Address: 00007FFAC010118B)
0x00007FFAC010118B (UnityPlayer) (function-name not available)
  ERROR: SymGetSymFromAddr64, GetLastError: 'Попытка обращения к неверному адресу.' (Address: 00007FFAC010453B)
0x00007FFAC010453B (UnityPlayer) (function-name not available)
0x00007FFAC01047DB (UnityPlayer) UnityMain
  ERROR: SymGetSymFromAddr64, GetLastError: 'Попытка обращения к неверному адресу.' (Address: 00007FF7502B11F2)
0x00007FF7502B11F2 (RimWorldWin64) (function-name not available)
0x00007FFBA6D3CCB7 (KERNEL32) BaseThreadInitThunk
0x00007FFBA83AAD6C (ntdll) RtlUserThreadStart

========== END OF STACKTRACE ===========

A crash has been intercepted by the crash handler. For call stack and other details, see the latest crash report generated in:
 * C:/Users/deima/AppData/Local/Temp/Ludeon Studios/RimWorld by Ludeon Studios/Crashes
